t_min,Tc_K,Ca_mol_L,Ca_true,T_true,is_anomaly
0.0,294.9676538514026,0.9272364449466975,0.9269849845045107,317.7057885131111,False
0.1,294.9676538514026,0.9267207747632304,0.926984984489813,317.70578851203214,False
0.2,294.9676538514026,0.928265829778104,0.9269849844772174,317.70578851110747,False
0.30000000000000004,294.9676538514026,0.9271947847007294,0.9269849844664233,317.7057885103151,False
0.4,294.9676538514026,0.9259136457108507,0.9269849844571729,317.705788509636,False
0.5,294.9676538514026,0.9277081745590645,0.9269849844492456,317.70578850905406,False
0.6000000000000001,294.9676538514026,0.9295929845327123,0.926984984442452,317.7057885085554,False
0.7000000000000001,294.9676538514026,0.9288791463628885,0.92698498443663,317.70578850812797,False
0.8,294.9676538514026,0.9255775139600267,0.9269849844316407,317.7057885077617,False
0.9,294.9676538514026,0.9244541414852728,0.926984984427365,317.70578850744783,False
1.0,294.9676538514026,0.9257384354986261,0.9269849844237008,317.70578850717885,False
1.1,294.9676538514026,0.9270676363792552,0.9269849844205607,317.70578850694835,False
1.2000000000000002,294.9676538514026,0.9223349228685919,0.9269849844178696,317.70578850675076,False
1.3,294.9676538514026,0.9265474010876983,0.9269849844155634,317.7057885065815,False
1.4000000000000001,294.9676538514026,0.924493162519081,0.9269849844135871,317.7057885064364,False
1.5,294.9676538514026,0.9255204497024866,0.9269849844118935,317.7057885063121,False
1.6,294.9676538514026,0.9258964664447273,0.926984984410442,317.7057885062055,False
1.7000000000000002,294.9676538514026,0.9263523840964598,0.9269849844091981,317.70578850611423,False
1.8,294.9676538514026,0.9278082454808804,0.9269849844081322,317.70578850603596,False
1.9000000000000001,294.9676538514026,0.929070011146104,0.9269849844072187,317.7057885059689,False
2.0,294.9676538514026,0.9267279150805477,0.9269849844064358,317.7057885059114,False
2.1,294.9676538514026,0.9297179113468643,0.9269849844057649,317.7057885058622,False
2.2,294.9676538514026,0.9256545950582167,0.92698498440519,317.70578850581995,False
2.3000000000000003,294.9676538514026,0.9276880045448833,0.9269849844046972,317.7057885057838,False
2.4000000000000004,294.9676538514026,0.97407659689978,0.9269849844042749,317.7057885057528,True
2.5,294.9676538514026,0.9271730089994348,0.9269849844039131,317.7057885057263,False
2.6,294.9676538514026,0.9254979859048954,0.926984984403603,317.7057885057035,False
2.7,294.9676538514026,0.9251415336508204,0.9269849844033372,317.705788505684,False
2.8000000000000003,294.9676538514026,0.9260695327517748,0.9269849844031095,317.7057885056673,False
2.9000000000000004,294.9676538514026,0.9274253746498544,0.9269849844029143,317.70578850565295,False
3.0,294.9676538514026,0.9249657480356696,0.926984984402747,317.70578850564067,False
3.1,294.9676538514026,0.9265666332528603,0.9269849844026037,317.70578850563015,False
3.2,294.9676538514026,0.9266665343826518,0.9269849844024808,317.7057885056211,False
3.3000000000000003,294.9676538514026,0.9280666755717472,0.9269849844023755,317.7057885056134,False
3.4000000000000004,294.9676538514026,0.927414302647298,0.9269849844022853,317.70578850560673,False
3.5,294.9676538514026,0.9276957298202878,0.926984984402208,317.70578850560105,False
3.6,294.9676538514026,0.9256773271833051,0.9269849844021417,317.70578850559616,False
3.7,294.9676538514026,0.9267257571346994,0.926984984402085,317.705788505592,False
3.8000000000000003,294.9676538514026,0.928552935342159,0.9269849844020364,317.70578850558843,False
3.9000000000000004,294.9676538514026,0.9299718466924363,0.9269849844019947,317.70578850558536,False
4.0,294.9676538514026,0.9244668533377507,0.926984984401959,317.70578850558275,False
4.1000000000000005,294.9676538514026,0.9300128319514065,0.9269849844019283,317.70578850558053,False
4.2,294.9676538514026,0.9296767352494667,0.9269849844019021,317.7057885055786,False
4.3,294.9676538514026,0.9285476072032806,0.9269849844018797,317.70578850557695,False
4.4,294.9676538514026,0.927513895662519,0.9269849844018604,317.7057885055755,False
4.5,294.9676538514026,0.926357138772771,0.9269849844018438,317.70578850557433,False
4.6000000000000005,294.9676538514026,0.9299010257689035,0.9269849844018296,317.7057885055733,False
4.7,294.9676538514026,0.9309055010347174,0.9269849844018174,317.7057885055724,False
4.800000000000001,294.9676538514026,0.9305882541415392,0.926984984401807,317.70578850557166,False
4.9,294.9676538514026,0.9296151919312667,0.926984984401798,317.70578850557104,False
5.0,294.9676538514026,0.9276997452231083,0.9269849844017903,317.70578850557047,False
5.1000000000000005,294.9676538514026,0.9245683471372195,0.9269849844017838,317.70578850556996,False
5.2,294.9676538514026,0.9269760761355381,0.9269849844017782,317.70578850556956,False
5.300000000000001,292.45070876329817,0.9282979342719261,0.9269849844017735,317.70578850556916,False
5.4,292.45070876329817,0.9245578659248118,0.9271345888523109,317.22363669160444,False
5.5,292.45070876329817,0.9283136763306916,0.9275234322103276,316.821978926987,False
5.6000000000000005,292.45070876329817,0.9289372222588406,0.9280774948691961,316.48905964976615,False
5.7,292.45070876329817,0.9301323252962684,0.9287402398483428,316.2142840574066,False
5.800000000000001,292.45070876329817,0.9271005243175687,0.9294687602510832,315.9883215495933,False
5.9,292.45070876329817,0.9289073610003354,0.9302307661444135,315.80309261572603,False
6.0,292.45070876329817,0.9301293590215957,0.9310022295158821,315.6516892916135,False
6.1000000000000005,292.45070876329817,0.9294259385407005,0.9317655423562463,315.52826236024856,False
6.2,292.45070876329817,0.935986810027434,0.9325080742731737,315.42789633522693,False
6.300000000000001,292.45070876329817,0.9322292200237764,0.9332210414806607,315.3464849138159,False
6.4,292.45070876329817,0.9345565582629205,0.9338986190040001,315.28061402740667,False
6.5,292.45070876329817,0.9340200983039362,0.934537243394884,315.22745603231186,False
6.6000000000000005,292.45070876329817,0.9383020108700107,0.9351350651124065,315.1846763539366,False
6.7,292.45070876329817,0.9383322407773828,0.9356915188032191,315.1503525711164,False
6.800000000000001,292.45070876329817,0.9374736919181412,0.9362069866724914,315.12290519031745,False
6.9,292.45070876329817,0.9322755157279196,0.9366825354892129,315.1010389960184,False
7.0,292.45070876329817,0.9372237698533413,0.9371197119048216,315.0836937299139,False
7.1000000000000005,292.45070876329817,0.9388877563579842,0.9375203839764311,315.0700028531028,False
7.2,292.45070876329817,0.939894542446262,0.9378866192945777,315.0592592214262,False
7.300000000000001,292.45070876329817,0.9369847779953284,0.9382205920847436,315.05088661647136,False
7.4,292.45070876329817,0.9421685359319946,0.9385245132053379,315.0444162002364,False
7.5,292.45070876329817,0.9361597162553938,0.9388005781954204,315.03946708649414,False
7.6000000000000005,292.45070876329817,0.9377278734603227,0.9390509295039532,315.0357303390936,False
7.7,292.45070876329817,0.9411477297890383,0.9392776298128103,315.0329558132258,False
7.800000000000001,292.45070876329817,0.9395807532174604,0.9394826439898097,315.0309413487972,False
7.9,292.45070876329817,0.943672612875231,0.9396678277079404,315.0295239056002,False
8.0,292.45070876329817,0.9402119595530056,0.9398349211679807,315.0285722987562,False
8.1,292.45070876329817,0.9387191585032577,0.9399855466836422,315.02798125110746,False
8.200000000000001,292.45070876329817,0.9393660821364488,0.9401212091469144,315.027666528122,False
8.3,292.45070876329817,0.9380610063636381,0.9402432985988765,315.02756096173255,False
8.4,292.45070876329817,0.9377977339650303,0.9403530942978036,315.02761120352096,False
8.5,292.45070876329817,0.9417125927914385,0.940451769809902,315.02777507585535,False
8.6,292.45070876329817,0.9417027303796617,0.9405403987548361,315.02801941291597,False
8.700000000000001,292.45070876329817,0.9432090785623998,0.9406199609235175,315.0283183028076,False
8.8,292.45070876329817,0.9391821369710535,0.9406913485535733,315.02865165783885,False
8.9,292.45070876329817,0.9441335875067265,0.9407553726018392,315.02900405312903,False
9.0,292.45070876329817,0.9402379934802586,0.940812768895876,315.0293637844615,False
9.1,292.45070876329817,0.9440130206377509,0.9408642040800618,315.0297221051509,False
9.200000000000001,292.45070876329817,0.9400447096037062,0.9409102812980714,315.03007260895754,False
9.3,292.45070876329817,0.9394805789892633,0.9409515455739479,315.03041073205276,False
9.4,292.45070876329817,0.9414880596127984,0.940988488869681,315.030733351934,False
9.5,300.945972631203,0.9430844609789084,0.9410215548091695,315.0310384652116,False
9.600000000000001,300.945972631203,0.9409381784845149,0.9406161593310842,316.6451058012179,False
9.700000000000001,300.945972631203,0.9382631330597356,0.9394341907079823,317.98382019261385,False
9.8,300.945972631203,0.934931162795168,0.9376136022233214,319.10829575762,False
9.9,300.945972631203,0.9324769905466058,0.9352800309764406,320.063250476139,False
10.0,300.945972631203,0.933550599540081,0.9325452338403313,320.88187905977054,False
10.100000000000001,300.945972631203,0.931486404667327,0.9295069786007554,321.5891848415605,False
10.200000000000001,300.945972631203,0.9259211430149468,0.9262497322001974,322.2042780750098,False
10.3,300.945972631203,0.9206970079416293,0.9228457376580862,322.7419779238349,False
10.4,300.945972631203,0.9211023223633019,0.9193562380580586,323.2139416969517,False
10.5,300.945972631203,0.9132719235424079,0.9158327114318371,323.62946995641744,False
10.600000000000001,300.945972631203,0.9108919084667458,0.9123180446568644,323.9960869745289,False
10.700000000000001,300.945972631203,0.9100896482183214,0.9088476125112412,324.3199637111874,False
10.8,302.04031135005494,0.9009499675104529,0.905450249857602,324.6062291314173,False
10.9,302.04031135005494,0.9028060034698318,0.9020332642746991,325.078781459406,False
11.0,302.04031135005494,0.8973580892971688,0.8985213709699877,325.5049633960385,False
11.100000000000001,302.04031135005494,0.8951779744829843,0.8949594150880287,325.8903446434156,False
11.200000000000001,302.04031135005494,0.8912339806931984,0.89138538374564,326.2395026151571,False
11.3,302.04031135005494,0.8882355105601241,0.8878312817700361,326.55624423852225,False
11.4,302.04031135005494,0.8857122445996882,0.8843239007262742,326.8437731888703,False
11.5,302.04031135005494,0.8793687516014288,0.8808854911032257,327.1048171161425,False
11.600000000000001,302.04031135005494,0.8803763123449626,0.8775343483003388,327.341725230643,False
11.700000000000001,302.04031135005494,0.8757375104363542,0.8742853228584586,327.55654370634545,False
11.8,300.024462170824,0.8728377300060416,0.8711502646814351,327.751074321331,False
11.9,300.024462170824,0.870727345973682,0.8683976180114599,327.5134896857966,False
12.0,300.024462170824,0.8678114925631931,0.8662363161197814,327.27686606730117,False
12.100000000000001,300.024462170824,0.8662791655031467,0.8645910081419894,327.04456153333626,False
12.200000000000001,300.024462170824,0.8833686405522684,0.8633920219482394,326.8193205648725,True
12.3,300.024462170824,0.8597219879820481,0.8625755356840276,326.60330304040536,False
12.4,300.024462170824,0.8618135168280102,0.8620836070280843,326.3981293208544,False
12.5,300.024462170824,0.8603250504626551,0.8618640797430085,326.2049359912571,False
12.600000000000001,300.024462170824,0.8590249066223391,0.86187039015937,326.0244373394218,False
12.700000000000001,300.024462170824,0.8625782023393134,0.8620612967574874,325.85698846042317,False
12.8,300.024462170824,0.8612634558315054,0.8624005547398007,325.70264679768746,False
12.9,300.024462170824,0.8607969462274424,0.8628565551034654,325.56122983964013,False
13.0,300.024462170824,0.8613159426231712,0.8634019447833143,325.43236750427815,False
13.100000000000001,300.024462170824,0.8645500755096255,0.8640132413502076,325.31554842050303,False
13.200000000000001,300.024462170824,0.8653877966924883,0.8646704527941477,325.21015984194986,False
13.3,300.024462170824,0.868001625196874,0.8653567102573403,325.1155213133163,False
13.4,300.024462170824,0.866030089954157,0.8660579192912051,325.0309124686581,False
13.5,300.024462170824,0.8688461128275566,0.8667624333091309,324.95559549885365,False
13.600000000000001,300.024462170824,0.8702652810341981,0.867460751380653,324.8888329044536,False
13.700000000000001,300.024462170824,0.8704455725962816,0.8681452413239823,324.8299011718162,False
13.8,300.024462170824,0.8640792803433348,0.8688098881558888,324.7781009927869,False
13.9,300.024462170824,0.871907434741071,0.8694500673026642,324.7327646055818,False
14.0,300.024462170824,0.8707415815338451,0.8700623415173477,324.6932607779283,False
14.100000000000001,300.024462170824,0.8714918228513603,0.8706442801456535,324.6589978908315,False
14.200000000000001,300.024462170824,0.8719367540364018,0.8711942992009293,324.62942551801535,False
14.3,300.024462170824,0.8724770349382901,0.8717115206177486,324.6040348356642,False
14.4,300.024462170824,0.8728344774711071,0.8721956490306023,324.58235814163123,False
14.5,300.024462170824,0.8719290378325824,0.8726468644496596,324.5639677138303,False
14.600000000000001,300.024462170824,0.8692624586681108,0.8730657292648628,324.54847419440813,False
14.700000000000001,300.024462170824,0.87323527863547,0.8734531080912848,324.53552464937263,False
14.8,300.024462170824,0.8722026353669804,0.8738100990640217,324.524800422212,False
14.9,300.024462170824,0.8762983021185576,0.8741379752934819,324.5160148741123,False
15.0,300.024462170824,0.8738606022850226,0.8744381352970133,324.5089110820419,False
15.100000000000001,300.024462170824,0.874879012039239,0.874712061327025,324.5032595485927,False
15.200000000000001,300.024462170824,0.8732620727055366,0.8749612846167568,324.4988559634477,False
15.3,297.9798749061197,0.8741661117252815,0.8751873566610777,324.495519045146,False
15.4,297.9798749061197,0.8755698064032391,0.8755928725266123,324.0858730072412,False
15.5,297.9798749061197,0.8733472057321304,0.8763179561006575,323.7176289763032,False
15.600000000000001,297.9798749061197,0.8778830828937697,0.8772817126651805,323.3893016944124,False
15.700000000000001,297.9798749061197,0.8782047420406089,0.8784168865475045,323.09867863655177,False
15.8,297.9798749061197,0.8772967198034597,0.8796681594134702,322.84309017228793,False
15.9,297.9798749061197,0.8761940645787913,0.8809905303095869,322.61962282446115,False
16.0,297.9798749061197,0.8833739268161761,0.8823478225484155,322.42528083379494,False
16.1,297.9798749061197,0.8831161709545929,0.8837113390324796,322.25710346654813,False
16.2,297.9798749061197,0.883998655047041,0.8850586718734773,322.11224609416115,False
16.3,297.9798749061197,0.8859003530283323,0.8863726622880381,321.9880326885908,False
16.400000000000002,297.9798749061197,0.8912734529148922,0.88764050103313,321.8819864887412,False
16.5,297.9798749061197,0.8887533548106332,0.8888529567487525,321.79184451320145,False
16.6,297.9798749061197,0.8901769570371117,0.8900037185111347,321.7155605095271,False
16.7,297.9798749061197,0.8881146932256206,0.8910888389649715,321.6512999408671,False
16.8,297.9798749061197,0.8954009432540786,0.8921062651213664,321.59742976084317,False
16.900000000000002,297.9798749061197,0.8948904209325336,0.8930554449656449,321.5525050273095,False
17.0,297.9798749061197,0.8960708689511461,0.8939369992171358,321.51525384644856,False
17.1,297.9798749061197,0.8948477942625658,0.8947524488001424,321.48456170330235,False
17.2,297.9798749061197,0.8973372993293958,0.8955039897517466,321.45945590313465,False
17.3,297.9798749061197,0.8969362020410822,0.8961943083708933,321.439090600221,False
17.400000000000002,297.9798749061197,0.8980528085438737,0.8968264303881557,321.42273270905497,False
17.5,297.9798749061197,0.8970992128860917,0.8974035988029083,321.409748862497,False
17.6,297.9798749061197,0.8949813999016515,0.8979291757977355,321.3995934897388,False
17.7,297.9798749061197,0.9004642735016272,0.8984065648060208,321.3917980242965,False
17.8,297.9798749061197,0.8949692301135627,0.8988391493867821,321.38596121090035,False
17.900000000000002,297.9798749061197,0.8987503727179039,0.89923024606042,321.3817404542394,False
18.0,297.9798749061197,0.8991740237125906,0.8995830686893899,321.3788441376,False
18.1,297.9798749061197,0.8978149820756353,0.8999007023576042,321.37702483219044,False
18.2,297.9798749061197,0.9014123312921076,0.9001860850194344,321.37607331592477,False
18.3,297.9798749061197,0.9000413360577945,0.9004419954606135,321.3758133218813,False
18.400000000000002,297.9798749061197,0.8997973096941652,0.9006710463453598,321.37609694027,False
18.5,297.9798749061197,0.9019153647840193,0.9008756813220641,321.37680060264717,False
18.6,297.9798749061197,0.9001050172475652,0.901058175328682,321.37782158267567,False
18.7,297.9798749061197,0.9039985973323145,0.9012206373826378,321.37907495351743,False
18.8,297.9798749061197,0.902067925414517,0.9013650152621423,321.3804909476885,False
18.900000000000002,297.9798749061197,0.9005444356157482,0.901493101589417,321.38201267071776,False
19.0,297.9798749061197,0.8977180109620643,0.9016065409140354,321.3835941251329,False
19.1,297.9798749061197,0.899091331074927,0.9017068374687293,321.3851985060876,False
19.200000000000003,297.9798749061197,0.9039690249020408,0.9017953633325041,321.3867967343252,False
19.3,300.97438909533685,0.9017721586622395,0.9018733667884622,321.38836619614335,False
19.400000000000002,300.97438909533685,0.9011337544701773,0.9017000046015363,321.97605712389975,False
19.5,300.97438909533685,0.9043822208884172,0.9010957176599318,322.49190138263816,False
19.6,300.97438909533685,0.8975788517451274,0.9001441502332752,322.9469573595142,False
19.700000000000003,300.97438909533685,0.897746166571766,0.8989174821714487,323.3500042371517,False
19.8,300.97438909533685,0.8965325826018552,0.8974777579553722,323.7081030865623,False
19.900000000000002,300.97438909533685,0.8970507762968168,0.8958781017337543,324.0270064561826,False
20.0,300.97438909533685,0.8928367394825983,0.8941638098792064,324.31146036262686,False
20.1,300.97438909533685,0.891146487725577,0.8923733234228051,324.56542903468875,False
20.200000000000003,300.97438909533685,0.8873287894370251,0.8905390882307953,324.7922636161587,False
20.3,300.97438909533685,0.8901470120089437,0.888688313200908,324.99482980220876,False
20.400000000000002,300.97438909533685,0.8884559161210805,0.8868436374040505,325.1756050972858,False
20.5,300.97438909533685,0.8840709632956124,0.8850237167904147,325.3367534033237,False
20.6,300.97438909533685,0.8835704201831708,0.8832437402920882,325.4801825557607,False
20.700000000000003,300.97438909533685,0.878930591917325,0.8815158841628438,325.6075889419637,False
20.8,300.97438909533685,0.8789060860477005,0.8798497123571822,325.72049227459775,False
20.900000000000002,300.97438909533685,0.8810084316558011,0.8782525297503561,325.8202628241483,False
21.0,300.97438909533685,0.8770011555501562,0.876729694082022,325.9081428533487,False
21.1,300.97438909533685,0.8799056186601356,0.8752848916865439,325.98526358180965,False
21.200000000000003,300.97438909533685,0.8723459958724472,0.8739203813567615,326.05265870008867,False
21.3,300.97438909533685,0.8737977789047904,0.8726372100713418,326.1112752196386,False
21.400000000000002,300.97438909533685,0.8710443921350048,0.8714354037906711,326.1619822679817,False
21.5,300.97438909533685,0.8714457717764774,0.8703141360828213,326.2055783024642,False
21.6,300.97438909533685,0.8692574542498048,0.8692718769691223,326.24279711060797,False
21.700000000000003,300.97438909533685,0.8671841278474263,0.8683065240682446,326.27431288285624,False
21.8,300.97438909533685,0.8656802843303707,0.867415517859014,326.30074457893244,False
21.900000000000002,300.97438909533685,0.8727280161450504,0.8665959426669526,326.3226597580848,False
22.0,300.97438909533685,0.8656899246807224,0.8658446148001708,326.34057800319175,False
22.1,300.97438909533685,0.8611248377297049,0.8651581591101715,326.35497403682075,False
22.200000000000003,300.97438909533685,0.8632358739109108,0.8645330751267175,326.366280602168,False
22.3,300.97438909533685,0.8653218732626826,0.8639657938084346,326.3748911620355,False
22.400000000000002,300.97438909533685,0.8624527089919535,0.863452725858323,326.38116245359697,False
22.5,300.97438909533685,0.8657111948776293,0.8629903024726587,326.3854169248365,False
22.6,300.97438909533685,0.8645798058659871,0.8625750093202992,326.3879450695408,False
22.700000000000003,300.97438909533685,0.8618987372135007,0.8622034144851493,326.38900767104354,False
22.8,300.97438909533685,0.8609277591604549,0.861872191046007,326.3888379600963,False
22.900000000000002,300.97438909533685,0.8595685328998989,0.8615781349139543,326.38764368890344,False
23.0,300.97438909533685,0.8599182454124784,0.861318178497105,326.38560912118294,False
23.1,292.0301235018716,0.8581431145659181,0.8610894007152493,326.38289693684305,False
23.200000000000003,292.0301235018716,0.8975559135324355,0.8618605315482357,324.58035939428316,True
23.3,292.0301235018716,0.8673767101890453,0.8641953086147931,322.94899451212973,False
23.400000000000002,292.0301235018716,0.8650702848662973,0.8675825610057528,321.511555462919,False
23.5,292.0301235018716,0.8692686423046385,0.8716320082560114,320.27109951764186,False
23.6,292.0301235018716,0.8725170399274917,0.8760540636416656,319.21788936881234,False
23.700000000000003,292.0301235018716,0.8787108408485188,0.8806385493099832,318.335011468196,False
23.8,292.0301235018716,0.8790232544104748,0.8852359280130414,317.6024001220775,False
23.900000000000002,292.0301235018716,0.8874575441342091,0.889742102047473,316.99945254823,False
24.0,292.0301235018716,0.8966804710134767,0.8940866402138756,316.5065740440731,False
24.1,292.0301235018716,0.8975325283794267,0.8982238734383556,316.10598265386744,False
24.200000000000003,292.0301235018716,0.903835407647788,0.9021262391780812,315.7820359655247,False
24.3,292.0301235018716,0.9048013932266837,0.9057793313543678,315.52126923874107,False
24.400000000000002,292.0301235018716,0.9126995577850869,0.9091782231911006,315.31227254643994,False
24.5,292.0301235018716,0.9127231700254178,0.9123247340593901,315.14548884174843,False
24.6,292.0301235018716,0.9144613913541527,0.9152253959384397,315.01298305302294,False
24.700000000000003,292.0301235018716,0.922994787744831,0.9178899396940888,314.90821120542586,False
24.8,292.0301235018716,0.9196812254886215,0.9203301692011924,314.8258050781111,False
24.900000000000002,292.0301235018716,0.9201166795155069,0.9225591262149592,314.7613795843379,False
25.0,292.0301235018716,0.9249942941996127,0.9245904741956924,314.7113651308536,False
25.1,292.0301235018716,0.9263603775749927,0.9264380476521088,314.67286444526235,False
25.200000000000003,292.0301235018716,0.930248176057886,0.9281155269515535,314.6435319357932,False
25.3,292.0301235018716,0.9277929405170857,0.9296362083660813,314.62147303263936,False
25.400000000000002,292.0301235018716,0.9326222802511265,0.9310128463881675,314.605160813189,False
25.5,292.0301235018716,0.9339630477117482,0.9322575507705996,314.5933673223648,False
25.6,292.0301235018716,0.9320463502412767,0.9333817248251468,314.5851072343051,False
25.700000000000003,292.0301235018716,0.9347225226225109,0.9343960346110656,314.5795917861108,False
25.8,292.0301235018716,0.9336488970983702,0.9353104010120789,314.57619120481036,False
25.900000000000002,292.0301235018716,0.9408256246706617,0.9361340085229803,314.5744041220869,False
26.0,292.0301235018716,0.9354670468530587,0.936875325977619,314.57383271683574,False
26.1,292.0301235018716,0.9366359866594121,0.9375421355467495,314.574162539649,False
26.200000000000003,292.0301235018716,0.9360098911458304,0.9381415671897572,314.57514615618595,False
26.3,292.0301235018716,0.9379878938627679,0.9386801364131143,314.57658990043046,False
26.400000000000002,292.0301235018716,0.9391520316584905,0.9391637837118842,314.5783431572972,False
26.5,292.0301235018716,0.9411334927509639,0.9395979144802745,314.5802897003867,False
26.6,292.0301235018716,0.9387664652053614,0.9399874384974929,314.5823406982467,False
26.700000000000003,292.0301235018716,0.9399652604275912,0.9403368083449344,314.58442907430066,False
26.8,292.0301235018716,0.9378170775719934,0.9406500563048215,314.58650496431886,False
26.900000000000002,292.0301235018716,0.9392760249869607,0.940930829440493,314.5885320632236,False
27.0,292.0301235018716,0.9466940377903383,0.9411824226737865,314.59048469205703,False
27.1,292.0301235018716,0.9434902961460677,0.9414078097626781,314.5923454477172,False
27.200000000000003,292.0301235018716,0.9400468240649839,0.9416096721483385,314.5941033239143,False
27.3,292.0301235018716,0.9391156312065866,0.9417904256896432,314.5957522128098,False
27.400000000000002,292.0301235018716,0.9400010796774292,0.9419522453386285,314.5972897138799,False
27.5,292.0301235018716,0.9420537061163087,0.9420970878353362,314.5987161904208,False
27.6,292.0301235018716,0.942296168094011,0.9422267125172926,314.6000340253913,False
27.700000000000003,292.0301235018716,0.9408539791475115,0.9423427003493732,314.6012470374461,False
27.8,292.0301235018716,0.9398733223520265,0.9424464712855017,314.6023600254575,False
27.900000000000002,292.0301235018716,0.9453840570861926,0.9425393000756956,314.6033784158685,False
28.0,292.0301235018716,0.9435257015339147,0.9426223306313245,314.60430799213077,False
28.1,292.0301235018716,0.9419474530197015,0.9426965890588374,314.6051546894666,False
28.200000000000003,292.0301235018716,0.9423216730525645,0.9427629954681968,314.6059244414347,False
28.3,292.0301235018716,0.941763313739047,0.9428223746572983,314.60662306740295,False
28.400000000000002,292.0301235018716,0.9370033748760531,0.9428754657680873,314.607256192165,False
28.5,292.0301235018716,0.943154254658364,0.9429229310041788,314.60782919066367,False
28.6,292.0301235018716,0.940824274674359,0.9429653634937506,314.6083471521843,False
28.700000000000003,292.0301235018716,0.9409979257773878,0.9430032943754535,314.6088148595136,False
28.8,292.3694413283601,0.9417566743683986,0.9430371991791794,314.6092367794756,False
28.900000000000002,292.3694413283601,0.944516038061621,0.9430514346321984,314.6738171587248,False
29.0,292.3694413283601,0.9406953284483135,0.9430363900651288,314.72648295180136,False
29.1,292.3694413283601,0.9401314902062274,0.9430000531255757,314.76942288722245,False
29.200000000000003,292.3694413283601,0.9442284212586914,0.9429487171083467,314.80441963699616,False
29.3,292.3694413283601,0.9443960424051665,0.9428873045958874,314.8329272014691,False
29.400000000000002,292.3694413283601,0.9409017658659444,0.9428196332815328,314.8561328069338,False
29.5,292.3694413283601,0.943873428972253,0.9427486336176671,314.8750066539287,False
29.6,292.3694413283601,0.942093261638988,0.9426765264998175,314.8903420634746,False
29.700000000000003,292.3694413283601,0.9432075522730891,0.9426049679199819,314.90278798475816,False
29.8,292.3694413283601,0.9400132458452835,0.9425351664054146,314.91287539186146,False
29.900000000000002,292.3694413283601,0.9441337669956117,0.94246797809689,314.92103876797387,False
30.0,292.3694413283601,0.9448105014087056,0.9424039835004726,314.9276336242933,False
30.1,292.3694413283601,0.9436176957252179,0.9423435492539656,314.9329508071946,False
30.200000000000003,292.3694413283601,0.9434035575906202,0.94228687766723,314.93722819659024,False
30.3,292.3694413283601,0.9346894959970216,0.942234046309267,314.94066028022826,False
30.400000000000002,292.3694413283601,0.9427062990083582,0.9421850395102244,314.94340599527135,False
30.5,292.3694413283601,0.9420888826773545,0.9421397733107395,314.9455951541971,False
30.6,292.3694413283601,0.941804024099576,0.9420981151132687,314.94733371260486,False
30.700000000000003,292.3694413283601,0.9407987430808609,0.9420598990608029,314.9487080887113,False
30.8,292.3694413283601,0.942135667929371,0.9420249379795439,314.9497887057209,False
30.900000000000002,292.3694413283601,0.9428172673771159,0.9419930325668593,314.9506328969833,False
31.0,292.3694413283601,0.9414364020573198,0.9419639783784011,314.9512872884374,False
31.1,292.3694413283601,0.9410109227843998,0.9419375710638196,314.9517897521381,False
31.200000000000003,292.3694413283601,0.9443731178369064,0.9419136102150278,314.952171007766,False
31.3,292.3694413283601,0.9396811679065726,0.9418919021211108,314.95245593520485,False
31.400000000000002,292.3694413283601,0.9805884178591652,0.9418722616669643,314.95266464996325,True
31.5,292.3694413283601,0.9422081384937474,0.9418545135662864,314.95281338394926,False
31.6,292.3694413283601,0.9402298817911822,0.941838493081747,314.9529152065069,False
31.700000000000003,292.3694413283601,0.941244082562306,0.9418240463544446,314.95298061438467,False
31.8,300.0262099107294,0.9399710432342274,0.9418110304398518,314.9530180141869,False
31.900000000000002,300.0262099107294,0.9427614462059016,0.9414113171690828,316.4067337036174,False
32.0,300.0262099107294,0.9410254219687865,0.9403296184448455,317.60974750981086,False
32.1,300.0262099107294,0.9375827722251666,0.938696364575473,318.61634505568503,False
32.2,300.0262099107294,0.9763288187726724,0.9366285490383237,319.4665765972044,True
32.300000000000004,300.0262099107294,0.9348323594460815,0.9342289272590794,320.1904321229521,False
32.4,300.0262099107294,0.9335011173662359,0.931586346152552,320.8107083264576,False
32.5,300.0262099107294,0.9285489965047984,0.9287766692035622,321.34499561602735,False
32.6,300.0262099107294,0.9267006758899118,0.9258639708881333,321.80706974735625,False
32.7,300.0262099107294,0.9221497564159308,0.9229018107170303,322.20787718522865,False
32.800000000000004,300.0262099107294,0.9200696206089947,0.9199344821969758,322.5562404436606,False
32.9,300.0262099107294,0.9164156174207707,0.9169981832435581,322.85936834096634,False
33.0,300.0262099107294,0.9147101688059549,0.914122084520005,323.12322885596456,False
33.1,300.0262099107294,0.9083097440732915,0.911329289099363,323.3528241783772,False
33.2,300.0262099107294,0.9099260669980046,0.9086376859516252,323.55239542881,False
33.300000000000004,300.0262099107294,0.9056008393012389,0.9060607042644455,323.7255763281043,False
33.4,300.0262099107294,0.9043251936097488,0.9036079774744501,323.8755094940558,False
33.5,300.0262099107294,0.9006053060370302,0.9012859262919626,324.0049351722201,False
33.6,300.0262099107294,0.8997389920212264,0.8990982696424782,324.1162595019073,False
33.7,300.0262099107294,0.8949013461215838,0.8970464717298416,324.2116075059642,False
33.800000000000004,300.0262099107294,0.8975084414045195,0.8951301325795425,324.29286462578705,False
33.9,300.0262099107294,0.8899402393960638,0.8933473285713384,324.36170963493305,False
34.0,300.0262099107294,0.8896164310520462,0.8916949086816046,324.41964104314064,False
34.1,300.0262099107294,0.8906400835931886,0.8901687514541093,324.46799857056965,False
34.2,300.0262099107294,0.8916896716798678,0.8887639871094987,324.5079808765303,False
34.300000000000004,300.0262099107294,0.8880314412875269,0.8874751886839108,324.5406604308331,False
34.4,300.0262099107294,0.8858007187352869,0.8862965356458451,324.5669961930243,False
34.5,300.0262099107294,0.8823717727794301,0.8852219530659167,324.58784459650826,False
34.6,300.0262099107294,0.883862675765867,0.8842452290947272,324.6039692073844,False
34.7,300.0262099107294,0.8833203592070691,0.8833601132291533,324.6160493318353,False
34.800000000000004,300.0262099107294,0.8859415348985031,0.8825603976078243,324.6246877737051,False
34.9,300.0262099107294,0.8830842338082512,0.8818399833650397,324.63041788995014,False
35.0,300.0262099107294,0.8781347481330327,0.8811929338828897,324.63371005166374,False
35.1,300.0262099107294,0.8846670748001283,0.8806135166096419,324.63497758910927,False
35.2,300.0262099107294,0.8793062152040747,0.8800962349550723,324.6345822780833,False
35.300000000000004,300.0262099107294,0.8778769321986905,0.8796358516280991,324.6328394099893,False
35.4,300.0262099107294,0.8821770499513814,0.8792274046472075,324.6300224776776,False
35.5,300.0262099107294,0.8787667056080388,0.8788662171286328,324.62636750218405,False
35.6,300.0262099107294,0.8778130966416635,0.8785479018404198,324.6220770210394,False
35.7,300.0262099107294,0.878705933379694,0.8782683614018236,324.6173237560957,False
35.800000000000004,300.0262099107294,0.8797135624675254,0.878023784906774,324.6122539772753,False
35.9,300.0262099107294,0.8797973140659499,0.8778106416570506,324.6069905778762,False
36.0,300.0262099107294,0.8748752678051144,0.8776256726052198,324.6016358767619,False
36.1,300.0262099107294,0.8814628429695881,0.8774658800290447,324.5962741627049,False
36.2,300.0262099107294,0.8792222390637641,0.8773285158877728,324.59097399618776,False
36.300000000000004,300.0262099107294,0.876452667122133,0.8772110692461593,324.58579028399623,False
36.4,300.0262099107294,0.8754739333909438,0.8771112530939866,324.58076614190145,False
36.5,300.0262099107294,0.8750889659753462,0.8770269908368626,324.57593456058703,False
36.6,300.0262099107294,0.8772031595630024,0.87695640268785,324.57131988972435,False
36.7,300.0262099107294,0.8756017595602325,0.8768977921486117,324.5669391547276,False
36.800000000000004,300.0262099107294,0.8753198848022883,0.8768496327328613,324.5628032202447,False
36.9,300.0262099107294,0.8784330638634565,0.8768105550535733,324.5589178138733,False
37.0,300.0262099107294,0.8775084690559051,0.8767793343682524,324.5552844229502,False
37.1,301.49496814584876,0.8759657361363289,0.8767548786531764,324.55190107656404,False
37.2,301.49496814584876,0.8780565800346847,0.8765880848423139,324.8420260381695,False
37.300000000000004,301.49496814584876,0.8789000066074001,0.8761652493547888,325.10632804391497,False
37.4,301.49496814584876,0.8733444585676466,0.8755334511929059,325.34738556856314,False
37.5,301.49496814584876,0.8735271142308639,0.8747336979991485,325.5673917489727,False
37.6,301.49496814584876,0.8756868719359625,0.8738016282555228,325.76823339770516,False
37.7,301.49496814584876,0.8742060119652774,0.8727681308336472,325.9515519868653,False
37.800000000000004,301.49496814584876,0.8721132896778712,0.8716598919649952,326.11879098079726,False
37.9,301.49496814584876,0.8728247210184175,0.8704998786433006,326.2712327509549,False
38.0,301.49496814584876,0.8671313429643609,0.8693077664225991,326.4100274823601,False
38.1,301.49496814584876,0.8651420429254293,0.8681003185929715,326.53621588281624,False
38.2,301.49496814584876,0.8651587081031763,0.8668917228177301,326.65074706842404,False
38.300000000000004,301.49496814584876,0.8659389787041758,0.8656938905131037,326.7544926759114,False
38.400000000000006,301.49496814584876,0.8629245499918852,0.8645167235420754,326.8482580119378,False
38.5,301.49496814584876,0.8623939158599654,0.8633683521728148,326.93279086918443,False
38.6,301.49496814584876,0.860305347473579,0.8622553477117796,327.00878850255737,False
38.7,301.49496814584876,0.8599420544647209,0.8611829127539108,327.0769031546164,False
38.800000000000004,301.49496814584876,0.8581454771513957,0.8601550515893817,327.1377464390393,False
38.900000000000006,301.49496814584876,0.8599096553719077,0.8591747229604164,327.19189282845684,False
39.0,301.49496814584876,0.8598337592017115,0.8582439770657451,327.23988244391506,False
39.1,301.49496814584876,0.8564031865788434,0.8573640784578799,327.2822233042854,False
39.2,301.49496814584876,0.8561210846729115,0.8565356162638529,327.31939316275947,False
39.300000000000004,301.49496814584876,0.8545965378331459,0.8557586029781697,327.35184103235986,False
39.400000000000006,301.49496814584876,0.8560950653542,0.8550325629229276,327.3799884818704,False
39.5,301.49496814584876,0.854534723417721,0.8543566113402425,327.4042307667496,False
39.6,301.49496814584876,0.8569178387733833,0.8537295249727069,327.4249378457208,False
39.7,301.49496814584876,0.8509588608221037,0.8531498048953787,327.442455322267,False
39.800000000000004,301.49496814584876,0.8533407372833755,0.8526157322849933,327.4571053407842,False
39.900000000000006,301.49496814584876,0.8530134005455402,0.8521254177462468,327.46918745933147,False
40.0,301.49496814584876,0.8509559644170446,0.8516768447590264,327.47897951450005,False
40.1,301.49496814584876,0.8524349760173082,0.8512679077625427,327.4867384887032,False
40.2,301.49496814584876,0.848019400052944,0.8508964453509248,327.4927013859864,False
40.300000000000004,301.49496814584876,0.8547978750801319,0.8505602690186733,327.4970861191293,False
40.400000000000006,301.49496814584876,0.8475730989558021,0.850257187862375,327.5000924082354,False
40.5,301.49496814584876,0.8518246441375165,0.8499850296163864,327.50190268906454,False
40.6,301.49496814584876,0.847499413016198,0.8497416583740764,327.5026830279695,False
40.7,301.49496814584876,0.851826755384644,0.8495249893221806,327.5025840393552,False
40.800000000000004,301.49496814584876,0.8485634527401592,0.8493330007933773,327.50174180101556,False
40.900000000000006,301.49496814584876,0.8494805897353928,0.8491637439210683,327.50027876244553,False
41.0,301.49496814584876,0.8491220376717084,0.8490153501602948,327.49830464121567,False
41.1,301.49496814584876,0.851087505109631,0.8488860369195814,327.49591730267474,False
41.2,301.49496814584876,0.8481310166298879,0.8487741115301737,327.49320361857,False
41.300000000000004,301.49496814584876,0.842743606341589,0.8486779737615568,327.49024030059917,False
41.400000000000006,301.49496814584876,0.8470759994951532,0.848596117075282,327.4870947054006,False
41.5,301.49496814584876,0.8488945534391521,0.8485271287929742,327.48382560801997,False
41.6,301.49496814584876,0.8809019137852009,0.8484696893389564,327.4804839414358,True
41.7,301.49496814584876,0.849962212405852,0.8484225707032104,327.477113500267,False
41.800000000000004,301.49496814584876,0.8504152882483682,0.8483846342564193,327.473751607308,False
41.900000000000006,301.49496814584876,0.848059284415823,0.8483548280356227,327.4704297420259,False
42.0,301.49496814584876,0.8453528928177978,0.8483321836065628,327.4671741306093,False
42.1,301.49496814584876,0.8510841428171426,0.8483158125971308,327.464006297564,False
42.2,301.49496814584876,0.8504710099856382,0.8483049029854245,327.4609435792176,False
42.300000000000004,301.49496814584876,0.8477003329472775,0.8482987152158116,327.45799959980764,False
42.400000000000006,297.95607342274,0.8525131550298201,0.8482965782070345,327.4551847110999,False
42.5,297.95607342274,0.8480250765456355,0.8487228274658208,326.73262763407047,False
42.6,297.95607342274,0.8476022276584829,0.8498764670993196,326.0573726769201,False
42.7,297.95607342274,0.8512754261065223,0.8515871729740243,325.4359341414385,False
42.800000000000004,297.95607342274,0.8558646209421567,0.8537089535111451,324.87155159376454,False
42.900000000000006,297.95607342274,0.85424413039432,0.8561190372794051,324.3648369660279,False
43.0,297.95607342274,0.862618397721046,0.8587159475655591,323.91442211522946,False
43.1,297.95607342274,0.8596241159921298,0.8614171684212739,323.5175451001252,False
43.2,297.95607342274,0.8660655348269621,0.8641566902741996,323.17054460909014,False
43.300000000000004,297.95607342274,0.8679715463257061,0.8668826215772997,322.8692540979997,False
43.400000000000006,297.95607342274,0.8692468606128175,0.8695549747319832,322.60930082897966,False
43.5,297.95607342274,0.874304745368658,0.8721436794112225,322.386322044374,False
43.6,297.95607342274,0.8716272427942826,0.874626840372019,322.1961130740705,False
43.7,297.95607342274,0.879704378565579,0.8769892349917127,322.0347220335512,False
43.800000000000004,297.95607342274,0.879093665649703,0.8792210337076435,321.8985042160419,False
43.900000000000006,297.95607342274,0.8802318503678564,0.8813167208675835,321.7841471584922,False
44.0,297.95607342274,0.8847725398522683,0.8832741917561882,321.6886751663032,False
44.1,297.95607342274,0.887213800116997,0.8850940020897985,321.60944007634083,False
44.2,296.64955943317426,0.8883183388570437,0.8867787479957965,321.5441033322151,False
44.300000000000004,296.64955943317426,0.8924340065721348,0.8884349989300449,321.235487647554,False
44.400000000000006,296.64955943317426,0.8922965527974833,0.8901351006453831,320.97098332515037,False
44.5,296.64955943317426,0.883890776192137,0.8918397883010555,320.7454737857596,True
44.6,296.64955943317426,0.8924394655556029,0.893519193429956,320.5541360710581,False
44.7,296.64955943317426,0.8953641349321462,0.8951510873780221,320.39252542254036,False
44.800000000000004,296.64955943317426,0.8978453754764251,0.896719410311774,320.25661500184736,False
44.900000000000006,296.64955943317426,0.8981775636750634,0.89821304814847,320.1428046747041,False
45.0,296.64955943317426,0.939403531339311,0.8996248213029676,320.04790945568516,True
45.1,296.64955943317426,0.9018028619754699,0.9009506524432007,319.96913541417837,False
45.2,296.64955943317426,0.9038773722289166,0.9021888843935536,319.9040486091084,False
45.300000000000004,296.64955943317426,0.9031365055308249,0.903339723312365,319.850540903848,False
45.400000000000006,296.64955943317426,0.9037051875577645,0.9044047859885482,319.80679523273443,False
45.5,296.64955943317426,0.9037301021203475,0.9053867334207807,319.77125196016385,False
45.6,292.3115163826001,0.9045055110738407,0.9062889757261252,319.7425773129655,False
45.7,292.3115163826001,0.9097556607123215,0.9074107582576288,318.8813136072215,False
45.800000000000004,292.3115163826001,0.9087598468114247,0.9089288897874297,318.15438329277623,False
45.900000000000006,292.3115163826001,0.9122716634171926,0.9106977746550114,317.54637087788865,False
46.0,292.3115163826001,0.910014324691559,0.9126090523842445,317.0415586242778,False
46.1,292.3115163826001,0.9107065805790334,0.9145829167947118,316.62497460911555,False
46.2,292.3115163826001,0.9144631666285324,0.9165613490905323,316.2829568425702,False
46.300000000000004,292.3115163826001,0.9207961551223038,0.9185029011872848,316.0033966042932,False
46.400000000000006,292.3115163826001,0.9225148494567961,0.9203786945771312,315.77578166077365,False
46.5,292.3115163826001,0.9228334336120863,0.9221693563963821,315.59112324935546,False
46.6,292.3115163826001,0.9222583322057467,0.9238626725060667,315.4418224105743,False
46.7,292.3115163826001,0.9251901825798202,0.9254517878629519,315.32151090330717,False
46.800000000000004,292.3115163826001,0.9263383040401463,0.9269338249997442,315.2248879713149,False
46.900000000000006,292.3115163826001,0.9276188760774604,0.928308822769651,315.147564988547,False
47.0,292.3115163826001,0.9245667815784222,0.9295789212530534,315.0859240962967,False
47.1,292.3115163826001,0.8979208889593139,0.9307477365494101,315.03699329261144,True
47.2,292.3115163826001,0.9634967696142542,0.931819882526398,314.9983382762822,True
47.300000000000004,292.3115163826001,0.9358334621906521,0.9328006066110279,314.96797015222063,False
47.400000000000006,292.3115163826001,0.934017000367787,0.9336955142495236,314.9442675129609,False
47.5,292.3115163826001,0.9373121389490314,0.9345103623765059,314.9259111852922,False
47.6,292.3115163826001,0.9344634927734262,0.9352509065909451,314.9118299182636,False
47.7,292.3115163826001,0.935417412918535,0.9359227900810306,314.9011553918422,False
47.800000000000004,292.3115163826001,0.9287326214644459,0.9365314649245546,314.89318508428147,False
47.900000000000006,292.3115163826001,0.938008799078962,0.9370821384005479,314.88735171477094,False
48.0,292.3115163826001,0.9386739298409594,0.9375797385182808,314.8831981555572,False
48.1,299.3768685616299,0.9415564123420518,0.938028894202933,314.8803568734493,False
48.2,299.3768685616299,0.9371071336015347,0.9380806560231204,316.21901385094407,False
48.300000000000004,299.3768685616299,0.9376628483671462,0.9374745400547521,317.32488812295327,False
48.400000000000006,299.3768685616299,0.9349268113647683,0.9363378672742104,318.24765813774474,False
48.5,299.3768685616299,0.9324311849472134,0.934783699077054,319.0242020903568,False
48.6,299.3768685616299,0.9314843348781161,0.93291055081159,319.6823094598987,False
48.7,299.3768685616299,0.9301130252020049,0.9308030222501764,320.2432386424738,False
48.800000000000004,299.3768685616299,0.9537422286749081,0.9285328917348479,320.72349625152583,True
48.900000000000006,299.3768685616299,0.9261648244150625,0.9261604012099158,321.13608797192245,False
49.0,299.3768685616299,0.9221544859435843,0.9237355755629201,321.49140745960676,False
49.1,299.11908462731674,0.9215832470640911,0.9212994914076077,321.7978748393543,False
49.2,299.11908462731674,0.9193425270457907,0.9189073843346706,322.01172476402303,False
49.300000000000004,299.11908462731674,0.9152495774584896,0.9166020415704395,322.19526168324336,False
49.400000000000006,299.11908462731674,0.9166830198600435,0.9143965526067843,322.35252043296134,False
49.5,299.11908462731674,0.908523448447221,0.9123001462291743,322.48695630722744,False
49.6,299.11908462731674,0.909891733906794,0.91031882316296,322.6015491116498,False
49.7,299.11908462731674,0.9097860392048532,0.9084559070735947,322.69888359346976,False
49.800000000000004,299.11908462731674,0.9040356577083111,0.9067125227472648,322.7812123306019,False
49.900000000000006,299.11908462731674,0.9058105171043206,0.9050880096070338,322.8505055130426,False
50.0,299.11908462731674,0.9061660640676867,0.9035802779672991,322.90849086672955,False
50.1,299.11908462731674,0.903093457211959,0.902186114683445,322.9566861134727,False
50.2,299.11908462731674,0.8975211242697466,0.9009014441557005,322.9964257361574,False
50.300000000000004,299.11908462731674,0.8982651599575281,0.8997215500123986,323.0288833604743,False
50.400000000000006,299.11908462731674,0.9011058690355294,0.8986412622305209,323.0550907271,False
50.5,299.11908462731674,0.8982517844365123,0.8976551139463818,323.07595397907426,False
50.6,299.11908462731674,0.8967377538827181,0.8967574717596981,323.0922678048279,False
50.7,296.2204530968807,0.8968250441221752,0.8959426429327443,323.1047278410477,False
50.800000000000004,296.2204530968807,0.8969065540536167,0.895464456153605,322.54162598572077,False
50.900000000000006,296.2204530968807,0.8940703104327918,0.8954872409059879,322.0424240889887,False
51.0,296.2204530968807,0.8953090516871521,0.8958898518472981,321.60398300018534,False
51.1,296.2204530968807,0.8968592312412432,0.8965734039419095,321.22197291707124,False
51.2,296.2204530968807,0.8963700274735685,0.8974579429171432,320.8914193723738,False
51.300000000000004,296.2204530968807,0.8982125105884264,0.898479413705501,320.6071071829549,False
51.400000000000006,296.2204530968807,0.9021827297899453,0.8995869862675813,320.3638637329802,False
51.5,296.2204530968807,0.8988051070771259,0.9007407468065101,320.156745855444,False
51.6,296.2204530968807,0.905763059415562,0.9019097339972917,319.9811532970435,False
51.7,296.2204530968807,0.9068289750344056,0.9030702862796417,319.832888541776,False
51.800000000000004,296.2204530968807,0.9007777827086957,0.9042046615846243,319.70817898424394,False
51.900000000000006,296.2204530968807,0.9050178458547329,0.9052998911849589,319.6036738141101,False
52.0,296.2204530968807,0.90703221535332,0.9063468322140287,319.5164248291637,False
52.1,296.2204530968807,0.9058176451486192,0.9073393873236321,319.44385783556646,False
52.2,296.2204530968807,0.9067917031181353,0.9082738641255047,319.3837392995331,False
52.300000000000004,296.2204530968807,0.908673619662329,0.909148451055798,319.33414141084296,False
52.400000000000006,296.2204530968807,0.9114411460903993,0.9099627899161762,319.2934076151155,False
52.5,296.2204530968807,0.9096949608334542,0.9107176285113484,319.26011988175964,False
52.6,296.2204530968807,0.9150679271444921,0.911414539521252,319.23306842237287,False
52.7,296.2204530968807,0.9126356420554994,0.9120556940508223,319.2112241983836,False
52.800000000000004,296.2204530968807,0.9124385296706958,0.9126436802388624,319.19371430846877,False
52.900000000000006,296.2204530968807,0.9160798783004712,0.9131813589302084,319.1798001888409,False
53.0,302.9693092936813,0.9149243121598784,0.9136717497697576,319.1688584654156,False
53.1,302.9693092936813,0.914387173820118,0.9136486002687428,320.4665951139889,False
53.2,302.9693092936813,0.9120816693868931,0.9127439501524321,321.58609773175283,False
53.300000000000004,302.9693092936813,0.9147249784696554,0.9110970072418699,322.5643141388242,False
53.400000000000006,302.9693092936813,0.9104553023366609,0.908831659157181,323.4287616208599,False
53.5,302.9693092936813,0.9056501543243122,0.9060569769962016,324.2002130860054,False
53.6,302.9693092936813,0.8997138663479388,0.9028682646493043,324.89455761444117,False
53.7,302.9693092936813,0.9000942456343128,0.899348342550789,325.52410360190026,False
53.800000000000004,302.9693092936813,0.8932814061629334,0.8955688863471366,326.09850221352383,False
53.900000000000006,302.9693092936813,0.8881598304995254,0.8915917224030421,326.6254095284457,False
54.0,302.9693092936813,0.886911727905375,0.8874700309163105,327.1109668609051,False
54.1,302.9693092936813,0.8838123781340821,0.8832494359289008,327.56015313767057,False
54.2,302.9693092936813,0.8815339400832055,0.8789689776158391,327.97704623437437,False
54.300000000000004,302.9693092936813,0.8752268745523653,0.8746619709017948,328.36501881739645,False
54.400000000000006,302.9693092936813,0.8719687978005871,0.8703567587462456,328.7268865678797,False
54.5,302.9693092936813,0.8636256047945953,0.8660773702050416,329.06502143088426,False
54.6,302.9693092936813,0.8617990293739776,0.8618440937289127,329.3814389245171,False
54.7,302.9693092936813,0.8579223983952846,0.8576739757566756,329.67786603057175,False
54.800000000000004,302.9693092936813,0.855305746257553,0.8535812538883132,329.95579441976224,False
54.900000000000006,302.9693092936813,0.8498098543493622,0.8495777330025002,330.2165225079707,False
55.0,302.9693092936813,0.8472812696545675,0.8456731117383278,330.46118893837047,False
55.1,302.9693092936813,0.8408668673621872,0.8418752658577414,330.69079943150336,False
55.2,302.9693092936813,0.8389064039877557,0.8381904941753294,330.9062484685189,False
55.300000000000004,302.9693092936813,0.8354534648004232,0.8346237319979143,331.10833692143683,False
55.400000000000006,302.9693092936813,0.8286791849101109,0.8311787363592843,331.29778648329403,False
55.5,302.9693092936813,0.8282093240182203,0.8278582467610851,331.475251555624,False
55.6,302.9693092936813,0.8240233995783658,0.8246641246322686,331.64132910329334,False
55.7,302.9693092936813,0.8177892983913021,0.8215974742885341,331.7965668746926,False
55.800000000000004,302.9693092936813,0.8205755611620241,0.8186587478017413,331.9414702995563,False
55.900000000000006,302.9693092936813,0.8151241185090523,0.8158478358696609,332.07650831064984,False
56.0,302.9693092936813,0.811459366385398,0.8131641465016497,332.20211828437107,False
56.1,302.9693092936813,0.8098520396122612,0.8106066730996487,332.31871025538805,False
56.2,302.9693092936813,0.8084504539171299,0.8081740533108333,332.42667052912714,False
56.300000000000004,302.9693092936813,0.8088804388221988,0.8058646198535045,332.52636479124004,False
56.400000000000006,302.9693092936813,0.8033445779612735,0.8036764443672859,332.61814079363455,False
56.5,302.9693092936813,0.8025521902027214,0.8016073752088043,332.7023306811126,False
56.6,302.9693092936813,0.8024022287555311,0.7996550700017356,332.77925301027045,False
56.7,302.9693092936813,0.7988841247152986,0.797817023652751,332.8492145024166,False
56.800000000000004,302.9693092936813,0.7982277207750855,0.7960905924602479,332.912511564348,False
56.900000000000006,302.9693092936813,0.7935199951509717,0.7944730148688737,332.96943160451013,False
57.0,302.9693092936813,0.7945035280110185,0.7929614293580706,333.02025416703367,False
57.1,299.54096182928765,0.79143693789567,0.7915528898958094,333.0652519021612,False
57.2,299.54096182928765,0.7929954258292556,0.7908466033542773,332.3699945517208,False
57.300000000000004,299.54096182928765,0.789327516128713,0.7913346352726973,331.64666542977733,False
57.400000000000006,299.54096182928765,0.7912887455256152,0.7928478610321007,330.91328874126395,False
57.5,299.54096182928765,0.7977531457786402,0.7952156826332294,330.18639538508165,False
57.6,299.54096182928765,0.7978803943916911,0.7982725623368299,329.48021231271645,False
57.7,299.54096182928765,0.8011453572479353,0.8018632785413443,328.80619335595446,False
57.800000000000004,299.54096182928765,0.8060017689438352,0.8058466241051347,328.1728756362476,False
57.900000000000006,299.54096182928765,0.8087185687965472,0.810097563711253,327.58599906787106,False
58.0,299.54096182928765,0.8171719434052178,0.8145080606681567,327.0488064250777,False
58.1,299.54096182928765,0.8164885482837433,0.8189868735870951,326.56244284597597,False
58.2,299.54096182928765,0.8231574384271055,0.8234586344238264,326.126387921706,False
58.300000000000004,299.54096182928765,0.8285563885998704,0.8278624830284657,325.73887267965006,False
58.400000000000006,299.54096182928765,0.8319415823461713,0.8321504764843044,325.39725230368634,False
58.5,299.54096182928765,0.8346813570600841,0.8362859321508198,325.0983204943159,False
58.6,299.54096182928765,0.8385050327379039,0.8402418111314089,324.8385621165874,False
58.7,299.54096182928765,0.8448499963910558,0.8439992075394142,324.6143475508857,False
58.800000000000004,299.54096182928765,0.8454850176732862,0.8475459785736196,324.4220757954483,False
58.900000000000006,299.54096182928765,0.8521680149032675,0.8508755294918374,324.2582748012927,False
59.0,299.54096182928765,0.8509374572925813,0.8539857540198719,324.1196675581092,False
59.1,299.54096182928765,0.8557681563736951,0.8568781225671285,324.00321170704404,False
59.2,299.54096182928765,0.8596295182318624,0.8595569061871229,323.9061193556177,False
59.300000000000004,299.54096182928765,0.859524218369973,0.8620285222568622,323.8258625776177,False
59.400000000000006,299.54096182928765,0.8982574538194558,0.8643009874400513,323.7601689486806,True
59.5,299.54096182928765,0.8663463863870168,0.8663834640136358,323.70701047129205,False
59.6,299.54096182928765,0.866213739291398,0.8682858866545771,323.66458840766506,False
59.7,299.54096182928765,0.8669808815741314,0.8700186580336322,323.6313158641568,False
59.800000000000004,299.54096182928765,0.8684612241355459,0.8715924028782912,323.6057994410605,False
59.900000000000006,299.54096182928765,0.8731198393401576,0.8730177714498969,323.5868208554154,False
60.0,299.54096182928765,0.8719916243628479,0.874305284576981,323.57331913961207,False
60.1,299.54096182928765,0.8727354542712459,0.8754652134727108,323.564373794333,False
60.2,299.54096182928765,0.8760450366603376,0.876507488531322,323.55918911280196,False
60.300000000000004,299.54096182928765,0.8819966331975939,0.8774416321478878,323.55707977949476,False
60.400000000000006,299.54096182928765,0.8788317920681493,0.8782767113456824,323.55745776840274,False
60.5,299.54096182928765,0.8805471443023323,0.8790213066353311,323.55982051421284,False
60.6,299.54096182928765,0.880108930773375,0.8796834940808378,323.56374029711344,False
60.7,299.54096182928765,0.88183680235237,0.8802708380201529,323.5688547628565,False
60.800000000000004,299.54096182928765,0.8781042149913277,0.8807903922922576,323.574858490097,False
60.900000000000006,299.54096182928765,0.8803876842275822,0.8812487081679673,323.5814955138651,False
61.0,299.54096182928765,0.8821745491671864,0.8816518474759664,323.5885527151131,False
61.1,299.54096182928765,0.8819695660340614,0.8820053996661713,323.59585399003794,False
61.2,299.54096182928765,0.8819305153253996,0.8823145017656238,323.60325511821424,False
61.300000000000004,299.54096182928765,0.8812521082036758,0.8825838603631617,323.6106392547086,False
61.400000000000006,299.54096182928765,0.8823010087073362,0.8828177749127446,323.617912977771,False
61.5,299.54096182928765,0.8814717661277307,0.8830201617755133,323.62500283007716,False
61.6,299.54096182928765,0.8783509125011463,0.8831945785308658,323.6318522976127,False
61.7,299.54096182928765,0.880955231296519,0.8833442481799302,323.63841917602775,False
61.800000000000004,299.54096182928765,0.8844233888210749,0.883472082943326,323.6446732795847,False
61.900000000000006,299.54096182928765,0.8866948633324723,0.883580707421129,323.6505944526494,False
62.0,299.54096182928765,0.8872996412809797,0.8836724809383323,323.65617084805024,False
62.1,299.54096182928765,0.8839430224327386,0.8837495189453611,323.6613974405579,False
62.2,299.155052038946,0.8856004806285811,0.8838137133816928,323.66627474726243,False
62.300000000000004,299.155052038946,0.8857188647985641,0.8839029089771426,323.59429608210945,False
62.400000000000006,299.155052038946,0.8826598180593275,0.8840443364270636,323.53000566572916,False
62.5,299.155052038946,0.8808295852125206,0.8842254648734419,323.4727856016646,False
62.6,299.155052038946,0.8844975241134356,0.884435749474726,323.42203248506877,False
62.7,299.155052038946,0.8811419769628039,0.8846663789572851,323.3771655449325,False
62.800000000000004,299.155052038946,0.8842701893600822,0.8849100485859919,323.33763235309266,False
62.900000000000006,299.155052038946,0.886376991265239,0.8851607570916602,323.30291256739963,False
63.0,299.155052038946,0.882573486938342,0.8854136259145421,323.27252011208355,False
63.1,299.155052038946,0.8857293298026434,0.8856647390347802,323.2460041369877,False
63.2,299.155052038946,0.8883910378730343,0.8859110016424162,323.22294904095725,False
63.300000000000004,299.155052038946,0.8868730408776823,0.8861500159296404,323.2029737943924,False
63.400000000000006,299.155052038946,0.8874246157537404,0.8863799723522411,323.1857307521137,False
63.5,299.155052038946,0.8884130356216157,0.8865995547939822,323.1709041101033,False
63.6,299.155052038946,0.8902737843123658,0.8868078581681035,323.1582081279669,False
63.7,299.155052038946,0.8873071632612161,0.8870043170977697,323.1473852125313,False
63.800000000000004,299.155052038946,0.8896476461501551,0.8871886444272888,323.1382039362204,False
63.900000000000006,299.155052038946,0.8872324399921705,0.8873607784248454,323.1304570461013,False
64.0,299.155052038946,0.8864285000121211,0.8875208376429881,323.12395950516134,False
64.10000000000001,299.155052038946,0.8882987244428046,0.8876690825035695,323.118546595914,False
64.2,299.155052038946,0.886594257072311,0.8878058827682943,323.1140721073504,False
64.3,299.155052038946,0.8867854317123972,0.8879316901439304,323.1104066191303,False
64.4,299.155052038946,0.8868315340914837,0.8880470153523682,323.1074358913779,False
64.5,299.155052038946,0.8835615606790139,0.8881524090700803,323.10505936421316,False
64.60000000000001,299.155052038946,0.8884594451646288,0.8882484462093077,323.10318876794634,False
64.7,299.155052038946,0.8858080423575739,0.8883357130747649,323.10174684249154,False
64.8,299.155052038946,0.8882002587438184,0.8884147969851549,323.10066616283245,False
64.9,299.155052038946,0.8913862155596799,0.8884862779987103,323.0998880661692,False
65.0,299.155052038946,0.8875087217805143,0.888550722426729,323.09936167556646,False
65.10000000000001,299.155052038946,0.8875246595421759,0.8886086778590708,323.0990430144281,False
65.2,299.155052038946,0.8913884882302174,0.8886606694612138,323.0988942058633,False
65.3,299.155052038946,0.889799808865063,0.8887071973341345,323.09888275092646,False
65.4,299.155052038946,0.8907017889510492,0.888748734756344,323.0989808797668,False
65.5,299.155052038946,0.8880751446842389,0.8887857271522128,323.0991649698706,False
65.60000000000001,299.155052038946,0.8903147580783389,0.888818591652597,323.099415025797,False
65.7,299.155052038946,0.8874753799546994,0.888847717133013,323.0997142150722,False
65.8,299.155052038946,0.8875214611802464,0.8888734646314902,323.10004845520155,False
65.9,299.155052038946,0.8900886566194067,0.8888961680629965,323.1004060470681,False
66.0,299.155052038946,0.8877193888176796,0.888916135160225,323.10077735030535,False
66.10000000000001,299.155052038946,0.890467885668232,0.8889336485817441,323.1011544965495,False
66.2,299.155052038946,0.8937323362091101,0.8889489671382514,323.1015311367859,False
66.3,299.155052038946,0.885590022022197,0.8889623270960916,323.10190221930844,False
66.4,299.155052038946,0.8874695347722165,0.8889739435244589,323.1022637950975,False
66.5,299.155052038946,0.8912243040226355,0.8889840116589501,323.10261284769877,False
66.60000000000001,299.155052038946,0.888702551920483,0.8889927082594694,323.10294714494216,False
66.7,299.155052038946,0.8913223726446311,0.889000192945046,323.10326511008475,False
66.8,299.155052038946,0.8869864809457216,0.8890066094919874,323.1035657101868,False
66.9,299.155052038946,0.8896747754406708,0.8890120870850549,323.1038483597418,False
67.0,299.155052038946,0.8887156288784434,0.889016741514089,323.1041128377755,False
67.10000000000001,299.155052038946,0.8893014177565449,0.8890206763107983,323.1043592168072,False
67.2,299.155052038946,0.8896862158604266,0.8890239838223158,323.10458780223365,False
67.3,299.155052038946,0.8865867334943756,0.8890267462196875,323.10479908084443,False
67.4,299.155052038946,0.8868807614699948,0.8890290364407134,323.10499367731717,False
67.5,299.155052038946,0.8918294070813747,0.8890309190675838,323.1051723176651,False
67.60000000000001,299.155052038946,0.8896188785637117,0.8890324511405497,323.10533579872384,False
67.7,299.155052038946,0.8892463755753983,0.889033682909493,323.10548496286793,False
67.8,299.155052038946,0.8889465090805023,0.8890346585257294,323.10562067723953,False
67.9,299.155052038946,0.8897485016741346,0.8890354166767224,323.1057438168578,False
68.0,299.155052038946,0.8867241176878119,0.8890359911666228,323.10585525105006,False
68.10000000000001,299.155052038946,0.8870383567819046,0.8890364114456953,323.1059558327171,False
68.2,296.2781356637701,0.8916457195861862,0.8890367030917733,323.10604639000263,False
68.3,296.2781356637701,0.8757153081578949,0.8892924046122344,322.53849705460493,True
68.4,296.2781356637701,0.8916712698042788,0.8899706680569708,322.03765287053733,False
68.5,296.2781356637701,0.8897462518138365,0.890957579827679,321.5996705907539,False
68.60000000000001,296.2781356637701,0.8949146110403573,0.8921611602796387,321.21963570852785,False
68.7,296.2781356637701,0.8941984820297578,0.8935079252191188,320.89210299959893,False
68.8,296.2781356637701,0.8959022914228183,0.8949397997843181,320.6114881920237,False
68.9,296.2781356637701,0.8975088856541422,0.8964114269787107,320.37233620525956,False
69.0,296.2781356637701,0.8962938473168031,0.8978878657955474,320.1694927502233,False
69.10000000000001,296.2781356637701,0.8956112074272193,0.8993426491540194,319.99820367589047,False
69.2,296.2781356637701,0.8986065558533634,0.9007561611875335,319.85416248487763,False
69.3,296.2781356637701,0.905375336644365,0.9021142909295923,319.7335221924087,False
69.4,296.2781356637701,0.906008689241992,0.903407321301351,319.6328838124409,False
69.5,296.2781356637701,0.9039351734825619,0.9046290162185179,319.5492704819717,False
69.60000000000001,296.2781356637701,0.9051725206176189,0.9057758732716912,319.48009362793533,False
69.7,296.2781356637701,0.9089197258298295,0.9068465140753578,319.42311558499773,False
69.8,296.2781356637701,0.9075043689285318,0.907841188674039,319.37641159043847,False
69.9,296.2781356637701,0.9061628544554499,0.9087613741957115,319.3383330104806,False
70.0,296.2781356637701,0.9121405374072808,0.9096094512220885,319.30747289614993,False
70.10000000000001,296.2781356637701,0.9113428012847998,0.910388444128972,319.28263444638395,False
70.2,296.2781356637701,0.9060691345589663,0.9111018139889734,319.2628026080782,False
70.3,296.2781356637701,0.9111269143713132,0.911753294582373,319.24711881805257,False
70.4,296.2781356637701,0.9126341040940054,0.9123467636874367,319.23485875376775,False
70.5,296.2781356637701,0.9138486368256756,0.912886143171558,319.22541288098853,False
70.60000000000001,296.2781356637701,0.9136796249034856,0.9133753225248624,319.2182695479705,False
70.7,296.2781356637701,0.9125466178128303,0.9138181014073176,319.21300036327756,False
70.8,296.2781356637701,0.913986629463516,0.914218147551576,319.2092475983364,False
70.9,296.2781356637701,0.9598599332551717,0.9145789670038801,319.20671336964205,True
71.0,296.2781356637701,0.9143678760456494,0.9149038842168774,319.2051503746559,False
71.10000000000001,296.2781356637701,0.914452228510185,0.9151960299495975,319.20435397691523,False
71.2,296.2781356637701,0.9179625031738545,0.9154583352965249,319.2041554578185,False
71.3,296.2781356637701,0.9138003151016983,0.9156935304722369,319.20441627378864,False
71.4,296.2781356637701,0.915205220288696,0.9159041472309158,319.20502317739124,False
71.5,296.2781356637701,0.912029985983744,0.9160925240098421,319.2058840791498,False
71.60000000000001,296.2781356637701,0.9173427529867841,0.9162608130598813,319.2069245431367,False
71.7,296.2781356637701,0.9180675178896573,0.9164109889699635,319.2080848239319,False
71.8,296.2781356637701,0.9176418317767525,0.9165448581115594,319.20931736532,False
71.9,296.2781356637701,0.9184994136022488,0.9166640686273264,319.2105846922696,False
72.0,296.2781356637701,0.9176515341584017,0.9167701206688746,319.21185763745984,False
72.10000000000001,296.2781356637701,0.9175494074367794,0.9168643766548725,319.21311385203757,False
72.2,296.2781356637701,0.9178959655088685,0.9169480713748925,319.21433655756204,False
72.3,296.2781356637701,0.9164877049445961,0.9170223218085026,319.215513502357,False
72.4,296.2781356637701,0.9194647922900381,0.9170881365648452,319.2166360908769,False
72.5,296.2781356637701,0.9164492807466966,0.9171464248767249,319.21769865931697,False
72.60000000000001,296.2781356637701,0.9142733012559303,0.9171980051062407,319.21869787466153,False
72.7,296.2781356637701,0.9189431799644879,0.9172436127372511,319.21963223775896,False
72.8,296.2781356637701,0.9209853134041865,0.9172839078442836,319.2205016739195,False
72.9,296.2781356637701,0.9153991798000138,0.9173194820385951,319.2213071970139,False
73.0,296.2781356637701,0.917147602641356,0.9173508649005417,319.22205063517566,False
73.10000000000001,296.2781356637701,0.9160076458922783,0.9173785299137144,319.22273440802167,False
73.2,296.2781356637701,0.916641733420595,0.91740289992085,319.2233613468524,False
73.3,296.2781356637701,0.9175165380682333,0.917424352124674,319.2239345506133,False
73.4,293.4860615552465,0.9149596057532848,0.9174432226588471,319.22445727152063,False
73.5,293.4860615552465,0.9170905780416684,0.917645885384203,318.68614537806627,False
73.60000000000001,293.4860615552465,0.9152141174842368,0.9181460522570015,318.23132920901566,False
73.7,293.4860615552465,0.9177171204699103,0.9188535757457932,317.8494507292961,False
73.8,293.4860615552465,0.9173267657479182,0.9196989050558911,317.5304959675852,False
73.9,293.4860615552465,0.9185106511073796,0.9206287725062999,317.26529376820736,False
74.0,293.4860615552465,0.9181629211407207,0.9216027425020371,317.045649833779,False
74.10000000000001,293.4860615552465,0.925029175204377,0.9225904660269117,316.86437405011327,False
74.2,293.4860615552465,0.9245876208057818,0.9235695026363028,316.71524285430644,False
74.3,293.4860615552465,0.9206886667011179,0.9245235947880309,316.5929254509813,False
74.4,293.4860615552465,0.9242476459443412,0.9254413011324369,316.4928929768034,False
74.5,293.4860615552465,0.9249740370102766,0.9263149142100827,316.411322754941,False
74.60000000000001,293.4860615552465,0.925757715273483,0.9271396035298203,316.3450049648214,False
74.7,293.4860615552465,0.9250189704189311,0.9279127374440441,316.2912558179057,False
74.8,293.4860615552465,0.930142118519135,0.9286333470763981,316.2478392243118,False
74.9,293.4860615552465,0.9285099757088324,0.9293017032798484,316.2128976115639,False
75.0,293.4860615552465,0.9308552814690103,0.9299189836500312,316.1848917623714,False
75.10000000000001,293.4860615552465,0.9315405228863227,0.9304870113559899,316.1625490934947,False
75.2,293.4860615552465,0.9337589418933441,0.9310080512700023,316.14481957791924,False
75.3,293.4860615552465,0.9278549072529945,0.9314846518084807,316.130838433141,False
75.4,293.4860615552465,0.9353967274360648,0.9319195232132149,316.1198947029605,False
75.5,293.4860615552465,0.9348530753897699,0.9323154448419875,316.1114049119418,False
75.60000000000001,293.4860615552465,0.9338213274884523,0.9326751955037812,316.1048910470492,False
75.7,293.4860615552465,0.9377686865048184,0.9330015020463501,316.09996220530564,False
75.8,293.4860615552465,0.9337069595403976,0.9332970023445432,316.0962993308814,False
75.9,293.4860615552465,0.9352071774264206,0.9335642195942802,316.0936425449065,False
76.0,293.4860615552465,0.960646897975255,0.9338055454268009,316.09178064402596,True
76.10000000000001,293.4860615552465,0.9362919446659214,0.9340232298500177,316.0905424083087,False
76.2,293.4860615552465,0.9345550283609949,0.9342193764215501,316.08978941549793,False
76.3,293.4860615552465,0.9334935410899512,0.9343959413796633,316.0894101071835,False
76.4,293.4860615552465,0.9387886141150833,0.9345547357184515,316.08931489397014,False
76.5,293.4860615552465,0.9340878300748144,0.9346974294038961,316.08943212189666,False
76.60000000000001,293.4860615552465,0.9348432797525295,0.9348255570973124,316.0897047520276,False
76.7,293.4860615552465,0.9345459649751015,0.9349405248897537,316.0900876300567,False
76.80000000000001,293.4860615552465,0.9335322758348584,0.9350436176613314,316.0905452436159,False
76.9,293.4860615552465,0.9361985515691728,0.9351360067681119,316.0910498824023,False
77.0,293.4860615552465,0.9366955770378015,0.935218757830336,316.09158013074756,False
77.10000000000001,293.4860615552465,0.936001583507947,0.9352928384524696,316.09211963433285,False
77.2,293.4860615552465,0.9306379692278455,0.9353591257507353,316.09265609278987,False
77.30000000000001,293.4860615552465,0.9374344076063426,0.9354184135994964,316.093180438262,False
77.4,293.4860615552465,0.9347709428363057,0.9354714195359519,316.09368616691484,False
77.5,293.4860615552465,0.9330861444607572,0.9355187912845359,316.09416879611786,False
77.60000000000001,293.4860615552465,0.9367676747974741,0.9355611128793722,316.0946254247692,False
77.7,293.4860615552465,0.9367246092168661,0.9355989103761183,316.0950543781718,False
77.80000000000001,293.4860615552465,0.9335465097497394,0.9356326571543021,316.0954549221247,False
77.9,297.778897547233,0.9406076501761601,0.935662778818495,316.09582703359075,False
78.0,297.778897547233,0.933036837840799,0.9354560909395504,316.9143234569941,False
78.10000000000001,297.778897547233,0.9313816297354093,0.9348476351441782,317.59463420089173,False
78.2,297.778897547233,0.9316208425601632,0.9339291854127598,318.163404114878,False
78.30000000000001,297.778897547233,0.9356203247993852,0.932778725113605,318.6411483268184,False
78.4,297.778897547233,0.9311100120578547,0.9314617255092618,319.04388789175374,False
78.5,297.778897547233,0.9292884331998659,0.9300325465755622,319.3843047731968,False
78.60000000000001,297.778897547233,0.9284115132278646,0.9285358286701313,319.6725664564957,False
78.7,297.778897547233,0.9258145772715523,0.9270078050873849,319.91692133174416,False
78.80000000000001,297.778897547233,0.9240969754439399,0.925477502270594,320.1241334466225,False
78.9,297.778897547233,0.9226853847526625,0.9239678157402733,320.2998035844589,False
79.0,297.778897547233,0.92391237276497,0.9224964617180351,320.4486091167198,False
79.10000000000001,297.778897547233,0.9231177224908437,0.9210768107195003,320.57448526806775,False
79.2,297.778897547233,0.9176084272870335,0.9197186124109991,320.6807637340467,False
79.30000000000001,297.778897547233,0.9189070781072844,0.9184286221638077,320.7702799731952,False
79.4,297.778897547233,0.9187875543175354,0.9172111398350373,320.8454572806504,False
79.5,297.778897547233,0.9139049669491621,0.9160684708481743,320.90837349217935,False
79.60000000000001,297.778897547233,0.913996185739586,0.9150013189236204,320.960814568074,False
79.7,297.778897547233,0.9119329906572294,0.914009118981851,321.0043181648036,False
79.80000000000001,297.778897547233,0.9105082608117384,0.9130903178977728,321.040209482177,False
79.9,297.778897547233,0.912446335708595,0.912242609971015,321.0696310811295,False
80.0,297.778897547233,0.9099908684730007,0.911463133215661,321.0935679368697,False
80.10000000000001,297.778897547233,0.9120108900516045,0.9107486318733155,321.1128686782221,False
80.2,297.778897547233,0.9100367460719879,0.9100955899172185,321.12826373416885,False
80.30000000000001,297.778897547233,0.881412777419103,0.9095003397404973,321.14038093968406,True
80.4,297.778897547233,0.908374583879757,0.9089591497049967,321.14975902834584,False
80.5,297.778897547233,0.907198298999052,0.9084682937642301,321.15685934686934,False
80.60000000000001,297.778897547233,0.9078427596902421,0.9080241059604557,321.1620760579217,False
80.7,297.778897547233,0.9076130299669433,0.9076230222274965,321.1657450459902,False
80.80000000000001,297.778897547233,0.9058499006146179,0.9072616116036512,321.1681517020629,False
80.9,297.778897547233,0.9077897895793632,0.9069365986691429,321.16953773306057,False
81.0,297.778897547233,0.9081380684785338,0.906644878766581,321.17010711888236,False
81.10000000000001,297.778897547233,0.906699692748214,0.9063835273375522,321.17003132179605,False
81.2,297.778897547233,0.9095767862877625,0.9061498045107594,321.16945383842307,False
81.30000000000001,297.778897547233,0.9046764778849683,0.9059411559042697,321.1684941728006,False
81.4,297.778897547233,0.9067964032902551,0.9057552104538529,321.16725129926476,False
81.5,297.778897547233,0.9047723063476124,0.9055897759486705,321.16580667570315,False
81.60000000000001,297.778897547233,0.9059120918499013,0.9054428328425508,321.1642268607188,False
81.7,297.778897547233,0.9036526281325565,0.9053125268117207,321.16256578217804,False
81.80000000000001,295.4126606311485,0.907427407201064,0.9051971604463345,321.16086669929405,False
81.9,295.4126606311485,0.9056301681753028,0.9052781263637883,320.69761357137094,False
82.0,295.4126606311485,0.9080553444852028,0.9056708554860564,320.29736044134285,False
82.10000000000001,295.4126606311485,0.9037578121293848,0.9062900032830323,319.95384646295247,False
82.2,295.4126606311485,0.9060806069339096,0.9070676373523111,319.660724240707,False
82.30000000000001,295.4126606311485,0.9061649901475773,0.9079501217481335,319.4118580895586,False
82.4,295.4126606311485,0.9078316015393866,0.9088954852699695,319.20150749079284,False
82.5,295.4126606311485,0.9084860058391183,0.90987122523349,319.0244267988452,False
82.60000000000001,295.4126606311485,0.9106114078186576,0.9108524896872322,318.8759064494739,False
82.7,295.4126606311485,0.9117860871295445,0.9118205814170002,318.7517751402167,False
82.80000000000001,295.4126606311485,0.9126797620440147,0.9127617317734078,318.64837739706866,False
82.9,295.4126606311485,0.9125550509849961,0.9136660987320198,318.5625368324598,False
83.0,295.4126606311485,0.9149018005937377,0.9145269502379604,318.4915122221674,False
83.10000000000001,295.4126606311485,0.917091231088435,0.9153400000973733,318.43295115939264,False
83.2,295.4126606311485,0.914298318042458,0.9161028691744358,318.38484432916715,False
83.30000000000001,295.4126606311485,0.9168164266137335,0.9168146493637297,318.34548223717644,False
83.4,295.4126606311485,0.9173274099911879,0.9174755517695397,318.31341539653573,False
83.5,295.4126606311485,0.9190233330857535,0.9180866238173059,318.2874184213692,False
83.60000000000001,295.4126606311485,0.9185218055728429,0.9186495227423904,318.2664581179944,False
83.7,295.4126606311485,0.9191350055321654,0.9191663351393554,318.2496654437485,False
83.80000000000001,295.4126606311485,0.9176572425290053,0.9196394340934615,318.23631107660793,False
83.9,295.4126606311485,0.9201147746039567,0.9200713669258375,318.2257842746014,False
84.0,295.4126606311485,0.9186209988454308,0.920464767824029,318.2175746806317,False
84.10000000000001,295.4126606311485,0.9218536991456636,0.9208222906493354,318.2112567304804,False
84.2,295.4126606311485,0.9209401201829751,0.9211465580515481,318.20647633907447,False
84.30000000000001,295.4126606311485,0.9215198405482858,0.9214401237130565,318.2029395656125,False
84.4,295.4126606311485,0.9199230643801747,0.9217054451143553,318.20040298733323,False
84.5,295.4126606311485,0.9235523798432702,0.9219448646833869,318.19866554169096,False
84.60000000000001,295.4126606311485,0.9235452253973974,0.9221605975795331,318.1975616257369,False
84.7,295.4126606311485,0.9240777725418546,0.922354724683755,318.19695526859937,False
84.80000000000001,295.4126606311485,0.9269839617930548,0.9225291896312284,318.1967352176257,False
84.9,295.4126606311485,0.9225807601768389,0.922685798941425,318.19681080081847,False
85.0,295.4126606311485,0.9252330301525593,0.9228262244809436,318.1971084476874,False
85.10000000000001,295.4126606311485,0.922704352030179,0.9229520076430269,318.1975687676908,False
85.2,295.4126606311485,0.9238527393417144,0.9230645647500338,318.1981441002431,False
85.30000000000001,295.4126606311485,0.9238958681408956,0.9231651932856698,318.19879646305276,False
85.4,295.4126606311485,0.9237842621729173,0.9232550786462004,318.1994958365463,False
85.5,295.4126606311485,0.9246518135243514,0.9233353011673107,318.2002187315515,False
85.60000000000001,295.4126606311485,0.9227989704775797,0.9234068432382583,318.200946995463,False
85.7,295.4126606311485,0.9235524609228281,0.9234705963596651,318.2016668189746,False
85.80000000000001,295.4126606311485,0.9245979873321511,0.9235273680374675,318.20236791130435,False
85.9,295.4126606311485,0.9270735962347568,0.9235778884346798,318.20304281680575,False
86.0,295.4126606311485,0.9219381033879976,0.9236228167259625,318.2036863500722,False
86.10000000000001,295.4126606311485,0.9200504818777768,0.9236627471185427,318.20429513022106,False
86.2,295.4126606311485,0.9227300435353809,0.9236982145176763,318.2048671980731,False
86.30000000000001,295.4126606311485,0.9239095566922285,0.923729699826267,318.20540170251184,False
86.4,301.784366177839,0.9241075890634789,0.9237576348770715,318.20589864447993,False
86.5,301.784366177839,0.9235539401789348,0.9233695046073613,319.4336797841498,False
86.60000000000001,301.784366177839,0.924612501106906,0.9222469208615484,320.4805759126251,False
86.7,301.784366177839,0.9224725492318518,0.9205204496462841,321.38322935606953,False
86.80000000000001,301.784366177839,0.9182072389925007,0.9183057748024033,322.16900557199324,False
86.9,301.784366177839,0.9147651256493421,0.9157042198948465,322.8586272383149,False
87.0,301.784366177839,0.9121117647049445,0.9128037824677095,323.46800249996403,False
87.10000000000001,301.784366177839,0.9089677759861323,0.9096803842920975,324.00950812934053,False
87.2,301.784366177839,0.9059479683246336,0.90639916727229,324.49290064685755,False
87.30000000000001,301.784366177839,0.899870441418596,0.9030157425416819,324.9259708590104,False
87.4,301.784366177839,0.8986552654575083,0.8995773469447935,325.3150194654227,False
87.5,301.784366177839,0.8952741282331252,0.8961238882757172,325.66520645778564,False
87.60000000000001,301.784366177839,0.8923111151565807,0.8926888759279766,325.98081047898813,False
87.7,301.784366177839,0.8887916417566117,0.889300241781452,326.265423220629,False
87.80000000000001,301.784366177839,0.8873250744157637,0.8859810601325087,326.5220964360721,False
87.9,301.784366177839,0.8816862903272932,0.8827501770392192,326.75345402174105,False
88.0,301.784366177839,0.8787456042657867,0.8796227596686486,326.96177808296505,False
88.10000000000001,301.784366177839,0.8776946532383563,0.8766107757290202,327.1490754357549,False
88.2,301.784366177839,0.8732527825226758,0.8737234122161642,327.31712926090694,False
88.30000000000001,301.784366177839,0.8714003511676454,0.870967441713954,327.4675393939888,False
88.4,301.784366177839,0.8696862148784393,0.8683475434817272,327.60175385057903,False
88.5,301.784366177839,0.8667105245913532,0.8658665856017971,327.7210935462223,False
88.60000000000001,301.784366177839,0.8640261984744848,0.8635258735785162,327.82677170324143,False
88.7,301.784366177839,0.8609324868743767,0.8613253699897284,327.91990909212365,False
88.80000000000001,301.784366177839,0.8606276773003674,0.8592638890941809,328.00154599892903,False
88.9,301.784366177839,0.8576903695738013,0.8573392696912713,328.0726516175625,False
89.0,301.784366177839,0.8545388235041484,0.855548529006272,328.13413141941584,False
89.10000000000001,301.784366177839,0.8535863815535393,0.8538879999275373,328.1868329404051,False
89.2,301.784366177839,0.8499171947897779,0.8523534535444229,328.2315503378801,False
89.30000000000001,301.784366177839,0.8490170966697999,0.8509402086180937,328.26902800084764,False
89.4,301.784366177839,0.8458774132811501,0.8496432293547072,328.29996344178954,False
89.5,302.27447867551876,0.8470973498715405,0.8484572126347544,328.32500965371804,False
89.60000000000001,302.27447867551876,0.8499831498449184,0.8473120590016566,328.4456060169638,False
89.7,302.27447867551876,0.8450366804955195,0.846149658175506,328.5579636985754,False
89.80000000000001,302.27447867551876,0.8465563711023792,0.8449812894681739,328.6624529051086,False
89.9,302.27447867551876,0.8438098021821188,0.8438167018905643,328.7594317571729,False
90.0,302.27447867551876,0.8412631705183985,0.8426642681645815,328.84924791945394,False
90.10000000000001,302.27447867551876,0.8442076828974292,0.8415311238671734,328.93223983655264,False
90.2,302.27447867551876,0.8415877050090901,0.8404232933119438,329.0087376435551,False
90.30000000000001,302.27447867551876,0.835842202456106,0.8393458035866662,329.07906380840575,False
90.4,302.27447867551876,0.8403855923953992,0.8383027879990258,329.1435335538359,False
90.5,302.27447867551876,0.835147997045185,0.8372975800356316,329.20245509920477,False
90.60000000000001,302.27447867551876,0.8359769709155332,0.8363327988086985,329.2561297566888,False
90.7,302.27447867551876,0.836746653692374,0.8354104268490062,329.3048519114474,False
90.80000000000001,302.27447867551876,0.8339321746800404,0.8345318810012388,329.34890891144187,False
90.9,302.27447867551876,0.835935965198464,0.8336980770872296,329.38858088926713,False
91.0,302.27447867551876,0.8344320164438137,0.8329094889227874,329.42414053552716,False
91.10000000000001,302.27447867551876,0.8290124509826099,0.8321662022035838,329.4558528408172,False
91.2,302.27447867551876,0.8305230954012257,0.8314679637140933,329.4839748211836,False
91.30000000000001,302.27447867551876,0.8313783737263504,0.8308142262599076,329.50875523994756,False
91.4,302.27447867551876,0.8290541923145919,0.830204189677122,329.53043433696104,False
91.5,302.27447867551876,0.8292042852197891,0.8296368382321513,329.5492435746742,False
91.60000000000001,302.27447867551876,0.8307105445134035,0.8291109746906257,329.5654054088189,False
91.7,302.27447867551876,0.8292588139176472,0.8286252513042803,329.5791330900403,False
91.80000000000001,302.27447867551876,0.826336959869111,0.8281781979394207,329.59063050143027,False
91.9,302.27447867551876,0.8281174602877585,0.8277682475490512,329.6000920356358,False
92.0,302.27447867551876,0.8261692199023798,0.8273937591725995,329.60770251403034,False
92.10000000000001,302.27447867551876,0.8246226539134189,0.8270530386318765,329.6136371493546,False
92.2,302.27447867551876,0.8244842453790474,0.8267443570790516,329.61806155225054,False
92.30000000000001,302.27447867551876,0.8270398786158023,0.8264659675416005,329.6211317812433,False
92.4,302.27447867551876,0.8261598921880687,0.8262161196000558,329.6229944349587,False
92.5,302.27447867551876,0.8260039359437251,0.8259930723266082,329.6237867847102,False
92.60000000000001,302.27447867551876,0.8235026875102025,0.8257951056059474,329.623636945044,False
92.7,302.27447867551876,0.8252526708539218,0.825620529953897,329.62266407938614,False
92.80000000000001,302.27447867551876,0.823393359728719,0.8254676949442171,329.62097863759845,False
92.9,298.2868281380274,0.8234822086821038,0.825334996349237,329.6186826220027,False
93.0,298.2868281380274,0.8254432478328948,0.8257735013464756,328.7902695822886,False
93.10000000000001,298.2868281380274,0.8244197313999229,0.8271865123025639,327.9903993617516,False
93.2,298.2868281380274,0.8307038110160168,0.8293652764832825,327.23341934610477,False
93.30000000000001,298.2868281380274,0.837097322056861,0.8321235563543152,326.5293429477541,False
93.4,298.2868281380274,0.836217280255688,0.8352996337575065,325.8842245778753,False
93.5,298.2868281380274,0.8366705573060135,0.8387563635840045,325.3007663527011,False
93.60000000000001,298.2868281380274,0.8418375161134585,0.8423798871417615,324.77901448949393,False
93.7,298.2868281380274,0.8429666702672762,0.8460775461544408,324.3170435315687,False
93.80000000000001,298.2868281380274,0.8490201835803164,0.8497754163429009,323.9115670793854,False
93.9,298.2868281380274,0.8544303807351529,0.853415752864014,323.55844643395875,False
94.0,298.2868281380274,0.8581333019119453,0.8569545323795738,323.253091188314,False
94.10000000000001,298.2868281380274,0.858295710035536,0.8603591955432528,322.9907593195489,False
94.2,298.2868281380274,0.8156700750955478,0.863606637775541,322.766770977629,True
94.30000000000001,298.2868281380274,0.8689942764504339,0.866681460400423,322.57665225599214,False
94.4,298.2868281380274,0.8730846562337112,0.869574473063513,322.416224649499,False
94.5,298.2868281380274,0.8708798373580512,0.8722814271234486,322.28165399342623,False
94.60000000000001,298.2868281380274,0.8730735547965317,0.8748019548206902,322.16947028441547,False
94.7,298.2868281380274,0.8772475196957739,0.877138687957533,322.0765673992473,False
94.80000000000001,298.2868281380274,0.8734403505475709,0.8792965308927077,322.0001895947099,False
94.9,298.2868281380274,0.880219996797282,0.8812820647995838,321.9379098859373,False
95.0,298.2868281380274,0.8825611127754015,0.8831030627140257,321.88760397089146,False
95.10000000000001,298.2868281380274,0.8838494135604467,0.8847680975355224,321.8474222622122,False
95.2,298.2868281380274,0.8831184811883845,0.8862862276447095,321.815761754613,False
95.30000000000001,298.2868281380274,0.8871756448522384,0.8876667470676978,321.7912388436967,False
95.4,298.2868281380274,0.8873657718794535,0.8889189891195649,321.7726637721178,False
95.5,298.2868281380274,0.8915671403134545,0.8900521741965383,321.7590170701722,False
95.60000000000001,298.2868281380274,0.8892383442417542,0.8910752938765997,321.74942814663603,False
95.7,298.2868281380274,0.8914323344973829,0.8919970247569053,321.7431560456679,False
95.80000000000001,298.2868281380274,0.8923597706808292,0.892825666531066,321.73957229666485,False
95.9,298.2868281380274,0.8947042425590928,0.8935690997164437,321.7381457309716,False
96.0,298.2868281380274,0.8891429500051672,0.8942347592058993,321.73842911113775,False
96.10000000000001,298.2868281380274,0.8941483705897124,0.8948296204613044,321.7400474068759,False
96.2,298.2868281380274,0.8968794260050187,0.8953601957064713,321.74268755120397,False
96.30000000000001,298.2868281380274,0.8951091614565774,0.8958325379310305,321.7460895163715,False
96.4,298.2868281380274,0.8789233078983353,0.8962522508978474,321.7500385592429,True
96.5,298.2868281380274,0.8972777000115175,0.8966245036663496,321.75435849792444,False
96.60000000000001,295.5405633018354,0.8976274222248197,0.8969540484123327,321.7589058942987,False
96.7,295.5405633018354,0.8969248849214952,0.8974658637054099,321.22626581032966,False
96.80000000000001,295.5405633018354,0.8959856599831891,0.8983052513977726,320.7643755456908,False
96.9,295.5405633018354,0.8978935005589066,0.8993748508499607,320.36689456093035,False
97.0,295.5405633018354,0.8999701187422596,0.9005976317601325,320.0270821581966,False
97.10000000000001,295.5405633018354,0.9001621882449126,0.9019132539564292,319.73822584541676,False
97.2,295.5405633018354,0.8994346120129953,0.9032749687097013,319.49391876950995,False
97.30000000000001,295.5405633018354,0.9031084501087563,0.9046470237066186,319.28822388388875,False
97.4,295.5405633018354,0.9058790257502234,0.906002513619167,319.1157569452767,False
97.5,295.5405633018354,0.9063074929952626,0.9073216131298457,318.97171386985747,False
97.60000000000001,295.5405633018354,0.9084389863518509,0.9085901320301277,318.8518617859804,False
97.7,295.5405633018354,0.9099656542350139,0.909798338277088,318.75250787117943,False
97.80000000000001,295.5405633018354,0.9127331532714905,0.9109400022707619,318.67045588951623,False
97.9,295.5405633018354,0.9164192711247092,0.9120116228778061,318.60295717476924,False
98.0,295.5405633018354,0.9144753599941783,0.9130118023139254,318.5476604761693,False
98.10000000000001,295.5405633018354,0.9111320856184904,0.913940742711588,318.5025634209977,False
98.2,295.5405633018354,0.9094859521349798,0.9147998420295844,318.4659671926014,False
98.30000000000001,295.5405633018354,0.9154024466436931,0.9155913709810317,318.43643524021786,False
98.4,295.5405633018354,0.9164609928424702,0.9163182159719543,318.4127563236267,False
98.5,295.5405633018354,0.9146599291515517,0.9169836757632208,318.3939118714927,False
98.60000000000001,295.5405633018354,0.9181353660700183,0.9175913017956142,318.37904743857274,False
98.7,295.5405633018354,0.9166108947635638,0.9181447739393014,318.3674479412655,False
98.80000000000001,295.5405633018354,0.9194531443847151,0.9186478049191519,318.3585163031638,False
98.9,295.5405633018354,0.9184530315415875,0.9191040678875312,318.3517551313197,False
99.0,295.5405633018354,0.920312067797874,0.9195171426164247,318.34675105546216,False
99.10000000000001,295.5405633018354,0.9164040862134739,0.9198904766016848,318.343161386714,False
99.2,295.5405633018354,0.9193504242965369,0.9202273580467355,318.34070278305734,False
99.30000000000001,295.5405633018354,0.9202337062349665,0.9205308982479116,318.3391416418062,False
99.4,295.71702348057846,0.9179542719100467,0.9208040213602466,318.33828597211004,False
99.5,295.71702348057846,0.9248029935565321,0.9210383170400785,318.37191004555643,False
99.60000000000001,295.71702348057846,0.9201474877684142,0.9212290345926052,318.40060438295797,False
99.7,295.71702348057846,0.9241634102318832,0.9213834667738664,318.42508688538334,False
99.80000000000001,295.71702348057846,0.9201790760921501,0.9215077602743902,318.4459697756709,False
99.9,295.71702348057846,0.9211471459022685,0.9216070882132306,318.4637757414757,False
100.0,295.71702348057846,0.9240536013350945,0.9216857975116745,318.4789514268289,False
100.10000000000001,295.71702348057846,0.9223551883939339,0.9217475347038784,318.49187875732474,False
100.2,295.71702348057846,0.9221794619524801,0.9217953532519004,318.50288448356343,False
100.30000000000001,295.71702348057846,0.9223636919040598,0.9218318050077073,318.5122482502729,False
100.4,295.71702348057846,0.9191267023443523,0.9218590180968341,318.5202094387273,False
100.5,295.71702348057846,0.9210996562329609,0.9218787631802371,318.5269729834056,False
100.60000000000001,295.71702348057846,0.9199796184683211,0.9218925097760845,318.532714327101,False
100.7,295.71702348057846,0.9222963013907071,0.9219014740860785,318.53758364956616,False
100.80000000000001,295.71702348057846,0.9208186633055877,0.9219066595663947,318.54170948149294,False
100.9,295.71702348057846,0.9218207730640913,0.9219088913070907,318.5452017968778,False
101.0,295.71702348057846,0.9217542600055383,0.9219088451320602,318.54815466160295,False
101.10000000000001,295.71702348057846,0.9218343314311642,0.9219070722009742,318.55064850363726,False
101.2,295.71702348057846,0.9218345255384673,0.9219040197822904,318.5527520600291,False
101.30000000000001,295.71702348057846,0.9205952925570342,0.9219000487698014,318.5545240474044,False
101.4,295.71702348057846,0.919787442841092,0.9218954484322051,318.5560145956355,False
101.5,295.71702348057846,0.9205617361952013,0.9218904488139086,318.55726647845466,False
101.60000000000001,295.71702348057846,0.9240283078254085,0.9218852311441211,318.5583161698317,False
101.7,295.71702348057846,0.9226282601717839,0.9218799365588541,318.5591947507545,False
101.80000000000001,295.71702348057846,0.9230485841166066,0.9218746733954226,318.55992868750553,False
101.9,295.71702348057846,0.9246294591132932,0.9218695232806845,318.56054049952905,False
102.0,295.71702348057846,0.9195056843348044,0.9218645462011508,318.56104933240834,False
102.10000000000001,295.71702348057846,0.9228796895579378,0.9218597847149741,318.56147144928855,False
102.2,295.71702348057846,0.9197051192313154,0.9218552674417209,318.5618206522061,False
102.30000000000001,295.71702348057846,0.9211823467475106,0.9218510119452444,318.5621086431807,False
102.4,295.71702348057846,0.9228155067929552,0.921847027107414,318.56234533354706,False
102.5,295.71702348057846,0.9250720056097399,0.921843315075467,318.56253910882157,False
102.60000000000001,295.71702348057846,0.92027554296804,0.9218398728529904,318.5626970553795,False
102.7,295.71702348057846,0.921647101086476,0.9218366935936636,318.56282515434384,False
102.80000000000001,295.71702348057846,0.924146241255559,0.9218337676476491,318.56292844733315,False
102.9,295.71702348057846,0.9188514671639285,0.9218310834026593,318.56301117806595,False
103.0,295.71702348057846,0.922552853784465,0.9218286279550519,318.5630769132608,False
103.10000000000001,295.71702348057846,0.8783793571486914,0.9218263876406503,318.5631286457894,True
103.2,295.71702348057846,0.9200609585072425,0.9218243484501826,318.56316888262523,False
103.30000000000001,295.71702348057846,0.9221157579963271,0.9218224963501799,318.5631997197722,False
103.4,295.71702348057846,0.923010669250432,0.9218208175267383,318.56322290605084,False
103.5,295.71702348057846,0.9199950990419986,0.921819298566651,318.56323989735495,False
103.60000000000001,295.71702348057846,0.9225779061516689,0.9218179265879755,318.5632519027604,False
103.7,295.71702348057846,0.9221634293092804,0.9218166893300402,318.56325992367596,False
103.80000000000001,295.71702348057846,0.9193319485991636,0.921815575211169,318.5632647870524,False
103.9,295.71702348057846,0.9249213990948212,0.921814573360941,318.5632671735236,False
104.0,296.30780900580976,0.9239934789722395,0.9218136736325993,318.56326764122787,False
104.10000000000001,296.30780900580976,0.9200548779346164,0.9217747314303946,318.6770310921397,False
104.2,296.30780900580976,0.9204991460931381,0.9216724078585998,318.77318580943074,False
104.30000000000001,296.30780900580976,0.9230647942120143,0.9215232337445192,318.85443516089475,False
104.4,296.30780900580976,0.9203497418457621,0.9213406399405278,318.92305150044734,False
104.5,296.30780900580976,0.9174560227893799,0.9211354599998252,318.9809516236872,False
104.60000000000001,296.30780900580976,0.9230141232575271,0.9209163590327256,319.0297570588242,False
104.7,296.30780900580976,0.9207077613752545,0.9206901985293229,319.0708427045243,False
104.80000000000001,296.30780900580976,0.9242763982404684,0.9204623458585385,319.1053764199331,False
104.9,296.30780900580976,0.9209518703715409,0.920236936125203,319.13435151692215,False
105.0,296.30780900580976,0.9203990780952225,0.9200170931164564,319.1586136275066,False
105.10000000000001,296.30780900580976,0.9255541161702134,0.9198051152074251,319.1788830694434,False
105.2,296.30780900580976,0.9192588966329891,0.919602631324892,319.1957735744032,False
105.30000000000001,296.30780900580976,0.9175070998546944,0.9194107313844482,319.20980805063374,False
105.4,296.30780900580976,0.9196884709738438,0.9192300750147052,319.22143190762637,False
105.5,296.30780900580976,0.9213324916605641,0.9190609818545219,319.2310243610899,False
105.60000000000001,296.30780900580976,0.9165732659600472,0.91890350624842,319.2389080532266,False
105.7,296.30780900580976,0.9169409685455611,0.918757498764172,319.24535725918355,False
105.80000000000001,296.30780900580976,0.9195222108048936,0.9186226566081408,319.2506049007235,False
105.9,296.30780900580976,0.9121038739287155,0.9184985647120828,319.25484854906085,False
106.0,296.30780900580976,0.9161993716881547,0.9183847290041193,319.25825556781564,False
106.10000000000001,296.30780900580976,0.9198715713162365,0.9182806031513524,319.2609675222245,False
106.2,296.30780900580976,0.9170121300353112,0.9181856098676174,319.2631039606825,False
106.30000000000001,296.30780900580976,0.9148461914477148,0.9180991577130969,319.2647656583072,False
106.4,296.30780900580976,0.9218717874862775,0.9180206541694189,319.2660373987221,False
106.5,296.30780900580976,0.9151284453367463,0.9179495156512929,319.26699035904454,False
106.60000000000001,296.30780900580976,0.916838443917027,0.9178851750109468,319.26768415368053,False
106.7,296.30780900580976,0.9170816240036279,0.9178270870022093,319.2681685846232,False
106.80000000000001,296.30780900580976,0.9179410208828813,0.9177747320949259,319.2684851392499,False
106.9,296.30780900580976,0.9169886085618569,0.9177276189656648,319.26866827090873,False
107.0,296.30780900580976,0.917523355778622,0.9176852859357562,319.2687464927045,False
107.10000000000001,296.30780900580976,0.917762290739381,0.9176473015812292,319.26874331070877,False
107.2,296.30780900580976,0.9174399118424229,0.9176132646999557,319.26867801921713,False
107.30000000000001,296.30780900580976,0.9177693514696128,0.9175828037882263,319.2685663775729,False
107.4,296.30780900580976,0.9127977247755524,0.9175555761511851,319.2684211853972,False
107.5,296.30780900580976,0.9184133961437714,0.9175312667482363,319.2682527707488,False
107.60000000000001,296.30780900580976,0.9147006734590903,0.9175095868550525,319.2680694037353,False
107.7,296.30780900580976,0.913156981585114,0.9174902726075722,319.2678776463644,False
107.80000000000001,296.30780900580976,0.9202357792928694,0.917473083479887,319.26768264792514,False
107.9,296.30780900580976,0.9148867701783546,0.9174578007367529,319.26748839389165,False
108.0,294.49873352886715,0.9178039641041679,0.9174442258922595,319.26729791522155,False
108.10000000000001,294.49873352886715,0.9160086830505425,0.9175538060246723,318.9178057877502,False
108.2,294.49873352886715,0.9165057929850212,0.9178627254167621,318.62173945482596,False
108.30000000000001,294.49873352886715,0.919281091843484,0.9183137823063198,318.37209429573363,False
108.4,294.49873352886715,0.9167655877482104,0.9188620376665934,318.16244354556085,False
108.5,294.49873352886715,0.9202177869413232,0.9194724383904932,317.9870126392341,False
108.60000000000001,294.49873352886715,0.8971994681259071,0.9201178774505443,317.84069403211817,True
108.7,294.49873352886715,0.9231065122483297,0.9207776164204574,317.71902456947595,False
108.80000000000001,294.49873352886715,0.9207635791790412,0.9214360056200352,317.6181410747079,False
108.9,294.49873352886715,0.9241746118432295,0.922081447336501,317.5347248943866,False
109.0,294.49873352886715,0.9261469463698777,0.9227055569563936,317.46594249113787,False
109.10000000000001,294.49873352886715,0.9264758495406352,0.9233024849817942,317.4093865632811,False
109.2,294.49873352886715,0.925040523668519,0.9238683697549361,317.3630203524158,False
109.30000000000001,294.49873352886715,0.9252992285076437,0.9244008963637856,317.3251265687842,False
109.4,294.49873352886715,0.93059785173384,0.9248989418123882,317.2942615548837,False
109.5,294.49873352886715,0.9298266421996076,0.9253622902820126,317.26921479480853,False
109.60000000000001,294.49873352886715,0.9242581707702006,0.9257914053384181,317.2489735674863,False
109.7,294.49873352886715,0.9280344664640285,0.9261872483914719,317.2326923695893,False
109.80000000000001,294.49873352886715,0.9277550531619011,0.926551134697774,317.2196666512962,False
109.9,294.49873352886715,0.9270291547290695,0.926884619806073,317.2093103825702,False
110.0,294.49873352886715,0.9274960352486987,0.9271894106524544,317.2011369769192,False
110.10000000000001,294.49873352886715,0.9284428668012097,0.927467296576285,317.19474312881056,False
110.2,294.49873352886715,0.9295948133502424,0.9277200963955832,317.1897951602561,False
110.30000000000001,294.49873352886715,0.9283871581125934,0.9279496183892901,317.18601751533964,False
110.4,294.49873352886715,0.9288372180429009,0.9281576306137813,317.1831830847931,False
110.5,294.49873352886715,0.9311301200841835,0.9283458394558982,317.1811050839109,False
110.60000000000001,298.8550585915465,0.9291513152009687,0.928515874714114,317.1796302449321,False
110.7,298.8550585915465,0.9295016985757999,0.9284116536123738,318.01291514693565,False
110.80000000000001,298.8550585915465,0.9298295327655599,0.927849072572401,318.7129353786837,False
110.9,298.8550585915465,0.9301930031109533,0.9269264782788365,319.3048013103784,False
111.0,298.8550585915465,0.9281822204293468,0.925728138570946,319.8078379953423,False
111.10000000000001,298.8550585915465,0.9250799503605194,0.9243255204548656,320.23713457106476,False
111.2,298.8550585915465,0.9231943046177864,0.9227786737098342,320.60463906833996,False
111.30000000000001,298.8550585915465,0.9186903916019612,0.921137598757664,320.9199403888807,False
111.4,298.8550585915465,0.9200276602130838,0.9194435351248766,321.1908328612361,False
111.5,298.8550585915465,0.915655801471931,0.9177301409918227,321.42372814079783,False
111.60000000000001,298.8550585915465,0.9139764750412134,0.9160245539242449,321.62395884551773,False
111.7,298.8550585915465,0.9156493515484304,0.9143483336934923,321.79600466604063,False
111.80000000000001,298.8550585915465,0.8725483978263914,0.9127182936604331,321.9436624530034,True
111.9,298.8550585915465,0.9120916487368923,0.9111472297448335,322.07017547366524,False
112.0,298.8550585915465,0.9083906306032318,0.9096445568379877,322.17833267255213,False
112.10000000000001,298.8550585915465,0.9106192704437974,0.9082168624288451,322.2705457303133,False
112.2,298.8550585915465,0.9071559310218789,0.9068683866617664,322.34890957168034,False
112.30000000000001,298.8550585915465,0.9079768939435828,0.9056014372895156,322.41525044784436,False
112.4,298.8550585915465,0.9057636281533537,0.90441674717299,322.47116462290546,False
112.5,298.8550585915465,0.9036442792624692,0.9033137811852718,322.5180499008109,False
112.60000000000001,298.8550585915465,0.9013339438155792,0.9022909986378006,322.5571316508989,False
112.7,298.8550585915465,0.9014090918297574,0.9013460766744597,322.5894845661327,False
112.80000000000001,298.8550585915465,0.9021321204478833,0.90047609947691,322.61605107578157,False
112.9,298.8550585915465,0.9010730330558353,0.8996777175875273,322.63765710350435,False
113.0,298.8550585915465,0.8965561118733506,0.8989472811783581,322.65502569087795,False
113.10000000000001,298.8550585915465,0.900332314774127,0.8982809506686351,322.66878887971836,False
113.2,298.8550585915465,0.897246971830059,0.8976747877130092,322.6794981526111,False
113.30000000000001,298.8550585915465,0.8987553566839764,0.8971248292419687,322.6876336614608,False
113.4,298.8550585915465,0.8952321704072249,0.8966271469300461,322.69361242232816,False
113.5,298.8550585915465,0.8974536047676018,0.8961778941922887,322.6977956166803,False
113.60000000000001,298.8550585915465,0.8941801587960838,0.8957733425617362,322.7004951109567,False
113.7,298.8550585915465,0.8956686227408451,0.8954099090775267,322.70197928543365,False
113.80000000000001,298.8550585915465,0.8944881164990349,0.8950841761124743,322.7024782478161,False
113.9,298.8550585915465,0.894221759754744,0.8947929048884629,322.702188495336,False
114.0,298.8550585915465,0.8933998692789235,0.8945330437661053,322.70127708031845,False
114.10000000000001,298.8550585915465,0.8939945740577592,0.8943017322502602,322.69988532739507,False
114.2,298.8550585915465,0.8906150321434332,0.8940963015237682,322.69813214521633,False
114.30000000000001,298.8550585915465,0.8956674715936609,0.893914272206858,322.69611697122184,False
114.4,298.8550585915465,0.8956767231120383,0.8937533499378615,322.69392238446693,False
114.5,298.8550585915465,0.8927258715353138,0.8936114192810077,322.6916164184615,False
114.60000000000001,298.8550585915465,0.8907270271362474,0.8934865363880633,322.68925460331087,False
114.7,298.8550585915465,0.892083502231769,0.8933769207714096,322.68688176405016,False
114.80000000000001,298.8550585915465,0.8951761751452487,0.893280946485853,322.68453359987086,False
114.9,298.8550585915465,0.8944481745108926,0.8931971329641291,322.6822380669098,False
115.0,298.8550585915465,0.8925234285840263,0.8931241357058639,322.6800165853715,False
115.10000000000001,298.8550585915465,0.8948552865411804,0.8930607369808993,322.6778850899781,False
115.2,298.8550585915465,0.8909228751620022,0.8930058366746673,322.67585494106834,False
115.30000000000001,298.8550585915465,0.8917331707128656,0.8929584433750476,322.67393371210085,False
115.4,298.8550585915465,0.8938668802696242,0.8929176657762573,322.67212586784615,False
115.5,298.8550585915465,0.8926908777958602,0.8928827044552691,322.6704333461821,False
115.60000000000001,298.8550585915465,0.8916743926612184,0.8928528440595288,322.66885605513113,False
115.7,298.8550585915465,0.8878031904698944,0.8928274459309172,322.6673922955957,False
115.80000000000001,298.8550585915465,0.894148373848787,0.8928059411795629,322.6660391191574,False
115.9,298.8550585915465,0.8934352678387326,0.892787824211938,322.66479262930295,False
116.0,298.8550585915465,0.8892868020532096,0.8927726467103125,322.663648233522,False
116.10000000000001,301.15908562418736,0.8939606634270839,0.8927600120548669,322.6626008528862,False
116.2,301.15908562418736,0.892517049113958,0.8925457766314752,323.11609509056944,False
116.30000000000001,301.15908562418736,0.8925344344351772,0.8919767648804285,323.5197982912095,False
116.4,301.15908562418736,0.8930117368211402,0.8911213504079882,323.8804178181255,False
116.5,301.15908562418736,0.8885588232545656,0.8900385968644643,324.2034064054848,False
116.60000000000001,301.15908562418736,0.8902065048212823,0.888779376392804,324.4932519350101,False
116.7,301.15908562418736,0.8887550727078485,0.8873873644038816,324.7536934177131,False
116.80000000000001,301.15908562418736,0.8874229508720362,0.8858999193935158,324.98788337251835,False
116.9,301.15908562418736,0.8876207701690073,0.884348858612395,325.19851087630457,False
117.0,301.15908562418736,0.8840786105573547,0.8827611408718453,325.3878954823881,False
117.10000000000001,301.15908562418736,0.8800363519541989,0.8811594673748773,325.55805936648983,False
117.2,301.15908562418736,0.883159579465137,0.87956281062486,325.71078306506314,False
117.30000000000001,300.65808138237554,0.875772255357872,0.8779868804490815,325.84764875569743,False
117.4,300.65808138237554,0.8755750717369193,0.8765005189256353,325.8689732475051,False
117.5,300.65808138237554,0.8732281118997933,0.8751570513218021,325.8843380414102,False
117.60000000000001,300.65808138237554,0.8737412854688795,0.8739468070679632,325.89458809744275,False
117.7,300.65808138237554,0.8750247399966645,0.8728603014302438,325.9004822258769,False
117.80000000000001,300.65808138237554,0.8744838770403347,0.8718883051266535,325.9026995148481,False
117.9,300.65808138237554,0.871948935240269,0.8710219004086611,325.90184535455643,False
118.0,300.65808138237554,0.8690337429404702,0.8702525250676327,325.89845713278413,False
118.10000000000001,300.65808138237554,0.8684647645339739,0.869572005730275,325.89300964834473,False
118.2,300.65808138237554,0.8677661894443051,0.8689725817176202,325.8859202690928,False
118.30000000000001,300.65808138237554,0.8703526020202714,0.868446920655624,325.8775538474765,False
118.4,300.65808138237554,0.8204748667505745,0.8679881269406169,325.86822739784674,True
118.5,300.65808138237554,0.8693187966297788,0.8675897440789545,325.85821453465127,False
118.60000000000001,300.65808138237554,0.8671805636939187,0.8672457518371672,325.84774966825796,False
118.7,301.6413265389177,0.8672946612018675,0.8669505590569636,325.83703195468473,False
118.80000000000001,301.6413265389177,0.8696139395670065,0.8665905027992051,326.02437455553667,False
118.9,301.6413265389177,0.8651264733400073,0.8660771413681219,326.19730837482234,False
119.0,301.6413265389177,0.868763452561112,0.8654399953688172,326.35684513267233,False
119.10000000000001,301.6413265389177,0.8618859830917163,0.8647048884104636,326.50389517110585,False
119.2,301.6413265389177,0.8622448179610388,0.8638943453489119,326.63928565743095,False
119.30000000000001,301.6413265389177,0.8598711645692931,0.8630279473754964,326.7637749362156,False
119.4,301.6413265389177,0.8606290853524259,0.8621226491205256,326.87806385399296,False
119.5,301.6413265389177,0.8623588264747322,0.8611930622803087,326.9828046932736,False
119.60000000000001,301.6413265389177,0.8617271678280688,0.8602517096981416,327.0786082113882,False
119.7,301.6413265389177,0.8599228039289591,0.8593092533220111,327.1660491730659,False
119.80000000000001,301.6413265389177,0.8589088829423139,0.8583746990189832,327.2456706843118,False
119.9,301.6413265389177,0.8551089268869568,0.8574555808403718,327.31798757264147,False
120.0,301.6413265389177,0.8539044633303706,0.8565581269962231,327.3834890102829,False
120.10000000000001,301.6413265389177,0.8562951895213577,0.8556874095063838,327.4426405390602,False
120.2,301.6413265389177,0.8575430931976818,0.8548474792430698,327.4958856257439,False
120.30000000000001,301.6413265389177,0.853313218340936,0.8540414878616654,327.5436468527666,False
120.4,301.6413265389177,0.8507346786950432,0.8532717979282238,327.5863268299405,False
120.5,301.6413265389177,0.8494735214345926,0.8525400823900923,327.6243088971064,False
120.60000000000001,301.6413265389177,0.850486110967681,0.8518474143969089,327.6579576747107,False
120.7,301.6413265389177,0.8543534360043077,0.8511943483599695,327.68761950855105,False
120.80000000000001,301.6413265389177,0.8501655139609317,0.8505809930359964,327.71362284591515,False
120.9,301.6413265389177,0.8479311905862016,0.8500070773343145,327.7362785727342,False
121.0,301.6413265389177,0.8482530677839129,0.8494720094722417,327.7558803349308,False
121.10000000000001,301.6413265389177,0.8480078400976686,0.8489749300402749,327.7727048616777,False
121.2,301.6413265389177,0.8490459863151731,0.8485147594847298,327.7870123036525,False
121.30000000000001,292.64424838285714,0.8467702075622575,0.8480902404694086,327.7990465954634,False
121.4,292.64424838285714,0.8469990937189451,0.8487789728682874,325.9792208189759,False
121.5,292.64424838285714,0.8508550816417199,0.8512311156108058,324.29892384390166,False
121.60000000000001,292.64424838285714,0.8558326498964606,0.8548953092472681,322.79336328549834,False
121.7,292.64424838285714,0.8607733372515719,0.8593392497157142,321.4757814433627,False
121.80000000000001,292.64424838285714,0.8653367953773649,0.8642357313448304,320.34382696031355,False
121.9,292.64424838285714,0.8684286437723686,0.8693436376317099,319.3854165816794,False
122.0,292.64424838285714,0.8710991449188693,0.8744892989549229,318.58329934647116,False
122.10000000000001,292.64424838285714,0.8779534503148668,0.8795504826006207,317.91824007916676,False
122.2,292.64424838285714,0.8850117021512626,0.8844435393647104,317.371046373528,False
122.30000000000001,292.64424838285714,0.8864461838306593,0.8891134544016791,316.92373904760615,False
122.4,292.64424838285714,0.861712831517143,0.8935262963690851,316.5601377515693,True
122.5,292.64424838285714,0.8964835919982755,0.8976635438966303,316.26607265122567,False
122.60000000000001,292.64424838285714,0.9003535136796136,0.9015178415866197,316.02937239136907,False
122.7,292.64424838285714,0.9073288440220462,0.9050898300060017,315.8397291765003,False
122.80000000000001,292.64424838285714,0.9088232435838184,0.9083857783240612,315.6885054817818,False
122.9,292.64424838285714,0.9141563288862438,0.9114158165405908,315.56852174869096,False
123.0,292.64424838285714,0.9123141106580323,0.9141926166339577,315.47384773079597,False
123.10000000000001,292.64424838285714,0.9189918934088462,0.9167304110245845,315.3996094753691,False
123.2,292.64424838285714,0.9208624263144183,0.919044265493934,315.3418173303367,False
123.30000000000001,292.64424838285714,0.9151595391897318,0.9211495447494613,315.2972164569926,False
123.4,292.64424838285714,0.9228849828295185,0.9230615242530575,315.2631591402344,False
123.5,293.6530741358432,0.9278795621019459,0.9247951132840987,315.2374970713623,False
123.60000000000001,293.6530741358432,0.879563961104911,0.9263151098861808,315.40971271959427,True
123.7,293.6530741358432,0.9267209341720598,0.9276035764851958,315.5525050161938,False
123.80000000000001,293.6530741358432,0.928230636402708,0.9286962171840516,315.67112199651285,False
123.9,293.6530741358432,0.9270171244872752,0.9296232220497497,315.76981497827325,False
124.0,293.6530741358432,0.9308226898526084,0.930410104872488,315.85204460266993,False
124.10000000000001,293.6530741358432,0.9498106709323735,0.9310784203833298,315.92063978487994,True
124.2,293.6530741358432,0.9296157621226062,0.9316463756105785,315.977921488331,False
124.30000000000001,293.6530741358432,0.934367678055662,0.932129349334731,316.0257999425731,False
124.4,293.6530741358432,0.9324992023239911,0.9325403324117417,316.0658516071219,False
124.5,293.6530741358432,0.9321634482649416,0.932890300362701,316.0993805376683,False
124.60000000000001,293.6530741358432,0.9329767059922751,0.933188528238378,316.12746763058055,False
124.7,293.6530741358432,0.938926644472365,0.9334428564473906,316.1510103666893,False
124.80000000000001,293.6530741358432,0.9357302910115218,0.9336599150300054,316.1707550500706,False
124.9,293.6530741358432,0.932294030033097,0.9338453127822882,316.18732307573794,False
125.0,293.6530741358432,0.9373372961900667,0.934003796689086,316.20123241575385,False
125.10000000000001,293.6530741358432,0.9339617964267048,0.9341393863025219,316.2129152539561,False
125.2,293.6530741358432,0.9357349208614936,0.9342554869947717,316.2227325024008,False
125.30000000000001,293.6530741358432,0.9331817245021724,0.9343549854077057,316.23098578146335,False
125.4,293.6530741358432,0.9325646179286128,0.9344403299052488,316.23792732858385,False
125.5,293.6530741358432,0.9361174237178157,0.9345135983953041,316.2437682094057,False
125.60000000000001,293.6530741358432,0.9330387820173613,0.9345765555160943,316.24868513332535,False
125.7,293.6530741358432,0.933068064636194,0.9346307008671902,316.2528261186664,False
125.80000000000001,293.6530741358432,0.9364729782981902,0.9346773096998718,316.2563152074047,False
125.9,293.6530741358432,0.9323933291980604,0.9347174672574496,316.2592563930556,False
126.0,293.6530741358432,0.9319135937639255,0.934752097767421,316.26173689603974,False
126.10000000000001,293.6530741358432,0.9358720977211039,0.9347819889284039,316.2638298971128,False
126.2,293.6530741358432,0.9308880493516618,0.9348078126010474,316.26559682012106,False
126.30000000000001,293.6530741358432,0.9333266909862634,0.9348301422995994,316.2670892395622,False
126.4,293.6530741358432,0.9341181757621974,0.9348494679861984,316.2683504754884,False
126.5,293.6530741358432,0.9321755946105124,0.9348662085903865,316.2694169276483,False
126.60000000000001,293.6530741358432,0.9326459415666415,0.9348807226094523,316.27031919199254,False
126.7,293.6530741358432,0.9362250629458422,0.9348933170889723,316.2710829954197,False
126.80000000000001,293.6530741358432,0.898899320867843,0.934904255235636,316.27172997864204,True
126.9,293.6530741358432,0.9330223399380843,0.934913762874685,316.2722783520744,False
127.0,293.6530741358432,0.9359810050629335,0.9349220339308633,316.27274344551944,False
127.10000000000001,293.6530741358432,0.9379677919656825,0.9349292350836611,316.2731381689897,False
127.2,293.6530741358432,0.9323706741041133,0.9349355097239812,316.2734733991473,False
127.30000000000001,293.6530741358432,0.9350634929091403,0.9349409813194561,316.2737583034629,False
127.4,293.6530741358432,0.9388990589739636,0.9349457562788982,316.27400061220953,False
127.5,293.6530741358432,0.9361722461703607,0.9349499263922638,316.27420684675144,False
127.60000000000001,293.6530741358432,0.9365803411588439,0.9349535709106426,316.2743825112062,False
127.7,293.6530741358432,0.9345564529797803,0.9349567583207806,316.27453225340327,False
127.80000000000001,293.6530741358432,0.9333636203479448,0.9349595478602201,316.27466000009747,False
127.9,296.95373303314216,0.9372487342017886,0.9349619908120338,316.2747690705901,False
128.0,296.95373303314216,0.936090406210523,0.9347829563221989,316.9042280473946,False
128.1,296.95373303314216,0.9341942859761451,0.9342973323466155,317.4273114371739,False
128.20000000000002,296.95373303314216,0.9326485576711614,0.933579229120808,317.8638319427883,False
128.3,296.95373303314216,0.9291951428929904,0.9326905933498286,318.22929849280587,False
128.4,296.95373303314216,0.9319944667123686,0.9316826542541307,318.53600587813827,False
128.5,296.95373303314216,0.9292139070034517,0.9305973325325793,318.7938158380572,False
128.6,296.95373303314216,0.9292048437656977,0.9294685523024597,319.01072354945,False
128.70000000000002,296.95373303314216,0.8868354012095825,0.9283234290124304,319.1932733790811,True
128.8,296.95373303314216,0.9140132215171127,0.9271833253565058,319.3468676890726,True
128.9,296.95373303314216,0.9275027797138358,0.9260647777757439,319.47599900055957,False
129.0,296.95373303314216,0.9294904303171507,0.9249803016527401,319.58442668311426,False
129.1,296.95373303314216,0.9262693228944222,0.9239390858360619,319.6753130874576,False
129.20000000000002,296.95373303314216,0.9214554316149215,0.9229475879664669,319.7513297261508,False
129.3,296.95373303314216,0.9203734381141266,0.9220100419612214,319.81474110400603,False
129.4,296.95373303314216,0.9257851898455912,0.9211288883964133,319.8674716915946,False
129.5,296.95373303314216,0.9189784853549366,0.9203051376715224,319.91116004342393,False
129.6,296.95373303314216,0.9194504042108801,0.9195386748959464,319.9472029992175,False
129.70000000000002,296.95373303314216,0.9223182326633864,0.9188285144878737,319.9767921440623,False
129.8,296.95373303314216,0.9216036433160905,0.9181730115670993,320.00094415267915,False
129.9,296.95373303314216,0.9174607723193208,0.9175700363776461,320.0205262433397,False
130.0,296.95373303314216,0.9175010033659992,0.9170171172029215,320.03627767499603,False
130.1,296.95373303314216,0.9132413379335763,0.9165115565377376,320.0488280066365,False
130.20000000000002,296.95373303314216,0.9142338272549341,0.9160505246559782,320.0587126791762,False
130.3,296.95373303314216,0.9149006158957631,0.9156311341559824,320.06638636192656,False
130.4,296.95373303314216,0.915239178233864,0.9152504985728414,320.07223441682214,False
130.5,296.95373303314216,0.9142591367602463,0.9149057777123605,320.076582766175,False
130.6,294.5370642989312,0.9148987999431746,0.9145942119800231,320.07970639803125,False
130.70000000000002,294.5370642989312,0.9188712255396886,0.9144858225118978,319.61321906319967,False
130.8,294.5370642989312,0.9156148066455707,0.9146861249237727,319.214577164048,False
130.9,294.5370642989312,0.9157287239793876,0.9151113096038781,318.875994214083,False
131.0,294.5370642989312,0.9156989121018007,0.9156952593900178,318.58992329273195,False
131.1,294.5370642989312,0.9160423515236934,0.916386166733693,318.34931370194454,False
131.20000000000002,294.5370642989312,0.9196096367282579,0.9171437475278384,318.1477474861682,False
131.3,294.5370642989312,0.9159544417327061,0.9179369645941371,317.97949351643587,False
131.4,294.5370642989312,0.9184910179083002,0.9187421769584323,317.83950775675214,False
131.5,294.5370642989312,0.9173500856041757,0.9195416400663445,317.7234005084577,False
131.6,294.5370642989312,0.9204965523210394,0.9203222929171927,317.627385193084,False
131.70000000000002,294.5370642989312,0.9213128793256294,0.9210747786811622,317.5482185101967,False
131.8,294.5370642989312,0.923633667862284,0.9217926548460578,317.48313836022504,False
131.9,294.5370642989312,0.9248670802826421,0.9224717570410091,317.42980348401994,False
132.0,294.5370642989312,0.8755003398746121,0.9231096874206809,317.38623709305125,True
132.1,294.5370642989312,0.926949922585069,0.9237054040108883,317.3507756418013,False
132.20000000000002,294.5370642989312,0.9274358984323902,0.9242588918964445,317.3220231667048,False
132.3,294.5370642989312,0.9254016181300686,0.9247709007539583,317.2988111635637,False
132.4,294.5370642989312,0.9259894298811501,0.9252427361558994,317.2801637098989,False
132.5,294.5370642989312,0.9218035310491614,0.9256760944325649,317.2652673975424,False
132.6,294.5370642989312,0.9267134191959155,0.9260729327864604,317.25344558006765,False
132.70000000000002,294.5370642989312,0.9264251847907832,0.9264353678985389,317.244136429261,False
132.8,294.5370642989312,0.9233886070955581,0.9267655975193251,317.2368743143935,False
132.9,294.5370642989312,0.9262030684935493,0.9270658405572328,317.2312740540656,False
133.0,294.5370642989312,0.9292531399403051,0.927338292006761,317.22701763414875,False
133.1,294.5370642989312,0.9251075410842603,0.927585089736894,317.2238430313464,False
133.20000000000002,294.5370642989312,0.9303941930431919,0.9278082907138225,317.2215348268473,False
133.3,294.5370642989312,0.9289594533226355,0.9280098546851595,317.219916336585,False
133.4,294.5370642989312,0.9277348575432993,0.9281916337237864,317.2188430228301,False
133.5,294.5370642989312,0.9280707117589359,0.9283553663332933,317.21819698587785,False
133.6,294.5370642989312,0.9301625292743662,0.928502675065867,317.2178823644917,False
133.70000000000002,294.5370642989312,0.9257722782482736,0.9286350668072948,317.217821499734,False
133.8,294.5370642989312,0.9826110571237631,0.9287539350505476,317.217951739204,True
133.9,294.5370642989312,0.9272337245567053,0.9288605636157742,317.21822277787834,False
134.0,294.5370642989312,0.9274255649019801,0.9289561313858743,317.21859444809627,False
134.1,294.5370642989312,0.9314832541119372,0.9290417177175586,317.219034885118,False
134.20000000000002,294.5370642989312,0.9306984129316234,0.9291183082615999,317.2195190064415,False
134.3,294.5370642989312,0.9318375843771362,0.9291868009858365,317.22002725299853,False
134.4,294.5370642989312,0.931339974390618,0.929248012242889,317.22054454872824,False
134.5,294.5370642989312,0.9300554746211375,0.9293026827635412,317.22105944208175,False
134.6,294.5370642989312,0.9267987151947645,0.9293514834880107,317.2215633989468,False
134.70000000000002,294.5370642989312,0.9284493413522037,0.929395021172281,317.2220502214662,False
134.8,294.5370642989312,0.9298307224557036,0.9294338437264602,317.2225155714123,False
134.9,294.5370642989312,0.9294340801167714,0.9294684452576921,317.22295658029026,False
135.0,294.5370642989312,0.9253937051609317,0.9294992708022969,317.22337153128956,False
135.1,294.5370642989312,0.9316155314598835,0.9295267207411735,317.2237596006714,False
135.20000000000002,294.5370642989312,0.9330134398235617,0.9295511548996187,317.2241206482459,False
135.3,294.5370642989312,0.9325010867354032,0.9295728963380193,317.22445504832376,False
135.4,294.5370642989312,0.9275565155907868,0.9295922348437405,317.22476355397595,False
135.5,294.5370642989312,0.9304813636967177,0.9296094301372406,317.2250471886436,False
135.6,294.5370642989312,0.9253717186380678,0.9296247148072376,317.2253071601543,False
135.70000000000002,294.5370642989312,0.9330183332748092,0.9296382969908431,317.22554479304375,False
135.8,294.5370642989312,0.9257706089955456,0.9296503628151033,317.2257614757894,False
135.9,294.5370642989312,0.9304820961429913,0.9296610786164968,317.22595862014765,False
136.0,294.5370642989312,0.9319957523319696,0.9296705929547234,317.22613763027994,False
136.1,292.5722343117085,0.9322616818985278,0.9296790384366663,317.2262998797577,False
136.20000000000002,292.5722343117085,0.930487342487502,0.9297994014580762,316.85082426555795,False
136.3,292.5722343117085,0.9272486979584292,0.9300999980566427,316.539105339538,False
136.4,292.5722343117085,0.9303232430052298,0.9305255945913185,316.28135920045855,False
136.5,292.5722343117085,0.9304971546853197,0.9310337916336896,316.0689768846696,False
136.6,292.5722343117085,0.9323289721902134,0.9315922538721195,315.8945035236414,False
136.70000000000002,292.5722343117085,0.9341520240844607,0.9321765321164293,315.75156118818654,False
136.8,292.5722343117085,0.9340924315633067,0.93276834979869,315.63474381987066,False
136.9,292.5722343117085,0.9375974864778774,0.9333542533625384,315.53950229461634,False
137.0,292.5722343117085,0.9352466496624984,0.933924547952254,315.46203051908185,False
137.1,292.5722343117085,0.9336948222181386,0.9344724572347504,315.3991586888582,False
137.20000000000002,292.5722343117085,0.9382534188574735,0.9349934597531532,315.3482567498118,False
137.3,292.5722343117085,0.93485570856018,0.9354847646900692,315.30714917439064,False
137.4,292.5722343117085,0.9365086250233788,0.9359448980014701,315.2740410131626,False
137.5,292.5722343117085,0.9367349319707019,0.9363733761179747,315.2474545387079,False
137.6,292.5722343117085,0.9321839865213049,0.9367704492379253,315.22617548038306,False
137.70000000000002,292.5722343117085,0.9376905398964437,0.9371368999895952,315.20920773037983,False
137.8,292.5722343117085,0.9380527660784389,0.9374738861714377,315.19573540217925,False
137.9,292.5722343117085,0.9373634084706529,0.9377828185805976,315.1850911891048,False
138.0,292.5722343117085,0.9377826928046047,0.938065266755123,315.17673006983694,False
138.1,292.5722343117085,0.9357540799064303,0.938322886893474,315.1702075189974,False
138.20000000000002,292.5722343117085,0.9387222939765466,0.9385573673588706,315.1651614921899,False
138.3,292.5722343117085,0.9417762390618684,0.9387703880890647,315.161297559545,False
138.4,292.5722343117085,0.9493559827237822,0.9389635909629637,315.15837665658677,True
138.5,292.5722343117085,0.9380943072589284,0.9391385587618996,315.15620500491525,False
138.6,292.5722343117085,0.9380813430449864,0.9392968008346065,315.1546258277849,False
138.70000000000002,292.5722343117085,0.9434739197706179,0.9394397439542432,315.1535125478236,False
138.8,292.5722343117085,0.9368582401835005,0.9395687271612546,315.15276320687093,False
138.9,292.5722343117085,0.9413748991666412,0.9396849996319675,315.152295892331,False
139.0,292.5722343117085,0.9400125444213655,0.9397897208110721,315.15204499163536,False
139.1,292.5722343117085,0.9437257550526963,0.9398839622057823,315.1519581274456,False
139.20000000000002,292.5722343117085,0.9425912412096498,0.9399687103678817,315.15199365201914,False
139.3,292.5722343117085,0.9398682346411121,0.9400448706930361,315.152118600554,False
139.4,292.5722343117085,0.9370303344743366,0.940113271749489,315.15230702102906,False
139.5,292.5722343117085,0.9430339496010041,0.9401746699144602,315.15253861268064,False
139.6,292.5722343117085,0.9431458414846919,0.9402297541494032,315.15279761732575,False
139.70000000000002,292.5722343117085,0.9380693467982582,0.9402791507872951,315.1530719176882,False
139.8,292.5722343117085,0.941813895232832,0.9403234282384217,315.15335230508055,False
139.9,292.5722343117085,0.9387615684496529,0.9403631015473717,315.15363188553727,False
140.0,292.5722343117085,0.9388462561417953,0.9403986367545245,315.1539055990434,False
140.1,292.5722343117085,0.9372118281924737,0.9404304550313458,315.1541698310672,False
140.20000000000002,292.5722343117085,0.9423247470261619,0.9404589365711632,315.1544220993533,False
140.3,292.5722343117085,0.9410266810787458,0.9404844242265471,315.154660802016,False
140.4,292.5722343117085,0.941496226352958,0.9405072268915414,315.154885015501,False
140.5,292.5722343117085,0.9434325725057152,0.9405276226322618,315.1550943330645,False
140.6,292.5722343117085,0.9418831108463828,0.9405458615731958,315.15528873612084,False
140.70000000000002,292.5722343117085,0.9417312940628849,0.9405621685492126,315.1554684922117,False
140.8,292.5722343117085,0.9420752932931982,0.9405767455350649,315.1556340744953,False
140.9,292.5722343117085,0.9384606301768441,0.9405897738652549,315.15578609859637,False
141.0,292.5722343117085,0.9405324859884614,0.9406014162576928,315.1559252734262,False
141.1,294.1836434896018,0.9381992955454412,0.9406118186547338,315.15605236321574,False
141.20000000000002,294.1836434896018,0.9387410266309445,0.9405408528521608,315.46182572098763,False
141.3,294.1836434896018,0.9401529026563049,0.940336535659293,315.7126823332758,False
141.4,294.1836434896018,0.9421589183341207,0.9400351430977714,315.918781040378,False
141.5,294.1836434896018,0.9437822993151579,0.93966587128736,316.0882631244565,False
141.6,294.1836434896018,0.9370816036150849,0.9392519899408699,316.227698304244,False
141.70000000000002,294.1836434896018,0.9391585082913171,0.9388118474586001,316.3424194501355,False
141.8,294.1836434896018,0.9382179138326063,0.9383597347050187,316.4367769233211,False
141.9,294.1836434896018,0.9389610908438201,0.9379066195989743,316.51433415164274,False
142.0,294.1836434896018,0.9386255864259272,0.9374607666613093,316.5780197142271,False
142.1,294.1836434896018,0.9377530982673123,0.9370282559387205,316.6302468423586,False
142.20000000000002,294.1836434896018,0.9346790619643113,0.9366134150492063,316.67300821284573,False
142.3,294.1836434896018,0.9370085277964241,0.9362191769505184,316.70795178620585,False
142.4,294.1836434896018,0.9376320281185268,0.9358473746923712,316.7364419390653,False
142.5,294.1836434896018,0.9344722013780964,0.9354989830429894,316.7596090668931,False
142.6,294.1836434896018,0.9391306454151492,0.9351743155679682,316.7783900588045,False
142.70000000000002,294.1836434896018,0.9344033581666326,0.9348731845305264,316.79356148163083,False
142.8,294.1836434896018,0.9333273095010591,0.9345950298966483,316.80576689443086,False
142.9,294.1836434896018,0.9349317808474396,0.9343390227706236,316.8155394046137,False
143.0,294.1836434896018,0.9335889687834688,0.934104147751748,316.82332034321064,False
143.1,294.1836434896018,0.9311549223542966,0.9338892679825076,316.8294747587426,False
143.20000000000002,294.1836434896018,0.9336408624683693,0.9336931760414152,316.8343042918413,False
143.3,294.1836434896018,0.9367060381899607,0.9335146333081639,316.8380578857914,False
143.4,294.1836434896018,0.9373574646184178,0.9333523999835381,316.8409407039138,False
143.5,294.1836434896018,0.9320711746499164,0.9332052575708979,316.84312155772705,False
143.6,294.1836434896018,0.9348825745176111,0.9330720253103275,316.8447390961018,False
143.70000000000002,294.1836434896018,0.9332166307017485,0.9329515717920424,316.8459069621934,False
143.8,294.1836434896018,0.9334105960140248,0.9328428227547202,316.84671808958564,False
143.9,294.1836434896018,0.9352795083168558,0.9327447658904283,316.8472482801319,False
144.0,294.1836434896018,0.934360596381559,0.9326564533249809,316.8475591821554,False
144.1,294.1836434896018,0.9328856431474721,0.9325770023159492,316.8477007679827,False
144.20000000000002,294.1836434896018,0.930648106034557,0.9325055946059282,316.8477133934544,False
144.3,294.1836434896018,0.9301935130993271,0.9324414747824588,316.84762950847846,False
144.4,294.1836434896018,0.9322559117042616,0.9323839479251562,316.8474750763738,False
144.5,294.1836434896018,0.9329796034174844,0.9323323767625507,316.84727075030264,False
144.6,294.1836434896018,0.9332925222982442,0.9322861785137261,316.8470328471911,False
144.70000000000002,294.1836434896018,0.9338087602579955,0.9322448215512442,316.8467741529289,False
144.8,294.1836434896018,0.934166992248127,0.9322078219905309,316.8465045871044,False
144.9,294.1836434896018,0.9273685868921001,0.9321747402856092,316.8462317508972,False
145.0,292.99828350181036,0.933952058556795,0.9321451778907357,316.84596137786747,False
145.1,292.99828350181036,0.9300902902860484,0.9321851858392094,316.61941642172144,False
145.20000000000002,292.99828350181036,0.934563380205151,0.932335243055637,316.4316747432196,False
145.3,292.99828350181036,0.9332363762261184,0.9325630875702339,316.2765211432695,False
145.4,292.99828350181036,0.9341047741422642,0.9328436545066902,316.14861597907935,False
145.5,292.99828350181036,0.9320757462909969,0.933157597787405,316.043411744065,False
145.6,292.99828350181036,0.9340554128290484,0.9334901101863163,315.9570621398551,False
145.70000000000002,292.99828350181036,0.9300955555874378,0.9338299807462185,315.8863317752283,False
145.8,292.99828350181036,0.9363593344973299,0.9341688412639207,315.82851116646026,False
145.9,292.99828350181036,0.9338388861585536,0.9345005636358352,315.7813394357779,False
146.0,292.99828350181036,0.9296426172198006,0.9348207778094612,315.7429356541411,False
146.1,292.99828350181036,0.9372494534423631,0.9351264863350447,315.7117388889869,False
146.20000000000002,292.99828350181036,0.938769303868505,0.9354157564152003,315.6864565076709,False
146.3,292.99828350181036,0.9339352151777558,0.9356874742105639,315.6660200226836,False
146.4,292.99828350181036,0.9383665689753511,0.9359411492037656,315.64954765440666,False
146.5,292.99828350181036,0.9346772479325154,0.9361767588347402,315.63631277102,False
146.6,292.99828350181036,0.9318615842767148,0.9363946255365803,315.62571740321687,False
146.70000000000002,292.99828350181036,0.9358795348814269,0.9365953198299856,315.61727009790917,False
146.8,292.99828350181036,0.9374318572624945,0.9367795843585086,315.6105674539079,False
146.9,292.99828350181036,0.9372153769888748,0.9369482747301192,315.6052787638222,False
147.0,292.99828350181036,0.949001067514844,0.9371023138226952,315.6011332644551,True
147.1,292.99828350181036,0.9378355025661294,0.9372426568506047,315.597909569786,False
147.20000000000002,292.99828350181036,0.9378033763341947,0.937370265006949,315.5954269248849,False
147.3,292.99828350181036,0.9370540093083338,0.9374860859152495,315.5935379754916,False
147.4,292.99828350181036,0.9363882767180943,0.9375910394644009,315.5921227967809,False
147.5,292.99828350181036,0.9371544061816394,0.9376860078767328,315.5910839666149,False
147.6,292.99828350181036,0.9370684839508447,0.9377718290831608,315.59034250407313,False
147.70000000000002,292.99828350181036,0.9372434474145555,0.9378492926614252,315.5898345240236,False
147.8,292.99828350181036,0.9357132308786149,0.9379191377411858,315.5895084836844,False
147.9,292.99828350181036,0.9368968636305972,0.9379820523996315,315.5893229182185,False
148.0,295.28565746100816,0.9382031265460319,0.9380386741684617,315.5892445800129,False
148.1,295.28565746100816,0.9590871138610172,0.9379713220227639,316.02397406473744,True
148.20000000000002,295.28565746100816,0.9375737787732331,0.9377018366682704,316.38239866347703,False
148.3,295.28565746100816,0.9369148161045971,0.9372821359330679,316.67864853530057,False
148.4,295.28565746100816,0.9378235837313574,0.9367546839842131,316.92394754100286,False
148.5,295.28565746100816,0.9377828027923971,0.9361538654711671,317.12729643422836,False
148.6,295.28565746100816,0.9368673903100306,0.9355072305526296,317.2959741450818,False
148.70000000000002,295.28565746100816,0.9313367794164222,0.93483659758728,317.43591030760786,False
148.8,295.28565746100816,0.9332482041764817,0.9341590143589904,317.5519656409267,False
148.9,295.28565746100816,0.9348988953903754,0.9334875862163048,317.64814563483867,False
149.0,295.28565746100816,0.933862977732547,0.9328321830851929,317.7277654013055,False
149.1,295.28565746100816,0.9335596598074004,0.932200038604791,317.79357834873014,False
149.20000000000002,295.28565746100816,0.9322249576421908,0.9315962546261519,317.84787773615926,False
149.3,295.28565746100816,0.9293171499969688,0.9310242236015916,317.89257765345945,False
149.4,295.28565746100816,0.9329311094025496,0.930485980337868,317.92927820753795,False
149.5,295.28565746100816,0.9272633156494278,0.9299824933978543,317.9593184421826,False
149.6,295.28565746100816,0.9314854208184891,0.9295139052336416,317.9838196233274,False
149.70000000000002,295.28565746100816,0.9290469787232261,0.9290797289857072,318.0037208753856,False
149.8,295.28565746100816,0.9257337003734454,0.9286790088220187,318.0198086840064,False
149.9,295.28565746100816,0.9275181321312885,0.9283104497323957,318.03274143510265,False
150.0,295.28565746100816,0.9303800253335068,0.9279725218404727,318.0430699036457,False
150.1,295.28565746100816,0.9264867402053752,0.9276635435450362,318.0512544135164,False
150.20000000000002,295.28565746100816,0.9249605423540774,0.927381747147706,318.0576792440126,False
150.3,295.28565746100816,0.926547749489045,0.9271253300565625,318.06266474691705,False
150.4,295.28565746100816,0.9252563442493885,0.9268924941664717,318.0664775514124,False
150.5,295.28565746100816,0.9241802756392222,0.9266814755976794,318.06933916617464,False
150.6,295.28565746100816,0.9273656421207453,0.9264905666162914,318.0714332340674,False
150.70000000000002,295.28565746100816,0.9279144758709432,0.9263181312557476,318.07291165163167,False
150.8,295.28565746100816,0.9250591530658479,0.9261626159002301,318.0738997305567,False
150.9,295.28565746100816,0.9270698017200646,0.9260225558727748,318.0745005497084,False
151.0,295.28565746100816,0.9251225248572237,0.9258965788870628,318.07479862272436,False
151.1,295.28565746100816,0.9255839778091679,0.9257834060674816,318.0748629866365,False
151.20000000000002,295.28565746100816,0.9259286559347416,0.9256818511127565,318.0747498006691,False
151.3,295.28565746100816,0.9285773851532841,0.9255908180705001,318.0745045306841,False
151.4,295.28565746100816,0.9265244158305046,0.9255092981001606,318.07416378323154,False
151.5,295.28565746100816,0.9234381393101991,0.9254363655272789,318.07375684344066,False
151.6,295.28565746100816,0.9264028319017862,0.9253711734302862,318.07330696275665,False
151.70000000000002,295.28565746100816,0.9248705724097646,0.925312948950238,318.0728324355487,False
151.8,295.28565746100816,0.9243282676543324,0.9252609884721477,318.07234749768884,False
151.9,295.28565746100816,0.9235351300774138,0.9252146527924539,318.0718630751636,False
152.0,295.28565746100816,0.9251208418342677,0.9251733623593805,318.0713874065002,False
152.1,299.39194365751996,0.9250163277798914,0.9251365926504648,318.0709265591454,False
152.20000000000002,299.39194365751996,0.9240392468905216,0.9248436116196106,318.8602872690143,False
152.3,299.39194365751996,0.9213229188251033,0.9241052135132999,319.52901944491924,False
152.4,299.39194365751996,0.9196028661355709,0.92301721072171,320.0991187504648,False
152.5,299.39194365751996,0.9219176798281389,0.9216617108441095,320.5875983943592,False
152.6,299.39194365751996,0.9204648594104806,0.9201084499035681,321.00780806431806,False
152.70000000000002,299.39194365751996,0.9227824261638345,0.9184161687891305,321.37037026894285,False
152.8,299.39194365751996,0.9162766152846562,0.9166339413033824,321.68385223885525,False
152.9,299.39194365751996,0.9168452561919482,0.914802408033605,321.955253155509,False
153.0,299.39194365751996,0.9153453044405818,0.9129548969959433,322.19036106497254,False
153.1,299.39194365751996,0.8735620856677255,0.9111184270575685,322.39401689735985,True
153.20000000000002,299.39194365751996,0.909468200185561,0.9093145981786858,322.57031162557445,False
153.3,299.39194365751996,0.9067006889640858,0.9075603764386414,322.7227348665235,False
153.4,299.39194365751996,0.9094191018007171,0.9058687833791484,322.85428792494474,False
153.5,299.39194365751996,0.9012326351227643,0.9042494994652754,322.96757060300035,False
153.60000000000002,299.39194365751996,0.9026300987582512,0.9027093910555266,323.06484852171553,False
153.70000000000002,299.39194365751996,0.9040212155358145,0.9012529695476071,323.14810587495884,False
153.8,299.39194365751996,0.8996674304034781,0.8998827905301452,323.21908723049216,False
153.9,299.39194365751996,0.897457924932999,0.8985997999325563,323.27933104899694,False
154.0,299.39194365751996,0.8978693986539144,0.8974036333800239,323.33019690428995,False
154.10000000000002,299.39194365751996,0.8973468502765197,0.8962928742511546,323.37288788289135,False
154.20000000000002,299.39194365751996,0.8964001614550136,0.8952652753076406,323.40846926777283,False
154.3,299.39194365751996,0.894881234844381,0.89431794821451,323.4378843337269,False
154.4,299.39194365751996,0.8949477070278007,0.8934475247884052,323.46196787494046,False
154.5,299.39194365751996,0.8945416955025955,0.8926502933905982,323.4814579307604,False
154.60000000000002,299.39194365751996,0.8897085476873504,0.8919223135121087,323.49700606002887,False
154.70000000000002,299.39194365751996,0.8905017276217174,0.8912595112722127,323.50918642797416,False
154.8,299.39194365751996,0.8923971409144237,0.8906577582619329,323.5185039052324,False
154.9,299.39194365751996,0.8910901759540549,0.8901129359050938,323.5254013307054,False
155.0,299.39194365751996,0.8900901874933573,0.8896209872766606,323.5302660545471,False
155.10000000000002,299.39194365751996,0.8905229158920419,0.8891779581078054,323.53343585150344,False
155.20000000000002,299.39194365751996,0.8906843359859449,0.8887800285165431,323.53520427574324,False
155.3,299.39194365751996,0.919942171317019,0.8884235368298529,323.5358255144224,True
155.4,299.39194365751996,0.8856511078817155,0.8881049967060031,323.53551878713773,False
155.5,299.39194365751996,0.8855137457017096,0.8878211086230792,323.53447233112684,False
155.60000000000002,299.39194365751996,0.8912861149285259,0.8875687666702535,323.5328470067672,False
155.70000000000002,299.39194365751996,0.8852361963146712,0.8873450614611671,323.53077955404086,False
155.8,299.39194365751996,0.8866781056379346,0.8871472798830246,323.5283855277291,False
155.9,299.39194365751996,0.8866019457016688,0.8869729022998385,323.5257619368699,False
156.0,302.36324421557146,0.8888817180733509,0.8868195977429328,323.52298961222357,False
156.10000000000002,302.36324421557146,0.8829275189549266,0.8864041611527286,324.10977160200326,False
156.20000000000002,302.36324421557146,0.8854277565372836,0.8855062929591904,324.63906312875883,False
156.3,302.36324421557146,0.8866381300941159,0.8842093534004185,325.1190823100044,False
156.4,302.36324421557146,0.8848158507073601,0.882586051182979,325.5563748100998,False
156.5,302.36324421557146,0.8815183246085952,0.8806997006197222,325.9562126196292,False
156.60000000000002,302.36324421557146,0.8780834719065795,0.8786053500813394,326.32288852811854,False
156.70000000000002,302.36324421557146,0.8798661513682414,0.8763507844749714,326.6599358107061,False
156.8,302.36324421557146,0.8706335155622085,0.8739774099152465,326.9702937286627,False
156.9,302.36324421557146,0.8734830017181049,0.8715210311676812,327.2564333671626,False
157.0,302.36324421557146,0.8700288889178934,0.8690125331406017,327.5204541529344,False
157.10000000000002,302.36324421557146,0.8676605508205055,0.8664784774516902,327.7641584899316,False
157.20000000000002,302.36324421557146,0.864473242028802,0.8639416243683198,327.989109913147,False
157.3,302.36324421557146,0.8618317497782105,0.8614213894833165,328.19667871703666,False
157.4,302.36324421557146,0.8607958194836056,0.8589342434920012,328.3880779828945,False
157.5,302.36324421557146,0.8541879728875641,0.8564940624648654,328.5643921850374,False
157.60000000000002,302.36324421557146,0.8516193312135127,0.854112435104603,328.72660001411856,False
157.70000000000002,302.36324421557146,0.852123839124952,0.8517989326542644,328.8755926587905,False
157.8,302.36324421557146,0.8496656479728273,0.8495613463894628,329.01218849356,False
157.9,302.36324421557146,0.8477332173037609,0.8474058969790815,329.1371449023848,False
158.0,302.36324421557146,0.8485182853964841,0.8453374194294737,329.251167804049,False
158.10000000000002,302.36324421557146,0.8422009081218357,0.843359526828955,329.35491932210743,False
158.20000000000002,302.36324421557146,0.8429773931967279,0.8414747556744464,329.44902394873236,False
158.3,302.36324421557146,0.8404535905902644,0.839684695182784,329.53407348051127,False
158.4,302.36324421557146,0.8427232274632058,0.8379901026585248,329.6106309495535,False
158.5,302.36324421557146,0.8335866333988802,0.836391006701878,329.67923373103883,False
158.60000000000002,302.36324421557146,0.8337947855526505,0.834886799789314,329.7403959755159,False
158.70000000000002,302.36324421557146,0.8325627414727699,0.8334763215408355,329.7946104885404,False
158.8,302.36324421557146,0.83479913959108,0.8321579337978717,329.8423501598993,False
158.9,302.36324421557146,0.8292897513292181,0.8309295884708899,329.8840690284035,False
159.0,302.36324421557146,0.8331047749722321,0.8297888889731995,329.92020305504917,False
159.10000000000002,302.36324421557146,0.8319293625608047,0.8287331459345354,329.95117066651363,False
159.20000000000002,302.36324421557146,0.829490653084432,0.8277594277826442,329.9773731218931,False
159.3,302.36324421557146,0.8277393587717785,0.8268646066913246,329.9991947478914,False
159.4,302.36324421557146,0.8229330439395761,0.8260454003174493,330.01700308101516,False
159.5,302.36324421557146,0.8256627086996047,0.825298409685848,330.031148949492,False
159.60000000000002,302.36324421557146,0.8217588102106325,0.8246201535281091,330.04196652244167,False
159.70000000000002,302.36324421557146,0.8232818465588251,0.824007099338048,330.04977334917766,False
159.8,302.36324421557146,0.8238618928381318,0.8234556913715391,330.0548704073166,False
159.9,302.36324421557146,0.8223446330325391,0.8229623757904775,330.0575421745798,False
160.0,302.36324421557146,0.8244252343731797,0.8225236231287615,330.05805673574156,False
160.10000000000002,302.36324421557146,0.8218775959471296,0.8221359482413889,330.0566659331005,False
160.20000000000002,302.36324421557146,0.8186987634445904,0.8217959278851327,330.05360556610185,False
160.3,302.36324421557146,0.8193801016179232,0.8215002160699846,330.0490956433198,False
160.4,302.36324421557146,0.8186977405336773,0.8212455573139105,330.0433406878999,False
160.5,302.36324421557146,0.8203959371732553,0.8210287979287872,330.0365300957659,False
160.60000000000002,302.36324421557146,0.8233420651761787,0.8208468954621391,330.02883854439017,False
160.70000000000002,302.36324421557146,0.8217084185132622,0.8206969264169689,330.020426448709,False
160.8,302.36324421557146,0.8212551113133604,0.820576092370201,330.01144045980635,False
160.9,302.36324421557146,0.8179109618223798,0.8204817246086851,330.0020140012834,False
161.0,302.36324421557146,0.8251496151060862,0.8204112874001058,329.99226783774526,False
161.10000000000002,302.36324421557146,0.8203058536899336,0.8203623800143104,329.9823106695561,False
161.20000000000002,302.36324421557146,0.8251665629480333,0.8203327376083689,329.9722397479049,False
161.3,302.36324421557146,0.8185853881934426,0.8203202310860476,329.96214150427363,False
161.4,302.36324421557146,0.8191871730781716,0.8203228660392436,329.9520921885715,False
161.5,296.01621185069314,0.8255381038558484,0.8203387808753143,329.94215851047704,False
161.60000000000002,296.01621185069314,0.8191015993521683,0.8212515873106798,328.61722332819494,False
161.70000000000002,296.01621185069314,0.8245048790398775,0.8236674673984937,327.3448300541284,False
161.8,296.01621185069314,0.8265259043593801,0.8272023149083363,326.1565558373635,False
161.9,296.01621185069314,0.8298989444693868,0.8315257691487689,325.07228794846236,False
162.0,296.01621185069314,0.8406867250360088,0.836364565842773,324.1017555100983,False
162.10000000000002,296.01621185069314,0.8394914409014936,0.8414997030031149,323.24675498652675,False
162.20000000000002,296.01621185069314,0.8485551949128817,0.8467603249096871,322.5034484972102,False
162.3,296.01621185069314,0.854225029017721,0.8520164038227533,321.86438351293356,False
162.4,296.01621185069314,0.8551478719864103,0.8571714748973612,321.32009417523415,False
162.5,296.01621185069314,0.8583616105759471,0.8621560611576558,320.86027548942246,False
162.60000000000002,296.01621185069314,0.8633607522028993,0.8669220319974267,320.4745863808892,False
162.70000000000002,296.01621185069314,0.869838752385283,0.8714379193208984,320.15315943468556,False
162.8,296.01621185069314,0.8761304389442158,0.8756851096067108,319.8868937817844,False
162.9,296.01621185069314,0.8803256745665874,0.8796547903055798,319.6675961330551,False
163.0,296.01621185069314,0.8829674305141878,0.8833455236625205,319.48802079658066,False
163.10000000000002,296.01621185069314,0.886550718493916,0.8867613316632176,319.3418462374423,False
163.20000000000002,296.01621185069314,0.8918582869114309,0.889910192194671,319.2236147298242,False
163.3,296.01621185069314,0.8943391695727184,0.8928028636159121,319.12865315014596,False
163.4,296.01621185069314,0.8962094789657706,0.8954519705154873,319.05298670494096,False
163.5,298.9201896669368,0.8966373624830127,0.8978712967192265,318.99325295097043,False
163.60000000000002,298.9201896669368,0.9014391793933405,0.8998840338354406,319.5065656326193,False
163.70000000000002,298.9201896669368,0.9017321257758304,0.9013697064209871,319.94666759226055,False
163.8,298.9201896669368,0.9009213070784738,0.9024169773728956,320.3257623122224,False
163.9,298.9201896669368,0.9019484125583269,0.9031022043124176,320.65353806491504,False
164.0,298.9201896669368,0.9059481910051858,0.9034908954883113,320.9377828922246,False
164.10000000000002,298.9201896669368,0.9073298098209805,0.9036390458958138,321.18483256989936,False
164.20000000000002,298.9201896669368,0.9025348890294004,0.9035943424942613,321.3999001891935,False
164.3,298.9201896669368,0.8992411031405163,0.9033972394491807,321.5873209953569,False
164.4,298.9201896669368,0.9042568380242393,0.9030819105902526,321.7507359856593,False
164.5,298.9201896669368,0.9008705635020847,0.9026770891544917,321.8932308519961,False
164.60000000000002,298.9201896669368,0.9036718021524144,0.9022068058307621,322.01744208588286,False
164.70000000000002,298.9201896669368,0.9009391214569603,0.9016910360123636,322.1256387452752,False
164.8,298.9201896669368,0.9056054634760039,0.9011462665163584,322.21978604961396,False
164.9,298.9201896669368,0.9008104801541621,0.9005859911434805,322.3015953130829,False
165.0,298.9201896669368,0.9018268448967368,0.9000211434945097,322.372563538853,False
165.10000000000002,298.9201896669368,0.8970303670650235,0.8994604745275914,322.4340051385994,False
165.20000000000002,298.9201896669368,0.8932722985957327,0.8989108814725942,322.4870776155477,False
165.3,298.9201896669368,0.8986483561723219,0.898377693935517,322.5328025893545,False
165.4,298.9201896669368,0.8983888485115001,0.8978649223312964,322.572083200896,False
165.5,298.9201896669368,0.8988160724438771,0.8973754731726593,322.6057186819021,False
165.60000000000002,298.9201896669368,0.8958037123010325,0.8969113352083423,322.63441668510984,False
165.70000000000002,298.9201896669368,0.893890062927862,0.8964737399371496,322.6588038285471,False
165.8,298.9201896669368,0.8928623088643799,0.8960632996160767,322.67943480060916,False
165.9,298.9201896669368,0.8967864073523183,0.895680125522909,322.69680029190437,False
166.0,298.9201896669368,0.8967445107713011,0.8953239289191135,322.71133395889234,False
166.10000000000002,298.9201896669368,0.8932425902244805,0.894994106881273,322.7234185782624,False
166.20000000000002,298.9201896669368,0.8936337456830108,0.8946898149235791,322.73339151615966,False
166.3,298.9201896669368,0.8929536572311345,0.894410028115631,322.74154961002387,False
166.4,298.9201896669368,0.8903631772396322,0.8941535922053937,322.7481535408869,False
166.5,298.9201896669368,0.8943174973010914,0.8939192660836585,322.7534317589031,False
166.60000000000002,298.9201896669368,0.8953977890044588,0.8937057567712303,322.7575840134701,False
166.70000000000002,298.9201896669368,0.8930650485498155,0.8935117479712786,322.76078453062286,False
166.8,298.9201896669368,0.8904909784957415,0.8933359231050427,322.76318487376176,False
166.9,298.9201896669368,0.8927803398710106,0.8931769836379111,322.76491651868093,False
167.0,298.9201896669368,0.8957625087847074,0.8930336634034606,322.76609316990346,False
167.10000000000002,298.9201896669368,0.8971645516676932,0.8929047395442274,322.76681284220433,False
167.20000000000002,298.9201896669368,0.8933272348872847,0.8927890406087622,322.7671597286921,False
167.3,298.9201896669368,0.8911075702165979,0.8926854522739895,322.76720587476206,False
167.4,298.9201896669368,0.8886217701783521,0.8925929210992267,322.76701267550146,False
167.5,298.9201896669368,0.8894185844741898,0.8925104566626602,322.76663221264175,False
167.60000000000002,298.9201896669368,0.8922593572815865,0.8924371323819599,322.7661084458437,False
167.70000000000002,302.19870008374653,0.8928236161377935,0.8923720852773886,322.765478271929,False
167.8,302.19870008374653,0.8925339263678018,0.8920206465189755,323.41219526625645,False
167.9,302.19870008374653,0.8906293033294288,0.8911552582603223,323.9902759072552,False
168.0,302.19870008374653,0.8867797493225117,0.8898661935320336,324.5101637575781,False
168.10000000000002,302.19870008374653,0.8850791834259776,0.8882320952854366,324.98009874139797,False
168.20000000000002,302.19870008374653,0.886615967577041,0.8863213188483926,325.4066585976695,False
168.3,302.19870008374653,0.8825440198727122,0.8841931556366731,325.79515470446114,False
168.4,302.19870008374653,0.8845086015632599,0.8818989304801721,326.1499245475975,False
168.5,302.19870008374653,0.8765651498952681,0.8794829754022796,326.4745500368066,False
168.60000000000002,302.19870008374653,0.8803576838817498,0.8769834880344087,326.77202205383117,False
168.70000000000002,302.19870008374653,0.873100292842475,0.8744332852069262,327.04486560858163,False
168.8,302.19870008374653,0.8723068409162731,0.8718604629135437,327.2952358455659,False
168.9,302.19870008374653,0.869735297436569,0.869288973577961,327.52499227008377,False
169.0,302.19870008374653,0.8660511157137197,0.8667391308134375,327.73575654773856,False
169.10000000000002,302.19870008374653,0.8602010852331445,0.8642280509224002,327.92895780263115,False
169.20000000000002,302.5004954305981,0.8608052486109813,0.861770039383817,328.10586831848275,False
169.3,302.5004954305981,0.8623818792973487,0.8593369589052807,328.32975650399106,False
169.4,302.5004954305981,0.8543434907151217,0.8569050772652445,328.53759676305384,False
169.5,302.5004954305981,0.8508071143675147,0.8544913326621225,328.7304358097107,False
169.60000000000002,302.5004954305981,0.8516724097245957,0.8521101567185215,328.9092109637067,False
169.70000000000002,302.5004954305981,0.8489489914956494,0.8497737656264686,329.07476932319986,False
169.8,302.5004954305981,0.8449067327369169,0.8474924162530502,329.2278832206855,False
169.9,302.5004954305981,0.8437694862990361,0.8452746317285696,329.36926272664255,False
170.0,302.5004954305981,0.8421652422888688,0.8431274004547432,329.49956579118003,False
170.10000000000002,302.5004954305981,0.8402306030323561,0.8410563519592865,329.6194064827151,False
170.20000000000002,302.5004954305981,0.8393914602219449,0.8390659125772223,329.7293616832581,False
170.3,302.5004954305981,0.8385727700550136,0.8371594435503683,329.82997652410296,False
170.4,302.5004954305981,0.8361135136077008,0.8353393637973557,329.92176878769124,False
170.5,302.5004954305981,0.834290756781054,0.8336072593105904,330.00523245677005,False
170.60000000000002,302.5004954305981,0.8353242667890955,0.8319639808780358,330.080840557443,False
170.70000000000002,302.5004954305981,0.8326003380515976,0.830409731601587,330.1490474159059,False
170.8,302.5004954305981,0.823118465178878,0.8289441454858629,330.21029042772045,False
170.9,302.5004954305981,0.826840034510603,0.8275663581978583,330.26499142203636,False
171.0,302.5004954305981,0.8231219705649779,0.8262750709460118,330.3135576901563,False
171.10000000000002,302.5004954305981,0.8236903353659972,0.8250686082942715,330.3563827374427,False
171.20000000000002,302.5004954305981,0.8254871183401764,0.8239449706104902,330.39384680916777,False
171.3,302.5004954305981,0.82249950949894,0.8229018817470916,330.42631723402536,False
171.4,302.5004954305981,0.821080053937214,0.8219368324638171,330.4541486232891,False
171.5,302.5004954305981,0.8236810630851783,0.8210471200260953,330.47768295873647,False
171.60000000000002,302.5004954305981,0.8172223284637294,0.820229884346955,330.49724959824454,False
171.70000000000002,302.5004954305981,0.8192945122840984,0.8194821409843378,330.5131652242458,False
171.8,302.5004954305981,0.8198983289758468,0.8188008112581604,330.5257337568951,False
171.9,302.5004954305981,0.8182310191207843,0.818182749711627,330.5352462507534,False
172.0,302.5004954305981,0.815298218685946,0.8176247691082521,330.54198079099274,False
172.10000000000002,302.5004954305981,0.8170785280024124,0.8171236631290378,330.5462024025227,False
172.20000000000002,297.4988539505641,0.8182912512632284,0.8166762269124892,330.54816298302245,False
172.3,297.4988539505641,0.8177284027666267,0.8170139028201612,329.50445784422175,False
172.4,297.4988539505641,0.8193034898748447,0.818668107023355,328.4838384695267,False
172.5,297.4988539505641,0.8219664786367266,0.8213515825776563,327.510806179855,False
172.60000000000002,297.4988539505641,0.825076382574167,0.824805999190545,326.6030116055073,False
172.70000000000002,297.4988539505641,0.8263247906985475,0.8288073123033147,325.7715557847475,False
172.8,297.4988539505641,0.832548832400499,0.8331670367733026,325.0218847259274,False
172.9,297.4988539505641,0.8385923863155312,0.8377307109295132,324.3549513173329,False
173.0,297.4988539505641,0.8361457033701091,0.8423747217752106,323.7684029884514,False
173.10000000000002,297.4988539505641,0.8485167423578692,0.8470023864261735,323.25764918124435,False
173.20000000000002,297.4988539505641,0.8522147379025675,0.8515398889783168,322.81674135492995,False
173.3,297.4988539505641,0.853764067797666,0.8559324272194943,322.4390515125795,False
173.4,297.4988539505641,0.8586480482649903,0.8601407484648789,322.1177655443986,False
173.5,297.4988539505641,0.863730458451508,0.8641381410441553,321.84622130682357,False
173.60000000000002,297.4988539505641,0.868734751932385,0.8679078820140378,321.6181245736004,False
173.70000000000002,297.4988539505641,0.870693053925878,0.8714411072196322,321.42767361918555,False
173.8,297.4988539505641,0.8770690611439006,0.8747350549279735,321.2696183992397,False
173.9,297.4988539505641,0.8786178818355886,0.8777916306106542,321.13927493018883,False
174.0,297.4988539505641,0.879043099929521,0.8806162427412825,321.0325104876137,False
174.10000000000002,297.4988539505641,0.8822745006573829,0.883216864495391,320.94571103474414,False
174.20000000000002,297.4988539505641,0.8860584414264641,0.8856032821794728,320.8757389431726,False
174.3,297.4988539505641,0.8892432451758191,0.8877864971126145,320.8198865126912,False
174.4,297.4988539505641,0.8911382840340927,0.8897782530830725,320.7758289106388,False
174.5,297.4988539505641,0.8913954787261915,0.8915906662295336,320.7415787966659,False
174.60000000000002,297.4988539505641,0.8935349283232044,0.89323593822812,320.7154439513059,False
174.70000000000002,297.4988539505641,0.8946759349659165,0.8947261370486936,320.69598858136703,False
174.8,297.4988539505641,0.8977170122047714,0.8960730323542421,320.6819985487159,False
174.9,297.4988539505641,0.8953154859055726,0.8972879749381851,320.6724504977918,False
175.0,297.4988539505641,0.8995874968912458,0.8983818115056695,320.6664846937937,False
175.10000000000002,297.4988539505641,0.895660021549789,0.8993648276759234,320.66338129330137,False
175.20000000000002,297.4988539505641,0.9011487792924192,0.9002467133740809,320.6625397274894,False
175.3,297.4988539505641,0.9015489714737726,0.9010365458424511,320.6634608676735,False
175.4,298.82234797216915,0.9017420380707202,0.9017427863745419,320.6657316517181,False
175.5,298.82234797216915,0.8980081984031298,0.9022734170637919,320.9266950453941,False
175.60000000000002,298.82234797216915,0.9056987938709482,0.9025653457307523,321.15375994401103,False
175.70000000000002,298.82234797216915,0.9044610455434151,0.9026642232532971,321.35161393102,False
175.8,298.82234797216915,0.9026597435168934,0.9026088468507225,321.5241715029208,False
175.9,298.82234797216915,0.9033494771996151,0.902432062538152,321.67473243951184,False
176.0,298.82234797216915,0.9002827952035635,0.902161559505921,321.8061022481937,False
176.10000000000002,298.82234797216915,0.9028451139229133,0.9018205676160159,321.920684594954,False
176.20000000000002,298.82234797216915,0.9045486430441767,0.9014284687499344,322.02055288509354,False
176.3,298.82234797216915,0.8986451607484357,0.9010013319278587,322.10750621339633,False
176.4,298.82234797216915,0.9059378961351318,0.9005523811690022,322.1831135167431,False
176.5,298.82234797216915,0.8992185461808138,0.9000924041012052,322.2487487636246,False
176.60000000000002,302.94606155758856,0.9012849241580464,0.8996301084121624,322.30561928974413,False
176.70000000000002,302.94606155758856,0.8971587016493027,0.8988109232129464,323.16753735282924,False
176.8,302.94606155758856,0.8981345923547474,0.8973537810891405,323.9354337523526,False
176.9,302.94606155758856,0.8928174703488994,0.8953653491268795,324.62563580839634,False
177.0,302.94606155758856,0.8916208386097377,0.8929388266369362,325.2507553451439,False
177.10000000000002,302.94606155758856,0.889698199645967,0.8901553542059095,325.82065236832364,False
177.20000000000002,302.94606155758856,0.885773738323075,0.8870853815439013,326.3431251118265,False
177.3,302.94606155758856,0.8833070813854216,0.883789941319407,326.8244098536856,False
177.4,302.94606155758856,0.8822737120302873,0.8803218063027957,327.2695470144371,False
177.5,302.94606155758856,0.8741723538009792,0.8767265242421792,327.68265221967505,False
177.60000000000002,302.94606155758856,0.8706518278246861,0.8730433341716612,328.067119082746,False
177.70000000000002,302.94606155758856,0.8694000910023622,0.8693059724925581,328.42577241226695,False
177.8,302.94606155758856,0.8644149997882814,0.8655433791306257,328.7609850587497,False
177.9,302.94606155758856,0.8597728164124967,0.8617803145246687,329.07476783234375,False
178.0,302.94606155758856,0.8583019634217639,0.8580378978418877,329.3688392915005,False
178.10000000000002,302.94606155758856,0.8532053423411399,0.8543340760524495,329.6446803520635,False
178.20000000000002,302.94606155758856,0.851356312958934,0.850684032566339,329.9035773528431,False
178.3,302.94606155758856,0.8470210230291656,0.8471005431721549,330.14665627248706,False
178.4,302.94606155758856,0.8431918562862591,0.8435942860911544,330.3749101117212,False
178.5,302.94606155758856,0.8400376321897721,0.8401741121053841,330.5892209583348,False
178.60000000000002,302.94606155758856,0.8388937607796806,0.8368472799501838,330.7903778867748,False
178.70000000000002,302.94606155758856,0.8362478704752602,0.8336196614810393,330.9790915730395,False
178.8,302.94606155758856,0.830176711950242,0.8304959205288239,331.1560063027891,False
178.9,302.94606155758856,0.8254197336997388,0.8274796688390088,331.32170989782577,False
179.0,302.94606155758856,0.8215510188370634,0.8245736020413494,331.4767419701712,False
179.10000000000002,302.94606155758856,0.8173124619019175,0.8217796182086798,331.6216008243945,False
179.20000000000002,302.94606155758856,0.8167470093267402,0.8190989212289409,331.75674926072094,False
179.3,302.94606155758856,0.8148274715227904,0.8165321109262932,331.88261947873093,False
179.4,302.94606155758856,0.8139741905209804,0.8140792616187327,331.9996172404206,False
179.5,302.94606155758856,0.8079789129306785,0.8117399905854145,332.108125419277,False
179.60000000000002,302.94606155758856,0.8123729001346671,0.8095135177320061,332.20850703675893,False
179.70000000000002,297.06049653240007,0.8095258290741271,0.8073987175825791,332.3011078676227,False
179.8,297.06049653240007,0.8088665134942482,0.8063761727773451,331.13516894392455,False
179.9,297.06049653240007,0.8061637277641178,0.8071895081936223,329.9511186547308,False
180.0,297.06049653240007,0.8099710613868518,0.8094830588646923,328.78807713828803,False
180.10000000000002,297.06049653240007,0.8110250829824769,0.8129198116196942,327.6775676257117,False
180.20000000000002,297.06049653240007,0.8202962386852729,0.81719661955407,326.6423435052451,False
180.3,297.06049653240007,0.8196260279310719,0.8220520780561523,325.6966408898609,False
180.4,297.06049653240007,0.8262412297206063,0.8272684803656879,324.84733791427306,False
180.5,297.06049653240007,0.8355166162009316,0.8326697844507397,324.09551997048186,False
180.60000000000002,297.06049653240007,0.8430969740839958,0.8381173498584995,323.43808276376194,False
180.70000000000002,297.06049653240007,0.8433212973439125,0.8435047503017553,322.86915748015286,False
180.8,297.06049653240007,0.8479240294600303,0.8487524979113831,322.3812650231827,False
180.9,297.06049653240007,0.8487888789276424,0.8538031428016042,321.9661861213321,False
181.0,297.06049653240007,0.8620378624599642,0.858616958426915,321.6155768734643,False
181.10000000000002,297.06049653240007,0.8637846341416523,0.8631682697856671,321.3213764421428,False
181.20000000000002,297.06049653240007,0.8636745168309491,0.8674423984719537,321.07605571033884,False
181.3,297.06049653240007,0.873175873799431,0.8714331600124772,320.87275040064895,False
181.4,297.06049653240007,0.8763685986684558,0.8751408361043772,320.7053141188326,False
181.5,297.06049653240007,0.8778617459025801,0.8785705451488909,320.56831856790194,False
181.60000000000002,297.06049653240007,0.8806152688473099,0.8817309415851347,320.4570209522547,False
181.70000000000002,297.06049653240007,0.8860934345584841,0.8846331839088112,320.36731273761137,False
181.8,297.06049653240007,0.8877580114797493,0.8872901208121203,320.29565943894,False
181.9,297.06049653240007,0.8906893209148454,0.8897156536307702,320.2390377919848,False
182.0,297.06049653240007,0.8943772303371005,0.8919242408718808,320.19487429265473,False
182.10000000000002,297.06049653240007,0.8963168968814127,0.8939305169745876,320.16098744035605,False
182.20000000000002,297.06049653240007,0.8972700289292117,0.8957490027182667,320.1355349075295,False
182.3,297.06049653240007,0.8985644583981042,0.8973938889899313,320.1169661279328,False
182.4,297.06049653240007,0.8963225096616381,0.8988788791091967,320.10398033614507,False
182.5,297.06049653240007,0.8979861593971524,0.9002170777311916,320.0954898158622,False
182.60000000000002,297.06049653240007,0.9030579620657856,0.9014209166297774,320.0905879638778,False
182.70000000000002,297.06049653240007,0.903796515066706,0.9025021095098117,320.0885217071905,False
182.8,297.06049653240007,0.90450799297498,0.9034716294931096,320.0886677926378,False
182.9,297.06049653240007,0.9060203985162999,0.9043397041366574,320.09051248150456,False
183.0,297.06049653240007,0.9040078171350738,0.9051158238284938,320.0936342121428,False
183.10000000000002,297.06049653240007,0.9069386070747587,0.9058087602103113,320.0976888329147,False
183.20000000000002,297.06049653240007,0.9044488299069214,0.9064265919312475,320.1023970501187,False
183.3,297.06049653240007,0.9071014958527787,0.9069767355724538,320.10753377755293,False
183.4,297.06049653240007,0.9093246319191353,0.90746598001928,320.11291911404453,False
183.5,297.06049653240007,0.9065467939795026,0.9079005229152647,320.1184107116087,False
183.60000000000002,297.06049653240007,0.9121918239910927,0.9082860081240995,320.1238973294826,False
183.70000000000002,300.3350172983912,0.9108957223518771,0.9086275633640971,320.12929339806624,False
183.8,300.3350172983912,0.911433297432457,0.9086890831236171,320.7708487702791,False
183.9,300.3350172983912,0.9078753029828149,0.9082976157852971,321.32616404410953,False
184.0,300.3350172983912,0.9047645475020649,0.9075424463770464,321.80945760891734,False
184.10000000000002,300.3350172983912,0.9051032120355202,0.9065003916969704,322.231916671441,False
184.20000000000002,300.3350172983912,0.9063405310117019,0.9052371970684119,322.6024634617154,False
184.3,300.3350172983912,0.9032508417331123,0.9038088477998719,322.9283087987089,False
184.4,300.3350172983912,0.9037054986304339,0.9022627682937165,323.2153561533057,False
184.5,300.3350172983912,0.9009398106452017,0.9006389008104448,323.4684994641875,False
184.60000000000002,300.3350172983912,0.8977911587908277,0.8989706662972303,323.69184465180166,False
184.70000000000002,300.3350172983912,0.8816461653650308,0.8972858149401559,323.88887578454427,True
184.8,300.3350172983912,0.8983106657698526,0.895607176369977,324.06258071826915,False
184.9,300.3350172983912,0.8924890216005097,0.8939533200251841,324.215546803989,False
185.0,300.3350172983912,0.8933629510930371,0.8923391358489954,324.350034315809,False
185.10000000000002,300.3350172983912,0.8910895330811179,0.8907763447228101,324.46803318030567,False
185.20000000000002,300.3350172983912,0.8898357064038517,0.889273947084629,324.5713071159124,False
185.3,300.3350172983912,0.8876304022650229,0.8878386171961472,324.66142823256126,False
185.4,300.3350172983912,0.8839696867242053,0.8864750495859319,324.73980437336104,False
185.5,300.3350172983912,0.8880053108613863,0.8851862633462807,324.80770091641006,False
185.60000000000002,300.3350172983912,0.8818866854778231,0.8839738692119832,324.86625833732796,False
185.70000000000002,300.3350172983912,0.881097051024473,0.8828383037007759,324.9165065210053,False
185.8,300.3350172983912,0.8830915752259306,0.8817790340410835,324.95937657583374,False
185.9,300.3350172983912,0.8811544867422922,0.8807947371426085,324.99571072507587,False
186.0,300.3350172983912,0.8782913813843295,0.8798834554682177,325.0262707136152,False
186.10000000000002,300.3350172983912,0.8777276375773092,0.8790427323302706,325.05174506366353,False
186.20000000000002,300.3350172983912,0.8779523338690655,0.8782697288507396,325.0727554324859,False
186.3,300.3350172983912,0.8766891602231041,0.877561324583042,325.0898622632081,False
186.4,300.3350172983912,0.8782072562346984,0.8769142035865986,325.1035698720973,False
186.5,300.3350172983912,0.8739964893296099,0.8763249275661233,325.1143310791652,False
186.60000000000002,300.3350172983912,0.876516638889472,0.8757899975311711,325.12255146109334,False
186.70000000000002,300.3350172983912,0.8783669749288852,0.8753059052931226,325.1285932844293,False
186.8,300.3350172983912,0.8752719003783012,0.8748691759931733,325.1327791612596,False
186.9,300.3350172983912,0.8726998159270206,0.8744764027433196,325.1353954579624,False
187.0,300.3350172983912,0.8726781973971922,0.8741242743607424,325.13669547924115,False
187.10000000000002,300.3350172983912,0.8738969260350739,0.8738095970829299,325.13690244370235,False
187.20000000000002,300.3350172983912,0.8722808828906808,0.8735293110651134,325.1362122631666,False
187.3,300.3350172983912,0.8757497069263512,0.8732805023823449,325.1347961352279,False
187.4,300.3350172983912,0.8693796437902769,0.8730604111852026,325.1328029569207,False
187.5,300.3350172983912,0.876144362226249,0.8728664365902016,325.130361566433,False
187.60000000000002,300.3350172983912,0.8686461591961429,0.8726961388231852,325.1275828193786,False
187.70000000000002,300.3350172983912,0.8724652213294302,0.8725472390759967,325.12456150605345,False
187.8,300.3350172983912,0.870251673074301,0.8724176174833627,325.1213781162007,False
187.9,300.3350172983912,0.8739456760554908,0.8723053095779413,325.11810045801514,False
188.0,300.3350172983912,0.8706604341835636,0.8722085015367179,325.1147851383549,False
188.10000000000002,300.3350172983912,0.8698593887955439,0.8721255244911595,325.1114789113464,False
188.20000000000002,300.3350172983912,0.8713747981722851,0.8720548481365832,325.1082199027478,False
188.3,300.3350172983912,0.8711730564353017,0.8719950738428294,325.10503871754463,False
188.4,300.3350172983912,0.8680748671737976,0.8719449274383684,325.1019594382949,False
188.5,300.3350172983912,0.8728122841007254,0.8719032518131753,325.0990005217085,False
188.60000000000002,300.3350172983912,0.8670837484791873,0.8718689994618766,325.09617560084365,False
188.70000000000002,300.3350172983912,0.8741938996920551,0.8718412250675811,325.0934942001421,False
188.8,300.3350172983912,0.871158948458436,0.8718190782082427,325.09096237030326,False
188.9,300.3350172983912,0.8737078098097781,0.8718017962511495,325.08858324973676,False
189.0,300.3350172983912,0.8705875811167485,0.8717886974869912,325.0863575590307,False
189.10000000000002,300.3350172983912,0.8701929604091082,0.8717791745427279,325.0842840345469,False
189.20000000000002,300.3350172983912,0.8730761843848532,0.8717726881019751,325.082359806907,False
189.3,300.3350172983912,0.8706004814375168,0.8717687609526626,325.08058072977735,False
189.4,300.3350172983912,0.8686717602121501,0.871766972374151,325.0789416639954,False
189.5,297.82243376216445,0.8715927991182908,0.8717669528696358,325.0774367217211,False
189.60000000000002,297.82243376216445,0.8692715981853175,0.8720257373967547,324.5736230241811,False
189.70000000000002,297.82243376216445,0.8726944780999646,0.8727202925442968,324.116972647946,False
189.8,297.82243376216445,0.8765022578584519,0.87374437885589,323.70716532658054,False
189.9,297.82243376216445,0.8769345364546987,0.8750091997038271,323.3425799155322,False
190.0,297.82243376216445,0.8764451295364127,0.8764414260741272,323.02070086983025,False
190.10000000000002,297.82243376216445,0.8776497754902194,0.8779812129460234,322.73845334105334,False
190.20000000000002,297.82243376216445,0.8789467395431378,0.8795803103357921,322.4924666698687,False
190.3,297.82243376216445,0.8799252365488248,0.8812003273403685,322.279272683247,False
190.4,297.82243376216445,0.8835213239953474,0.8828111762297022,322.0954483394489,False
190.5,297.82243376216445,0.8840739329283789,0.8843897031205229,321.9377130947937,False
190.60000000000002,297.82243376216445,0.8851551009225501,0.8859184992264716,321.8029908441144,False
190.70000000000002,297.82243376216445,0.887924975164136,0.887384879684828,321.6884450852156,False
190.8,297.82243376216445,0.8847432601750697,0.8887800136380182,321.591494511023,False
190.9,297.82243376216445,0.8940111485983742,0.8900981882386437,321.50981479651534,False
191.0,297.82243376216445,0.9160538116343274,0.8913361896130311,321.44133105299244,True
191.10000000000002,297.82243376216445,0.8897052582975028,0.8924927849401075,321.384204323834,False
191.20000000000002,297.82243376216445,0.8937983843069923,0.8935682912844661,321.33681460219174,False
191.3,297.82243376216445,0.8923060481249718,0.8945642184226504,321.29774214657016,False
191.4,297.82243376216445,0.8944044377978606,0.8954829744788984,321.26574832901775,False
191.5,297.82243376216445,0.8945374058175736,0.8963276246644023,321.23975684397345,False
191.60000000000002,297.82243376216445,0.8992854164260332,0.897101694756352,321.21883580646187,False
191.70000000000002,297.82243376216445,0.8939675452132395,0.8978090121475222,321.202181052434,False
191.8,297.82243376216445,0.8977447915395074,0.8984535783456727,321.1891008017138,False
191.9,297.82243376216445,0.8957413417861063,0.8990394677136665,321.1790017392104,False
192.0,297.82243376216445,0.8995298487859387,0.8995707480285439,321.17137650022846,False
192.10000000000002,297.82243376216445,0.8994160030783627,0.9000514191145517,321.1657925011852,False
192.20000000000002,297.82243376216445,0.8976719265496788,0.9004853663848073,321.16188203052775,False
192.3,297.82243376216445,0.903755795451135,0.9008763266215879,321.1593335006964,False
192.4,297.82243376216445,0.9043547495823362,0.9012278637476204,321.15788375660657,False
192.5,300.6436427078519,0.9004149876952161,0.9015433527003737,321.15731133642987,False
192.60000000000002,300.6436427078519,0.9026464450345277,0.9016025886503962,321.70877537726966,False
192.70000000000002,300.6436427078519,0.9009457396808841,0.9012433530382103,322.1914923797994,False
192.8,300.6436427078519,0.9010334695262698,0.9005465881104012,322.6159832776315,False
192.9,300.6436427078519,0.902646268796034,0.8995820068678272,322.9906368473525,False
193.0,300.6436427078519,0.8978721299279662,0.8984094111555445,323.3222295565632,False
193.10000000000002,300.6436427078519,0.9006642263745843,0.8970798914074488,323.61630588130043,False
193.20000000000002,300.6436427078519,0.8950605133086708,0.8956369030155317,323.877459247599,False
193.3,300.6436427078519,0.8939301155881809,0.8941172234568677,324.1095414455698,False
193.4,300.6436427078519,0.8963304337162317,0.8925517988411312,324.3158200360674,False
193.5,300.6436427078519,0.8915169247783636,0.8909664903837191,324.49909757922694,False
193.60000000000002,300.6436427078519,0.8853188483839052,0.88938273165132,324.661802586276,False
193.70000000000002,300.6436427078519,0.8882677127077522,0.8878181069579435,324.8060593574587,False
193.8,300.6436427078519,0.8837231539753325,0.8862868604349637,324.93374193977394,False
193.9,300.6436427078519,0.8814751385063151,0.8848003442940413,325.0465160653569,False
194.0,300.6436427078519,0.8814821280546746,0.8833674137817658,325.14587194428424,False
194.10000000000002,300.6436427078519,0.8826469361223719,0.8819947753607931,325.23315006866244,False
194.20000000000002,300.6436427078519,0.8784605584733974,0.8806872937782216,325.3095616588474,False
194.3,300.6436427078519,0.8766457458927471,0.8794482629104129,325.37620499283213,False
194.4,300.6436427078519,0.8775201215403393,0.8782796446046617,325.4340785681456,False
194.5,300.6436427078519,0.8779915004622433,0.877182279165707,325.48409182529525,False
194.60000000000002,300.6436427078519,0.8747633140814433,0.8761560706495324,325.52707399395257,False
194.70000000000002,300.6436427078519,0.8725872769469087,0.8752001497174999,325.56378149423404,False
194.8,300.6436427078519,0.8699676312318189,0.8743130164598433,325.59490422587,False
194.9,300.6436427078519,0.8719402603329185,0.8734926653087618,325.62107100073047,False
195.0,300.6436427078519,0.8744253108019182,0.8727366939186066,325.6428543139271,False
195.10000000000002,300.6436427078519,0.8740465781281289,0.8720423976858231,325.6607746016889,False
195.20000000000002,300.6436427078519,0.8729864743105049,0.8714068514074272,325.6753040975458,False
195.3,300.6436427078519,0.8704763969435098,0.8708269794279366,325.6868703698421,False
195.4,300.6436427078519,0.8705583182633955,0.8702996154959549,325.6958596015541,False
195.5,300.6436427078519,0.8723569603300938,0.8698215534390145,325.70261965647495,False
195.60000000000002,300.6436427078519,0.8676522348112107,0.8693895896656048,325.70746296300433,False
195.70000000000002,300.6436427078519,0.8596446580914915,0.8690005584140387,325.7106692371993,True
195.8,300.6436427078519,0.8649095677948513,0.8686513605869179,325.71248805972755,False
195.9,300.6436427078519,0.8697035822602596,0.8683389869360273,325.71314131636336,False
196.0,300.07931928967605,0.8671584502168601,0.8680605362943454,325.71282550822883,False
196.10000000000002,300.07931928967605,0.8655632043113539,0.8678744671814009,325.598193242023,False
196.20000000000002,300.07931928967605,0.869369016331617,0.8678233484350828,325.4919174989494,False
196.3,300.07931928967605,0.8656604889733055,0.8678829588776354,325.39392516570376,False
196.4,300.07931928967605,0.866297534459389,0.8680320978156211,325.30402715328887,False
196.5,300.07931928967605,0.8713259581322863,0.8682523212892481,325.2219448337603,False
196.60000000000002,300.07931928967605,0.8664356344149122,0.8685276845836115,325.1473329923731,False
196.70000000000002,300.07931928967605,0.8675324846586219,0.8688444947120894,325.0797994099925,False
196.8,300.07931928967605,0.8678245665499297,0.869191075537956,325.0189212905967,False
196.9,300.07931928967605,0.8711271492225935,0.869557547317941,324.9642588101977,False
197.0,300.07931928967605,0.8662637983314136,0.8699356217260519,324.9153660948256,False
197.10000000000002,300.07931928967605,0.8728192042014697,0.8703184128354942,324.87179994394427,False
197.20000000000002,300.07931928967605,0.8702135563546333,0.870700264082694,324.83312660842506,False
197.3,299.82257165788724,0.8704428581848493,0.8710765908944572,324.79892691425243,False
197.4,299.82257165788724,0.8696763409786377,0.8714697038124519,324.717522857889,False
197.5,299.82257165788724,0.8716046595544097,0.8718955622097446,324.6445333659595,False
197.60000000000002,299.82257165788724,0.8752831993340762,0.8723424122890866,324.579350888259,False
197.70000000000002,299.82257165788724,0.873226180055058,0.8728004752821652,324.5213676873,False
197.8,299.82257165788724,0.8713966207862136,0.8732617011699493,324.46998692475177,False
197.9,299.82257165788724,0.873024834495504,0.8737195448208035,324.4246309862894,False
198.0,299.82257165788724,0.8752376700126724,0.8741687638795133,324.3847475035258,False
198.10000000000002,299.82257165788724,0.874775887547981,0.8746052374036061,324.3498134850712,False
198.20000000000002,299.82257165788724,0.8745111828396751,0.8750258040227625,324.3193379186986,False
198.3,299.82257165788724,0.8766372640931206,0.8754281182668302,324.2928631567764,False
198.4,299.82257165788724,0.8765326970166856,0.8758105236464638,324.26996534994174,False
198.5,299.82257165788724,0.8740165090305944,0.8761719410601311,324.250254150804,False
198.60000000000002,299.82257165788724,0.872681938423446,0.8765117711280226,324.2333718709729,False
198.70000000000002,299.82257165788724,0.8778307855126142,0.8768298091061528,324.21899224108006,False
198.8,299.82257165788724,0.8808410593466364,0.8771261711039805,324.20681889458035,False
198.9,299.82257165788724,0.8757597676210519,0.8774012304095841,324.19658367165783,False
199.0,299.82257165788724,0.8773735393783012,0.8776555628128133,324.18804481908677,False
199.10000000000002,299.82257165788724,0.8805980626702279,0.8778898999052175,324.1809851449524,False
199.20000000000002,299.82257165788724,0.8815843573541184,0.8781050894232413,324.17521017324,False
199.3,299.82257165788724,0.8784325335616767,0.8783020617863236,324.170546332012,False
199.4,299.82257165788724,0.8809812526109727,0.8784818020628428,324.16683919980443,False
199.5,299.82257165788724,0.8801465946149519,0.8786453266735238,324.16395182761687,False
199.60000000000002,299.82257165788724,0.8776820327527636,0.878793664213501,324.1617631481346,False
199.70000000000002,299.82257165788724,0.8321815457882031,0.8789278398404804,324.1601664793258,True
199.8,299.82257165788724,0.8772300076141821,0.8790488627373761,324.1590681260797,False
199.9,299.82257165788724,0.8798961748762932,0.8791577162134817,324.15838608088825,False
200.0,299.82257165788724,0.8800938597273162,0.8792553500588944,324.15804882257584,False
200.10000000000002,299.82257165788724,0.8783381857093591,0.8793426748127812,324.1579942106032,False
200.20000000000002,299.82257165788724,0.8777051577286747,0.8794205576474524,324.1581684714137,False
200.3,299.82257165788724,0.8762892091273096,0.8794898196074109,324.1585252725607,False
200.4,293.26425896609,0.8761905666211096,0.8795512339758625,324.15902487988023,False
200.5,293.26425896609,0.8799769449021918,0.8802211851423685,322.8591937739514,False
200.60000000000002,293.26425896609,0.8787196502310479,0.8818691180778409,321.7088693681793,False
200.70000000000002,293.26425896609,0.8841564331437339,0.8841866451231913,320.70885705874684,False
200.8,293.26425896609,0.8853407016315462,0.8869366633753679,319.85183729256664,False
200.9,293.26425896609,0.8890877389974157,0.8899400680827698,319.1257588483177,False
201.0,293.26425896609,0.897314381104405,0.8930636457163287,318.51634149384483,False
201.10000000000002,293.26425896609,0.8963063878460912,0.8962098627868308,318.0087708585018,False
201.20000000000002,293.26425896609,0.898621510691909,0.8993086165287256,317.58875505935225,False
201.3,293.26425896609,0.9019640608452603,0.9023107325111532,317.2431187397099,False
201.4,293.26425896609,0.9022355952088674,0.9051829096341808,316.9600829283628,False
201.5,293.26425896609,0.9105821177567923,0.9079038192299905,316.7293436921398,False
201.60000000000002,293.26425896609,0.9121567383703065,0.9104611055318655,316.54203005165976,False
201.70000000000002,293.26425896609,0.9117850924417973,0.9128490827052465,316.3905956975051,False
201.8,293.26425896609,0.9155255440840375,0.9150669677461639,316.268679889561,False
201.9,293.26425896609,0.9157743698098556,0.917117525261479,316.1709594747735,False
202.0,293.26425896609,0.9197985916671695,0.9190060292080106,316.0930048734938,False
202.10000000000002,293.26425896609,0.9180535236446786,0.920739469081593,316.0311469482792,False
202.20000000000002,293.26425896609,0.9228608865122495,0.9223259451067188,315.9823579184009,False
202.3,293.26425896609,0.9267767495685999,0.9237742098918201,315.94414720491665,False
202.4,293.26425896609,0.92598588633541,0.9250933237867905,315.91447177887443,False
202.5,293.26425896609,0.9251122198179293,0.9262923985921669,315.8916598907498,False
202.60000000000002,293.26425896609,0.9292799498771208,0.927380409918247,315.8743467485788,False
202.70000000000002,293.26425896609,0.9322671488137364,0.9283660628210566,315.86142063145667,False
202.8,293.26425896609,0.9307195667453516,0.929257698678996,315.85197797484284,False
202.9,293.26425896609,0.9302577018875613,0.9300632338618027,315.84528608182524,False
203.0,293.26425896609,0.8815643252994971,0.9307901227617993,315.8407522617488,True
203.10000000000002,293.26425896609,0.9323166173980284,0.9314453393395068,315.8378983516112,False
203.20000000000002,293.26425896609,0.9358799060711975,0.9320353725814778,315.83633972365624,False
203.3,293.26425896609,0.928532471917292,0.9325662322527077,315.83576801811483,False
203.4,293.26425896609,0.9349980409498851,0.9330434621062247,315.8359369603381,False
203.5,293.26425896609,0.9337677420802122,0.9334721583321043,315.8366507261198,False
203.60000000000002,293.26425896609,0.9368837048770331,0.9338569915208567,315.83775440856095,False
203.70000000000002,293.26425896609,0.9339463607758254,0.9342022308080692,315.8391262157062,False
203.8,293.26425896609,0.9301843241783365,0.9345117691788386,315.84067109198,False
203.9,293.26425896609,0.9387720239396988,0.9347891491580429,315.84231550977285,False
204.0,293.26425896609,0.9327188225203024,0.9350375883086713,315.84400322190413,False
204.10000000000002,293.26425896609,0.936860644559105,0.9352600041154371,315.84569180250327,False
204.20000000000002,293.26425896609,0.935203897385042,0.9354590379528838,315.8473498343108,False
204.3,293.26425896609,0.935557905341467,0.935637077932693,315.8489546255689,False
204.4,293.26425896609,0.9360715282124336,0.9357962804991644,315.8504903604307,False
204.5,293.26425896609,0.9348468585633147,0.9359385906990968,315.8519466039293,False
204.60000000000002,293.26425896609,0.936438928810111,0.9360657610959717,315.8533170966422,False
204.70000000000002,293.26425896609,0.9367947193707041,0.9361793693311846,315.85459878578797,False
204.8,293.26425896609,0.9378840354827629,0.9362808343593113,315.8557910490435,False
204.9,293.26425896609,0.9366214744222164,0.9363714314018405,315.85689507522216,False
205.0,293.26425896609,0.9370896899928264,0.9364523056758958,315.85791337241847,False
205.10000000000002,293.26425896609,0.9391808540052736,0.9365244849623822,315.8588493795367,False
205.20000000000002,293.26425896609,0.9347848474634739,0.9365888910826708,315.8597071614904,False
205.3,293.26425896609,0.9367866381489275,0.9366463503551218,315.8604911719508,False
205.4,293.26425896609,0.9099126078218566,0.936697603103061,315.8612060704731,True
205.5,293.26425896609,0.9388141850896295,0.9367433122847395,315.8618565832529,False
205.60000000000002,293.26425896609,0.9366569070278514,0.9367840713137011,315.86244739875644,False
205.70000000000002,293.26425896609,0.9370191089075496,0.9368204111351707,315.86298309109895,False
205.8,293.26425896609,0.936162912756523,0.9368528066207797,315.86346806538717,False
205.9,293.26425896609,0.9393621943954397,0.936881682340361,315.86390652033737,False
206.0,293.26425896609,0.9362650736646043,0.9369074177658048,315.86430242437984,False
206.10000000000002,300.0191662878394,0.938300937157889,0.9369303519581885,315.8646595021945,False
206.20000000000002,300.0191662878394,0.9363811845451578,0.9365849347434222,317.1520571915793,False
206.3,300.0191662878394,0.9356577667920295,0.9355960773645358,318.22472225480385,False
206.4,300.0191662878394,0.9316434955143531,0.9340896119452113,319.1275556789197,False
206.5,300.0191662878394,0.9322903907378348,0.9321769665800994,319.8939817744223,False
206.60000000000002,300.0191662878394,0.9298958822756167,0.92995517444511,320.54925488553073,False
206.70000000000002,300.0191662878394,0.9245404464811602,0.9275076474516541,321.1127431949829,False
206.8,300.0191662878394,0.9234244392330876,0.9249053200232948,321.5995220189983,False
206.9,300.0191662878394,0.9213002248366419,0.9222079294084182,322.02149743300134,False
207.0,300.0191662878394,0.9164078916353303,0.9194653008124003,322.38820739102573,False
207.10000000000002,300.0191662878394,0.9142842402464765,0.9167185677822335,322.70739905705597,False
207.20000000000002,300.0191662878394,0.9169404216801526,0.9140012950690543,322.9854491574508,False
207.3,300.0191662878394,0.9092805274236561,0.9113404922711592,323.22767302794836,False
207.4,300.0191662878394,0.9070441621841239,0.9087575181520408,323.4385539188396,False
207.5,300.0191662878394,0.9034773592642004,0.9062688814867876,323.6219146133895,False
207.60000000000002,300.0191662878394,0.906341710818087,0.9038869469817952,323.78104694100864,False
207.70000000000002,300.0191662878394,0.9034569719912674,0.9016205556642746,323.91881031157203,False
207.8,300.0191662878394,0.9001120022371897,0.8994755690005262,324.03770729710806,False
207.9,300.0191662878394,0.8976238267818111,0.8974553453752269,324.13994210542387,False
208.0,300.0191662878394,0.8945774092363599,0.8955611567354472,324.2274662376757,False
208.10000000000002,300.0191662878394,0.8932237340110564,0.8937925523323269,324.3020145048245,False
208.20000000000002,300.0191662878394,0.8907993661833707,0.8921476756637289,324.36513376564955,False
208.3,300.0191662878394,0.8919400748156204,0.8906235399714342,324.4182061524937,False
208.4,300.0191662878394,0.8906006557405651,0.8892162669895761,324.46246810895207,False
208.5,300.0191662878394,0.8897465499230448,0.8879212930759974,324.49902623373873,False
208.60000000000002,300.0191662878394,0.8908313364451738,0.8867335463768898,324.52887067710566,False
208.70000000000002,300.0191662878394,0.8870619355311764,0.8856475982663051,324.55288664920107,False
208.8,300.0191662878394,0.8859268487918157,0.8846577919541602,324.57186445838056,False
208.9,300.0191662878394,0.8857657468122971,0.8837583508581646,324.58650839057435,False
209.0,300.0191662878394,0.8798594493612834,0.8829434690769757,324.59744466014627,False
209.10000000000002,300.0191662878394,0.8822168510045194,0.8822073860757059,324.6052286020809,False
209.20000000000002,300.0191662878394,0.8785194416984329,0.8815444474941733,324.61035123013204,False
209.3,300.0191662878394,0.8841036581327939,0.8809491538077634,324.61324525216213,False
209.4,300.0191662878394,0.8794301791731597,0.8804161984068166,324.61429060952963,False
209.5,300.0191662878394,0.8834867380493775,0.8799404965100222,324.6138195898702,False
209.60000000000002,300.0191662878394,0.8816402523892444,0.8795172061884845,324.6121215502806,False
209.70000000000002,300.0191662878394,0.8780372702370162,0.8791417426484855,324.60944727943456,False
209.8,300.0191662878394,0.8754902538144237,0.8788097868015423,324.6060130215051,False
209.9,300.0191662878394,0.8762692543720055,0.8785172890395027,324.60200418114545,False
210.0,300.0191662878394,0.8803379114361995,0.8782604690296877,324.5975787265808,False
210.10000000000002,300.0191662878394,0.8773932070406887,0.8780358122501465,324.5928703066188,False
210.20000000000002,300.0191662878394,0.8748774937055089,0.8778400638976823,324.58799109675937,False
210.3,300.0191662878394,0.87722079729986,0.8776702207211775,324.5830343893164,False
210.4,300.0191662878394,0.880908933256812,0.8775235212596479,324.5780769423792,False
210.5,300.0191662878394,0.8806159086249427,0.8773974348981153,324.5731811024144,False
210.60000000000002,300.0191662878394,0.8763434777899219,0.8772896500944954,324.56839671526535,False
210.70000000000002,300.0191662878394,0.8778142924776524,0.8771980620769424,324.5637628401872,False
210.8,300.0191662878394,0.878346251743155,0.8771207602630936,324.5593092813481,False
210.9,300.0191662878394,0.8740976853031326,0.8770560156100802,324.55505795091324,False
211.0,300.0191662878394,0.8759364230958636,0.8770022680665882,324.5510240774179,False
211.10000000000002,300.0191662878394,0.8761472875083156,0.8769581142653233,324.5472172726319,False
211.20000000000002,300.0191662878394,0.8777303999388961,0.8769222955655269,324.543642469541,False
211.3,300.0191662878394,0.8758730838830184,0.8768936865303555,324.54030074343325,False
211.4,300.0191662878394,0.8740765099095454,0.8768712839025884,324.5371900273947,False
211.5,300.0191662878394,0.8775026097501871,0.8768541961239253,324.5343057328115,False
211.60000000000002,300.0191662878394,0.8755576187097351,0.876841633427731,324.5316412847497,False
211.70000000000002,300.0191662878394,0.8743771061419326,0.8768328985221817,324.529188581359,False
211.8,302.6471880891711,0.8743765842708493,0.876827377870055,324.5269383857312,False
211.9,302.6471880891711,0.8761123484121669,0.8765583050680276,325.04984654239865,False
212.0,302.6471880891711,0.8787180050288637,0.8758158909807573,325.52791881880165,False
212.10000000000002,302.6471880891711,0.8743280333806542,0.8746771253391581,325.9670470817848,False
212.20000000000002,302.6471880891711,0.8753556842596979,0.8732094340915878,326.3719784351393,False
212.3,302.6471880891711,0.8669795516169342,0.8714718147248456,326.7465771609269,False
212.4,302.6471880891711,0.8678385220038185,0.8695158441213756,327.09402067990777,False
212.5,302.6471880891711,0.8648705888179458,0.8673865684925098,327.41694755862574,False
212.60000000000002,302.6471880891711,0.8645741761876226,0.8651232865602221,327.71757032070064,False
212.70000000000002,302.6471880891711,0.8643006270328666,0.8627602374158925,327.9977621802534,False
212.8,302.6471880891711,0.8592342703721375,0.8603272040068646,328.2591242767696,False
212.9,302.6471880891711,0.8553610590164882,0.8578500423645268,328.50303820299604,False
213.0,302.6471880891711,0.8572466245426812,0.8553511457092074,328.730707346574,False
213.10000000000002,302.6471880891711,0.851325586554587,0.8528498515692404,328.94318965428397,False
213.20000000000002,302.6471880891711,0.8509079153108374,0.8503627990984852,329.14142376778057,False
213.3,302.6471880891711,0.8465742483702674,0.8479042428996385,329.32624999790914,False
213.4,302.6471880891711,0.8465205819155848,0.8454863288717767,329.4984272501401,False
213.5,302.6471880891711,0.8423522425927791,0.8431193369008478,329.65864675070884,False
213.60000000000002,302.6471880891711,0.842402210244406,0.840811894596766,329.80754322661977,False
213.70000000000002,302.6471880891711,0.8398131745849261,0.838571165743055,329.94570404492436,False
213.8,302.6471880891711,0.8408455555601049,0.8364030166564222,330.07367670484047,False
213.9,302.6471880891711,0.8341518144496258,0.8343121632458884,330.19197499112016,False
214.0,302.6471880891711,0.8303516385423466,0.8323023012063903,330.30108403187967,False
214.10000000000002,302.6471880891711,0.8280539869582874,0.8303762214729657,330.401464453959,False
214.20000000000002,302.6471880891711,0.7961789909849345,0.8285359127924629,330.4935557901376,True
214.3,302.6471880891711,0.8275332816542675,0.8267826530346669,330.57777926249224,False
214.4,302.6471880891711,0.8236894406284861,0.8251170906590806,330.65454004281077,False
214.5,302.6471880891711,0.8265772526506783,0.8235393175732539,330.72422907273244,False
214.60000000000002,302.6471880891711,0.8224495707912128,0.8220489344601047,330.7872245120106,False
214.70000000000002,302.6471880891711,0.818691071601883,0.8206451095121671,330.8438928720789,False
214.8,302.6471880891711,0.818400724887438,0.8193266313877168,330.894589883265,False
214.9,302.6471880891711,0.8168151961918884,0.8180919570951705,330.9396611369896,False
215.0,302.6471880891711,0.8172957899315584,0.8169392554163176,330.9794425387,False
215.10000000000002,302.6471880891711,0.8138156991592718,0.8158664463943709,331.0142606027748,False
215.20000000000002,302.6471880891711,0.8174351659638402,0.8148712373382772,331.04443261695644,False
215.3,302.6471880891711,0.8132385370323233,0.8139511557291916,331.07026670080035,False
215.4,302.6471880891711,0.8126290199942378,0.8131035793575891,331.09206178002626,False
215.5,302.6471880891711,0.8141720638771006,0.812325763969398,331.1101074963902,False
215.60000000000002,302.6471880891711,0.8101179246927221,0.8116148686561253,331.12468407067297,False
215.70000000000002,302.6471880891711,0.8109652367915575,0.8109679791865789,331.13606213453056,False
215.8,302.6471880891711,0.8139665570406478,0.8103821294459437,331.14450254522546,False
215.9,302.6471880891711,0.8106766075463226,0.8098543211211003,331.15025619561885,False
216.0,302.6471880891711,0.8099691876350856,0.809381541748738,331.1535638302325,False
216.10000000000002,302.6471880891711,0.8080079905208363,0.8089607812244802,331.15465587667285,False
216.20000000000002,302.6471880891711,0.8066005667569942,0.8085890468565624,331.1537523002454,False
216.3,302.6471880891711,0.8117609951259985,0.8082633770360559,331.1510624881763,False
216.4,302.6471880891711,0.8507858257038372,0.8079808535868723,331.14678516850836,True
216.5,302.6471880891711,0.8115345955587803,0.8077386128523903,331.14110836745726,False
216.60000000000002,302.6471880891711,0.8061660660721406,0.8075338555711488,331.134209407811,False
216.70000000000002,302.6471880891711,0.8098737611588226,0.8073638555913054,331.1262549498389,False
216.8,302.6471880891711,0.8068153339358135,0.8072259674721337,331.1174010751613,False
216.9,302.6471880891711,0.8079511965560556,0.8071176330204205,331.1077934131152,False
217.0,302.6471880891711,0.8094698040935914,0.80703638680997,331.09756730834675,False
217.10000000000002,302.6471880891711,0.8078629299550252,0.8069798607332661,331.08684802767124,False
217.20000000000002,302.6471880891711,0.8085509416724561,0.8069457876354901,331.0757510036609,False
217.3,302.6471880891711,0.803806144813958,0.8069320040823506,331.06438211195456,False
217.4,302.6471880891711,0.8060150492588175,0.8069364523144139,331.05283797892423,False
217.5,302.6471880891711,0.8110465592713595,0.8069571814416949,331.0412063160779,False
217.60000000000002,302.6471880891711,0.8065340751060895,0.806992347933104,331.0295662774154,False
217.70000000000002,292.1617693546191,0.8076774747165528,0.8070402154558638,331.0179888358823,False
217.8,292.1617693546191,0.8083055291801702,0.8086317087126237,328.8202624040008,False
217.9,292.1617693546191,0.8114709310127147,0.8127140870583011,326.7092826997063,False
218.0,292.1617693546191,0.8155150462911277,0.8185031640201139,324.7652534967253,False
218.10000000000002,292.1617693546191,0.8230814586121955,0.8253649421179748,323.0326573610601,False
218.20000000000002,292.1617693546191,0.8361811291136542,0.8328159885601047,321.5270785312693,False
218.3,292.1617693546191,0.8403448218514558,0.8405029431252123,320.24409826204493,False
218.4,292.1617693546191,0.8457984098661377,0.8481760271371407,319.16729524405827,False
218.5,292.1617693546191,0.8538560182771329,0.8556641490854695,318.27427794024686,False
218.60000000000002,292.1617693546191,0.8646012071203669,0.862854349881078,317.54073489533846,False
218.70000000000002,292.1617693546191,0.8677815923888648,0.8696758922589395,316.9428991476383,False
218.8,292.1617693546191,0.8748376504600691,0.8760883541215682,316.458887701605,False
218.9,292.1617693546191,0.8798396027141636,0.8820728699145373,316.06930537618524,False
219.0,292.1617693546191,0.8851074776083446,0.8876257380502952,315.75739971725045,False
219.10000000000002,292.1617693546191,0.8960518905314947,0.8927537680521787,315.5089619239094,False
219.20000000000002,292.1617693546191,0.8971891160283844,0.8974708951460779,315.3120990446833,False
219.3,292.1617693546191,0.9011527026367399,0.9017957164731056,315.15695403181275,False
219.4,292.1617693546191,0.9045467997107749,0.9057496989645735,315.0354180266978,False
219.5,292.1617693546191,0.9107807846402971,0.9093558788700377,314.9408587677975,False
219.60000000000002,292.1617693546191,0.9127608656992747,0.9126379230459358,314.8678764574456,False
219.70000000000002,292.1617693546191,0.9162041408886414,0.9156194577735463,314.8120910296133,False
219.8,292.1617693546191,0.9185973279528149,0.9183235962513799,314.7699606281018,False
219.9,292.1617693546191,0.9200579706875718,0.9207726140452652,314.7386289775981,False
220.0,292.1617693546191,0.922025957895544,0.9229877348380215,314.7157983988349,False
220.10000000000002,292.1617693546191,0.9215191940625516,0.9249889983061989,314.6996249734278,False
220.20000000000002,292.1617693546191,0.9258116324552738,0.9267951889091333,314.68863248914573,False
220.3,292.1617693546191,0.9327509253535631,0.9284238095294737,314.68164210271124,False
220.4,292.1617693546191,0.9274122145194152,0.9298910877591324,314.6777150342103,False
220.5,292.1617693546191,0.9312207492267531,0.9312120055330632,314.6761059928355,False
220.60000000000002,292.1617693546191,0.9330717958751689,0.9324003450249894,314.6762253957394,False
220.70000000000002,292.1617693546191,0.9358567956431574,0.9334687454122743,314.677608765503,False
220.8,292.1617693546191,0.9397453196183101,0.9344287664200807,314.6798919724382,False
220.9,292.1617693546191,0.9344973636974073,0.9352909555616798,314.68279122640547,False
221.0,292.1617693546191,0.9343107101962175,0.9360649167716091,314.6860869225429,False
221.10000000000002,292.1617693546191,0.9388797231343868,0.9367593787331688,314.6896106108775,False
221.20000000000002,292.1617693546191,0.9378082794707783,0.9373822616706903,314.6932344960706,False
221.3,292.1617693546191,0.941953497726707,0.9379407417399553,314.69686298514137,False
221.4,292.1617693546191,0.9398919865559213,0.9384413124301447,314.70042589203774,False
221.5,292.1617693546191,0.9375522483543102,0.9388898426055672,314.7038729819921,False
221.60000000000002,292.1617693546191,0.9388983607463955,0.9392916309791342,314.70716959874693,False
221.70000000000002,292.1617693546191,0.940497534645015,0.9396514569330309,314.71029316653505,False
221.8,292.1617693546191,0.9409750054124437,0.9399736276939323,314.71323039825154,False
221.9,292.1617693546191,0.9379937913075689,0.9402620219372476,314.7159750733077,False
222.0,292.1617693546191,0.9366717167890778,0.9405201299426629,314.71852627462596,False
222.10000000000002,292.1617693546191,0.9375435369018258,0.9407510904559909,314.7208869952758,False
222.20000000000002,292.1617693546191,0.9421920446554737,0.940957724433434,314.7230630423006,False
222.3,292.1617693546191,0.9408360893353942,0.9411425658565399,314.72506217910376,False
222.4,292.1617693546191,0.9376382068348991,0.9413078898115278,314.7268934589665,False
222.5,292.1617693546191,0.9403540575306475,0.9414557380269746,314.72856671135065,False
222.60000000000002,292.1617693546191,0.9377139115236449,0.9415879420604373,314.73009215000576,False
222.70000000000002,292.1617693546191,0.9411797872366401,0.9417061443184842,314.73148007787387,False
222.8,292.1617693546191,0.9400810978706262,0.9418118170866525,314.73274066862666,False
222.9,292.1617693546191,0.9407903481370526,0.9419062797366746,314.7338838085988,False
223.0,292.1617693546191,0.9418220045136996,0.9419907142684184,314.7349189860636,False
223.10000000000002,292.1617693546191,0.9424314392679346,0.9420661793337466,314.7358552173765,False
223.20000000000002,292.1617693546191,0.9422527336188068,0.9421336228791908,314.73670100160166,False
223.3,292.1617693546191,0.9447772488703999,0.9421938935341816,314.7374642969247,False
223.4,302.7931454407298,0.9470498076041414,0.9422477508617131,314.73815251352437,False
223.5,302.7931454407298,0.9434616809871657,0.9417577522256887,316.7571345236702,False
223.60000000000002,302.7931454407298,0.9399051058058505,0.9402843705706169,318.4337488753875,False
223.70000000000002,302.7931454407298,0.9394773618390141,0.9379734262627747,319.84914634027274,False
223.8,302.7931454407298,0.933508269132098,0.9349628021194569,321.06179096162197,False
223.9,302.7931454407298,0.9297267871097816,0.9313784614875427,322.1143814884789,False
224.0,302.7931454407298,0.9255904289464638,0.9273329181388321,323.03854292600073,False
224.10000000000002,302.7931454407298,0.9235098667852066,0.9229251478753073,323.8580272860691,False
224.20000000000002,302.7931454407298,0.9207182948891846,0.9182412833267022,324.59091788533186,False
224.3,302.7931454407298,0.9178039582558858,0.9133556867401218,325.251164230496,False
224.4,302.7931454407298,0.9109807054447203,0.9083321623769193,325.84966347364707,False
224.5,302.7931454407298,0.904620549376461,0.903225174643226,326.3950316309599,False
224.60000000000002,302.7931454407298,0.8967043480005881,0.8980810013924421,326.89416018974947,False
224.70000000000002,302.7931454407298,0.8930920856092031,0.8929387891905957,327.35262255363114,False
224.8,302.7931454407298,0.8889184173212628,0.8878314987506147,327.7749742133431,False
224.9,302.7931454407298,0.8825422344009387,0.8827867405648561,328.16497685353283,False
225.0,302.5293119757206,0.8815532302624297,0.8778275069082768,328.5257674200394,False
225.10000000000002,302.5293119757206,0.8713699632576776,0.8730098647448018,328.8052625447996,False
225.20000000000002,302.5293119757206,0.8669533624855716,0.8683816381038842,329.0612154861748,False
225.3,302.5293119757206,0.8647088289923093,0.8639487390122876,329.29536591057877,False
225.4,302.5293119757206,0.8637287372116844,0.8597151363194054,329.5092515391535,False
225.5,302.5293119757206,0.8520576438406096,0.855683128632094,329.7042452612706,False
225.60000000000002,302.5293119757206,0.8501614978682767,0.8518535782885946,329.8815848260955,False
225.70000000000002,302.5293119757206,0.8508019180841078,0.8482261120600563,330.0423967123033,False
225.8,302.5293119757206,0.843441391513339,0.8447992935267558,330.1877153882773,False
225.9,302.5293119757206,0.8456889609893927,0.8415707714143592,330.31849888875234,False
226.0,302.5293119757206,0.8368943682599264,0.8385374075905988,330.43564142103884,False
226.10000000000002,302.5293119757206,0.8378400399148604,0.8356953879082941,330.53998355493604,False
226.20000000000002,302.5293119757206,0.8328639636746827,0.8330403186291366,330.6323204310727,False
226.3,302.5293119757206,0.8314864286485936,0.8305673107664258,330.71340833246796,False
226.4,302.5293119757206,0.8261992841407311,0.8282710543368683,330.78396989611645,False
226.5,302.5293119757206,0.8229334691961601,0.826145884205345,330.8446981898428,False
226.60000000000002,302.5293119757206,0.8257369380713855,0.8241858389368727,330.8962598404359,False
226.70000000000002,302.5293119757206,0.8213260986451051,0.8223847138324086,330.9392973690551,False
226.8,302.5293119757206,0.8188987230138062,0.8207361091160764,330.9744308667541,False
226.9,302.5293119757206,0.8170228883609472,0.8192334740579432,331.0022591248948,False
227.0,302.5293119757206,0.8157800761337842,0.817870147656341,331.02336032084935,False
227.10000000000002,302.5293119757206,0.8193458496851258,0.8166393963650289,331.03829234766147,False
227.20000000000002,302.5293119757206,0.8136891626721897,0.8155344492316822,331.04759286646913,False
227.3,302.5293119757206,0.8134635850238053,0.8145485307138683,331.0517791518796,False
227.4,302.5293119757206,0.817608260167793,0.8136748913556123,331.05134779271157,False
227.5,302.5293119757206,0.8120422046479275,0.8129068364405931,331.0467743032789,False
227.60000000000002,302.5293119757206,0.812226439944888,0.8122377526856875,331.03851269349263,False
227.70000000000002,302.5293119757206,0.8123964348036284,0.8116611329996702,331.0269950394021,False
227.8,302.5293119757206,0.8105786011255476,0.8111705993050166,331.0126310893313,False
227.9,302.5293119757206,0.809383670130046,0.8107599234044655,330.995807934509,False
228.0,302.5293119757206,0.8129808155190156,0.8104230458668134,330.9768897670689,False
228.10000000000002,302.5293119757206,0.8107937543105216,0.8101540929068082,330.95621774257484,False
228.20000000000002,302.5293119757206,0.8086884040311746,0.8099473912405062,330.9341099588695,False
228.3,302.5293119757206,0.8070268847106984,0.8097974809086071,330.91086155811587,False
228.4,302.5293119757206,0.8073837819474959,0.8096991260747382,330.8867449544639,False
228.5,302.5293119757206,0.8075982330263337,0.8096473238221732,330.8620101858685,False
228.60000000000002,302.5293119757206,0.8053253429933311,0.8096373109899465,330.8368853852433,False
228.70000000000002,302.5293119757206,0.8120124459279366,0.8096645691067931,330.81157736337093,False
228.8,302.5293119757206,0.8099290288845102,0.8097248274980355,330.7862722937961,False
228.9,302.5293119757206,0.8108873723844329,0.8098140646558065,330.7611364882907,False
229.0,302.5293119757206,0.8070907593506716,0.8099285079763776,330.7363172503576,False
229.10000000000002,302.5293119757206,0.8090944165837662,0.8100646319795433,330.7119437935994,False
229.20000000000002,302.5293119757206,0.809738956097051,0.8102191551337894,330.6881282115539,False
229.3,302.5293119757206,0.8105402149777782,0.8103890354173038,330.66496648574827,False
229.4,302.5293119757206,0.8101588928274365,0.8105714647487808,330.6425395191747,False
229.5,302.5293119757206,0.8082740137012828,0.8107638624235524,330.620914183091,False
229.60000000000002,302.5293119757206,0.8131475661421852,0.8109638676900187,330.60014436594025,False
229.70000000000002,302.5293119757206,0.8125898996432113,0.8111693315988806,330.58027201421083,False
229.8,302.5293119757206,0.8115280282991006,0.8113783082535135,330.5613281561713,False
229.9,302.5293119757206,0.8136535131858277,0.8115890455842675,330.5433339005752,False
230.0,302.5293119757206,0.8142161826259762,0.8117999757627615,330.5263014035961,False
230.10000000000002,302.5293119757206,0.8147975181617048,0.8120097053646488,330.5102347984016,False
230.20000000000002,302.5293119757206,0.8125430561702602,0.8122170053810842,330.4951310828681,False
230.3,302.5293119757206,0.8117912110956267,0.8124208011704704,330.4809809619766,False
230.4,302.6989169520525,0.8116605385662445,0.8126201624331835,330.4677696423796,False
230.5,302.6989169520525,0.8145714406616476,0.8127889746947468,330.4909493772945,False
230.60000000000002,302.6989169520525,0.8115023245217678,0.8129052543145954,330.5148599792103,False
230.70000000000002,302.6989169520525,0.8111470917979304,0.8129741440447564,330.5392792321341,False
230.8,302.6989169520525,0.8141092825946206,0.8130004887712708,330.5640078846627,False
230.9,302.6989169520525,0.8140348487194113,0.8129888403706076,330.58886797755173,False
231.0,302.6989169520525,0.8142165632464464,0.8129434639748582,330.61370126273283,False
231.10000000000002,302.6989169520525,0.8111699093038293,0.8128683453861746,330.6383677131595,False
231.20000000000002,302.6989169520525,0.8133686738193878,0.8127671994133632,330.6627441215582,False
231.3,302.6989169520525,0.8144740733397937,0.8126434789327649,330.68672278523866,False
231.4,302.6989169520525,0.811540721568687,0.8125003845017189,330.71021027348394,False
231.5,302.6989169520525,0.8118045976749294,0.8123408743762432,330.73312627364794,False
231.60000000000002,302.6989169520525,0.811571766695388,0.8121676748052861,330.755402511869,False
231.70000000000002,302.6989169520525,0.8150217272533854,0.8119832904922127,330.77698174423136,False
231.8,302.6989169520525,0.813591632360173,0.8117900151303593,330.79781681423054,False
231.9,302.6989169520525,0.8089088021986642,0.8115899419336324,330.8178697724995,False
232.0,302.6989169520525,0.8083434710663252,0.8113849740955518,330.8371110549043,False
232.10000000000002,302.6989169520525,0.8124770565399676,0.8111768351209426,330.8555187153101,False
232.20000000000002,302.6989169520525,0.8105408727981134,0.8109670789838912,330.87307770952555,False
232.3,302.6989169520525,0.8118222450249551,0.8107571000737277,330.8897792271607,False
232.4,302.6989169520525,0.8110795337608101,0.8105481428978482,330.9056200683552,False
232.5,302.6989169520525,0.8123605132679036,0.8103413115162601,330.92060206255763,False
232.60000000000002,302.6989169520525,0.8068861486421539,0.8101375786879615,330.93473152675347,False
232.70000000000002,302.6989169520525,0.8088420687019647,0.8099377947137417,330.94801876073933,False
232.8,302.6989169520525,0.8102446841064218,0.8097426959638282,330.96047757723574,False
232.9,302.6989169520525,0.8100218521471317,0.8095529130820811,330.9721248648064,False
233.0,302.6989169520525,0.8074727001466457,0.8093689788612314,330.98298018171266,False
233.10000000000002,302.6989169520525,0.8081370179057864,0.80919133578604,330.99306537898036,False
233.20000000000002,301.78929111292575,0.8078486576093206,0.8090203432432833,331.0024042510861,False
233.3,301.78929111292575,0.8090860287461288,0.8089966704123913,330.8198817138716,False
233.4,301.78929111292575,0.81063846548906,0.8092373369875803,330.6363703739116,False
233.5,301.78929111292575,0.8091573407385946,0.8097082777307015,330.45382391191725,False
233.60000000000002,301.78929111292575,0.8100709802762585,0.8103770883849901,330.2739741105168,False
233.70000000000002,301.78929111292575,0.8070248667893459,0.811213221798645,330.0983229666071,False
233.8,301.78929111292575,0.8100659334877597,0.8121881403640969,329.92814165465825,False
233.9,301.78929111292575,0.8169813836080149,0.8132754234975745,329.76447553861067,False
234.0,301.78929111292575,0.8450014349724291,0.8144508311817844,329.6081542324938,True
234.10000000000002,301.78929111292575,0.8184211100834781,0.8156923264009762,329.45980561689817,False
234.20000000000002,301.78929111292575,0.8163842770101863,0.8169800605918749,329.31987271455466,False
234.3,301.78929111292575,0.8143699235480969,0.8182963270450919,329.1886323936493,False
234.4,301.78929111292575,0.8225408567453615,0.8196254875797285,329.0662149806657,False
234.5,301.78929111292575,0.8235220156429587,0.8209538778575098,328.95262400567486,False
234.60000000000002,301.78929111292575,0.8212632000398572,0.8222696964845136,328.84775545513804,False
234.70000000000002,301.78929111292575,0.8252974366282894,0.8235628826471552,328.7514160573495,False
234.8,301.78929111292575,0.8241131974415441,0.8248249865137119,328.6633402644108,False
234.9,297.27986716188616,0.826150888608104,0.826049036060197,328.583205716414,False
235.0,297.27986716188616,0.8281339398460867,0.8278014008464565,327.58738736933145,False
235.10000000000002,297.27986716188616,0.8300101449507141,0.8304721660572092,326.6517549652715,False
235.20000000000002,297.27986716188616,0.8348661523701421,0.8338174071265546,325.7898631664773,False
235.3,297.27986716188616,0.8384013847375222,0.8376298867265297,325.0091001881965,False
235.4,297.27986716188616,0.840692443083547,0.8417382128606287,324.3118354843559,False
235.5,297.27986716188616,0.8465959320507119,0.8460039457297308,323.6966621428699,False
235.60000000000002,297.27986716188616,0.8492765130689376,0.8503176881257255,323.1595507044335,False
235.70000000000002,297.27986716188616,0.8548625127464773,0.8545948754338307,322.69482158956674,False
235.8,297.27986716188616,0.8577779634044563,0.8587717026029017,322.29590770530154,False
235.9,297.27986716188616,0.8629960008754883,0.8628014195273563,321.9559172609109,False
236.0,297.27986716188616,0.8698523823992973,0.8666510906189394,321.6680254880237,False
236.10000000000002,297.27986716188616,0.8689910504358479,0.8702988332819216,321.42572981661965,False
236.20000000000002,297.27986716188616,0.8708052523861386,0.873731506483306,321.2230017543333,False
236.3,297.27986716188616,0.8801310916673444,0.8769428007405049,321.0543640992973,False
236.4,297.27986716188616,0.8805165635968549,0.8799316747867082,320.91491649479093,False
236.5,297.27986716188616,0.8813998571545875,0.8827010855236704,320.80032692800825,False
236.60000000000002,297.27986716188616,0.8847576628813484,0.8852569627458675,320.7068021243285,False
236.70000000000002,297.27986716188616,0.8857798841720649,0.8876073862950117,320.63104604548,False
236.8,297.27986716188616,0.8916376172791413,0.889761929591093,320.57021282271694,False
236.9,297.27986716188616,0.8931578173255651,0.8917311393090469,320.521858320063,False
237.0,297.27986716188616,0.8947832708121863,0.8935261260971777,320.4838929821333,False
237.10000000000002,297.27986716188616,0.8955986524717132,0.8951582456162738,320.45453753891354,False
237.20000000000002,297.27986716188616,0.8925387695699036,0.8966388528583707,320.4322823995965,False
237.3,297.27986716188616,0.895605158969973,0.8979791157605276,320.415851075807,False
237.4,297.27986716188616,0.8997586772654895,0.8991898766511566,320.4041676594892,False
237.5,297.27986716188616,0.8949716543119876,0.9002815521403981,320.3963281887069,False
237.60000000000002,297.27986716188616,0.9011055525394625,0.9012640637688173,320.3915756264616,False
237.70000000000002,297.27986716188616,0.9000961683909191,0.9021467931258228,320.3892781252454,False
237.8,294.5561021160323,0.9042051436971892,0.9029385562963266,320.38891023370695,False
237.9,294.5561021160323,0.9034512012342769,0.9038444039951528,319.86144165910696,False
238.0,294.5561021160323,0.907112772355824,0.9049949361271858,319.4119199116299,False
238.10000000000002,294.5561021160323,0.9069797040731515,0.9063043947342999,319.0313854843063,False
238.20000000000002,294.5561021160323,0.9079341902569262,0.9077066927528776,318.7110927612772,False
238.3,294.5561021160323,0.9072047789351879,0.9091514579991885,318.44284602373943,False
238.4,294.5561021160323,0.9118562220634878,0.9106008048204159,318.2191797859909,False
238.5,294.5561021160323,0.9167852882688732,0.912026723051685,318.033432682658,False
238.60000000000002,294.5561021160323,0.9099880891219893,0.9134089780129405,317.8797522098016,False
238.70000000000002,294.5561021160323,0.9126859586556638,0.9147334274404801,317.753057294017,False
238.8,294.5561021160323,0.9193188610642197,0.9159906756977954,317.6489774458573,False
238.9,294.5561021160323,0.9181985820106672,0.9171749995472723,317.5637810625439,False
239.0,294.5561021160323,0.9176916328226296,0.9182834920614745,317.49430096234096,False
239.10000000000002,294.5561021160323,0.9208793384599111,0.9193153816038632,317.4378620900957,False
239.20000000000002,294.5561021160323,0.9209364755008419,0.9202714912951416,317.3922141928405,False
239.3,294.5561021160323,0.9198485673496932,0.9211538112361378,317.3554708485855,False
239.4,294.5561021160323,0.9206285794276458,0.9219651612511823,317.3260553259418,False
239.5,294.5561021160323,0.924419476840893,0.9227089263021302,317.3026531976174,False
239.60000000000002,294.5561021160323,0.9240754596606324,0.9233888502228303,317.2841713120935,False
239.70000000000002,294.5561021160323,0.9261642411810428,0.9240088762188535,317.26970256381406,False
239.8,294.5561021160323,0.9258805863090394,0.9245730248139916,317.2584958369027,False
239.9,294.5561021160323,0.9238573110947164,0.9250853017195086,317.2499304926691,False
240.0,294.5561021160323,0.9285978618699794,0.9255496295457092,317.24349480159714,False
240.10000000000002,294.5561021160323,0.9241234726128886,0.9259697984398099,317.2387677695451,False
240.20000000000002,294.5561021160323,0.9254428415227607,0.9263494316756419,317.23540386498803,False
240.3,294.5561021160323,0.9251263986620751,0.9266919629836733,317.2331202128087,False
240.4,294.5561021160323,0.9241982626841734,0.9270006230291618,317.2316858765948,False
240.5,294.5561021160323,0.9285236202768419,0.92727843294963,317.2309129035666,False
240.60000000000002,294.5561021160323,0.9061212533788439,0.9275282032723886,317.2306488532205,True
240.70000000000002,294.5561021160323,0.9263840871810588,0.9277525368661333,317.2307705722542,False
240.8,294.5561021160323,0.9298393806992932,0.9279538348519037,317.2311790145088,False
240.9,294.5561021160323,0.9298647309189613,0.928134304619347,317.23179493587804,False
241.0,294.5561021160323,0.9270531208462051,0.9282959692735584,317.2325553208819,False
241.10000000000002,294.5561021160323,0.9258245991111153,0.9284406779832891,317.2334104203921,False
241.20000000000002,294.5561021160323,0.9283616095187794,0.928570116819173,317.2343212993242,False
241.3,294.5561021160323,0.9254900879906396,0.9286858197658409,317.23525780945556,False
241.4,294.5561021160323,0.9267683312515012,0.9287891796684722,317.23619691630984,False
241.5,294.5561021160323,0.9281059063391941,0.9288814589358559,317.2371213206473,False
241.60000000000002,294.5561021160323,0.92864753942406,0.9289637998711616,317.23801832484577,False
241.70000000000002,294.5561021160323,0.927926774117291,0.9290372345406341,317.23887890263654,False
241.8,294.5561021160323,0.9288120043183143,0.9291026941211962,317.2396969375183,False
241.9,294.5561021160323,0.9319250983331978,0.9291610176920082,317.2404686009157,False
242.0,294.5561021160323,0.9304672127773869,0.9292129604536701,317.2411918459615,False
242.10000000000002,294.5561021160323,0.9320176538876896,0.9292592013729809,317.2418659968055,False
242.20000000000002,294.5561021160323,0.931092409059176,0.9293003502618735,317.24249141671856,False
242.3,294.5561021160323,0.9298009176448367,0.9293369543069979,317.24306924107754,False
242.4,294.5561021160323,0.9269418235232143,0.9293695040720211,317.2436011636641,False
242.5,294.5561021160323,0.9267262648348474,0.9293984389985146,317.24408926667763,False
242.60000000000002,294.5561021160323,0.9293829818766224,0.9294241524336889,317.2445358864997,False
242.70000000000002,294.5561021160323,0.9286297809855026,0.9294469962145281,317.24494350861613,False
242.8,294.5561021160323,0.9275981986435335,0.9294672848383193,317.2453146862419,False
242.9,302.15883175761815,0.9303047084752786,0.9294852992493787,317.2456519781446,False
243.0,302.15883175761815,0.9314887376997205,0.9290405793431897,318.7041564804753,False
243.10000000000002,302.15883175761815,0.9276355307566385,0.9277717057264939,319.93839447481633,False
243.20000000000002,302.15883175761815,0.9259897074325786,0.9258180363140965,320.99649049143596,False
243.3,302.15883175761815,0.9222110005272897,0.923304930263322,321.91391661217364,False
243.4,302.15883175761815,0.9189674466439758,0.9203433284591692,322.71718500951255,False
243.5,302.15883175761815,0.9209776028458836,0.9170302967721902,323.4263854417067,False
243.60000000000002,302.15883175761815,0.9109372337387542,0.9134500557760092,324.0569470769803,False
243.70000000000002,302.15883175761815,0.909352762269498,0.9096752116000891,324.6208757664292,False
243.8,302.15883175761815,0.9048737444034975,0.9057680246993903,325.1276332793773,False
243.9,302.15883175761815,0.9015618451232094,0.9017816283919179,325.5847695630262,False
244.0,302.15883175761815,0.8998538205649154,0.8977611538349517,325.9983827205821,False
244.10000000000002,302.15883175761815,0.8957322693901341,0.8937447441217713,326.3734574331183,False
244.20000000000002,302.15883175761815,0.8894842307787917,0.889764454773905,326.7141166340233,False
244.3,302.15883175761815,0.8880940370845374,0.8858470456750953,327.0238105799673,False
244.4,302.15883175761815,0.8804815789163678,0.8820146732609693,327.3054602456462,False
244.5,302.15883175761815,0.878996847469969,0.8782854932455606,327.56156703620707,False
244.60000000000002,302.15883175761815,0.8782332084020749,0.8746741843507989,327.7942974040794,False
244.70000000000002,302.15883175761815,0.8700372271318957,0.8711924030105122,328.00554857992756,False
244.8,302.15883175761815,0.8682594130129231,0.8678491781981805,328.1969999528025,False
244.9,302.15883175761815,0.8676484144490184,0.8646512545789974,328.37015344360566,False
245.0,302.15883175761815,0.8599184361173308,0.8616033912235037,328.52636536136714,False
245.10000000000002,302.15883175761815,0.8588372724921697,0.8587086222010898,328.66687161333743,False
245.20000000000002,302.15883175761815,0.8553388837785197,0.8559684845252077,328.7928076886419,False
245.3,302.15883175761815,0.8511493319673195,0.8533832181589351,328.9052245034652,False
245.4,302.15883175761815,0.8517604643303022,0.8509519421107319,329.0051009499439,False
245.5,302.15883175761815,0.8469845519339104,0.8486728100520734,329.0933538074913,False
245.60000000000002,302.15883175761815,0.8498546572655616,0.8465431483650859,329.17084553726795,False
245.70000000000002,302.15883175761815,0.8446009014559519,0.844559579072587,329.2383903758024,False
245.8,302.15883175761815,0.8422978306191792,0.8427181297082861,329.296759063564,False
245.9,302.15883175761815,0.8410960754403577,0.8410143318449845,329.3466824821654,False
246.0,302.15883175761815,0.8396488844706655,0.8394433097076465,329.3888544251404,False
246.10000000000002,302.15883175761815,0.8376014116009322,0.8379998600509234,329.4239336884471,False
246.20000000000002,302.15883175761815,0.836792981311128,0.8366785242723779,329.4525456354561,False
246.3,302.15883175761815,0.8343240304401993,0.8354736535589345,329.4752833653457,False
246.4,302.15883175761815,0.833380588719391,0.8343794677210175,329.49270859219655,False
246.5,302.15883175761815,0.8344441952709987,0.833390108252728,329.50535232367366,False
246.60000000000002,302.15883175761815,0.8282269854297022,0.8324996860638458,329.5137154123245,False
246.70000000000002,302.15883175761815,0.8301033578597281,0.831702324257152,329.5182690387069,False
246.8,302.15883175761815,0.8310093066787692,0.8309921962695468,329.5194551734612,False
246.9,302.15883175761815,0.8310483205652806,0.8303635596549134,329.51768705481817,False
247.0,302.15883175761815,0.8290297027821729,0.8298107857579499,329.51334970873216,False
247.10000000000002,302.15883175761815,0.8296008335959746,0.8293283855089517,329.5068005307313,False
247.20000000000002,302.15883175761815,0.828212102158573,0.8289110315575858,329.4983699416024,False
247.3,302.15883175761815,0.8248321498251521,0.8285535769571724,329.48836212310283,False
247.4,302.15883175761815,0.8301320123039349,0.8282510706082103,329.477055834957,False
247.5,302.15883175761815,0.8285347616612713,0.8279987696694608,329.46470531037676,False
247.60000000000002,302.15883175761815,0.8258774351014364,0.8277921491456736,329.4515412241839,False
247.70000000000002,302.15883175761815,0.8305768587693605,0.8276269088620893,329.4377717252273,False
247.8,302.15883175761815,0.828853967021601,0.8274989780364622,329.4235835231011,False
247.9,302.15883175761815,0.8261535087334403,0.8274045176590149,329.40914301810244,False
248.0,302.15883175761815,0.8295530543501558,0.8273399208891339,329.39459746283285,False
248.10000000000002,302.15883175761815,0.8283798673345572,0.8273018116745222,329.3800761437611,False
248.20000000000002,302.15883175761815,0.8289447913387139,0.8272870417939182,329.36569157135136,False
248.3,302.15883175761815,0.8260890990121628,0.8272926865183547,329.3515406679372,False
248.4,294.9274329952152,0.8262027721043168,0.8273160390784094,329.3377059433201,False
248.5,294.9274329952152,0.826674320210378,0.8283192485118707,327.83446697461136,False
248.60000000000002,294.9274329952152,0.8298522405752348,0.8309343575253084,326.40918563256304,False
248.70000000000002,294.9274329952152,0.8300879551392354,0.8347141318610827,325.0966091689032,False
248.8,294.9274329952152,0.8414533631802669,0.8392858310358162,323.91616709507747,False
248.9,294.9274329952152,0.8419897821167993,0.8443506784992416,322.87483440551017,False
249.0,294.9274329952152,0.8508158970005529,0.8496764722119718,321.97052684029535,False
249.10000000000002,294.9274329952152,0.8524909791862036,0.855087417793963,321.19524198435386,False
249.20000000000002,294.9274329952152,0.8606872932770937,0.8604536796450513,320.5375957302286,False
249.3,294.9274329952152,0.8632971974306073,0.8656819007879041,319.98468623104014,False
249.4,294.9274329952152,0.8706673993530396,0.8707071573155889,319.52336033986563,False
249.5,294.9274329952152,0.8722869989369015,0.8754863914176507,319.14100819672706,False
249.60000000000002,294.9274329952152,0.8788093337736634,0.8799931758842061,318.82601306588356,False
249.70000000000002,294.9274329952152,0.8855328810537847,0.8842135995691026,318.5679641034771,False
249.8,294.9274329952152,0.8885708546042144,0.8881430621480068,318.3577149771777,False
249.9,294.9274329952152,0.8921258828872627,0.8917837910797096,318.18734831579604,False
250.0,294.9274329952152,,0.8951429254915302,318.0500873501536,False
250.10000000000002,294.9274329952152,,0.8982310424173909,317.94018209390686,False
250.20000000000002,294.9274329952152,,0.9010610272930073,317.85278738110003,False
250.3,294.9274329952152,,0.9036472121990844,317.78384316302805,False
250.4,294.9274329952152,,0.9060047224220887,317.7299628551442,False
250.5,294.9274329952152,,0.908148985198195,317.6883325462308,False
250.60000000000002,294.9274329952152,,0.9100953647765164,317.6566220272699,False
250.70000000000002,294.9274329952152,,0.9118588958505062,317.6329074958497,False
250.8,294.9274329952152,0.911995574399739,0.9134540935071598,317.6156051826504,False
250.9,294.9274329952152,0.9161760660635283,0.9148948225605419,317.6034148504596,False
251.0,294.9274329952152,0.9154501103022403,0.9161942127980762,317.5952720129217,False
251.10000000000002,294.9274329952152,0.9166908205919302,0.9173646095239654,317.59030773048386,False
251.20000000000002,294.9274329952152,0.9222532600269157,0.9184175510223741,317.5878149136424,False
251.3,294.9274329952152,0.9174001275991759,0.9193637663253263,317.5872201664133,False
251.4,294.9274329952152,0.9196499766448544,0.9202131880636909,317.58806031628194,False
251.5,294.9274329952152,0.9204755963784373,0.9209749762854685,317.58996288925346,False
251.60000000000002,294.9274329952152,0.9203548837775691,0.9216575500058377,317.5926298937702,False
251.70000000000002,294.9274329952152,0.9194454908019701,0.9222686239556714,317.5958243721822,False
251.8,294.9274329952152,0.9253599499308303,0.9228152485563387,317.5993592621308,False
251.9,294.9274329952152,0.9204789590121426,0.9233038515972065,317.6030881827555,False
252.0,294.9274329952152,0.9219250516724584,0.9237402804508673,317.6068978228013,False
252.10000000000002,294.9274329952152,0.9246423743928305,0.9241298439474632,317.6107016605172,False
252.20000000000002,294.9274329952152,0.9219898818511988,0.9244773532576722,317.6144347898329,False
252.3,294.9274329952152,0.924475561811866,0.9247871613152021,317.6180496647749,False
252.4,294.9274329952152,0.9245500103447413,0.9250632004530481,317.6215126054847,False
252.5,294.9274329952152,0.9248355179495023,0.9253090180405741,317.6248009354415,False
252.60000000000002,294.9274329952152,0.925247676554123,0.9255278099965644,317.6279006413905,False
252.70000000000002,294.9274329952152,0.9229056107438344,0.9257224521215343,317.6308044657324,False
252.8,294.9274329952152,0.9247965232542593,0.925895529244646,317.63351035633434,False
252.9,294.9274329952152,0.9286183880414198,0.9260493622197269,317.63602021138803,False
253.0,294.9274329952152,0.9285139199129054,0.9261860328336804,317.6383388674823,False
253.10000000000002,294.9274329952152,0.9251458497500282,0.9263074067111218,317.6404732878381,False
253.20000000000002,294.9274329952152,0.9285849460244268,0.9264151543130646,317.6424319149625,False
253.3,294.9274329952152,0.9246310397499474,0.926510770136317,317.64422415806564,False
253.4,296.87028111871984,0.9238676732357389,0.9265955902250516,317.64585999065434,False
253.5,296.87028111871984,0.9225186154476308,0.9265531416913747,318.01996226292727,False
253.60000000000002,296.87028111871984,0.9240784916675641,0.9263044881504453,318.3342144415922,False
253.70000000000002,296.87028111871984,0.9268195675444242,0.9258998122300325,318.5987696671323,False
253.8,296.87028111871984,0.9247294833910102,0.9253805792516298,318.82182467259975,False
253.9,296.87028111871984,0.9281040499971518,0.9247807817510777,319.010061686449,False
254.0,296.87028111871984,0.9258069218747298,0.924128049108661,319.1689759654326,False
254.10000000000002,296.87028111871984,0.9227361946594905,0.9234446241175203,319.3031214314788,False
254.20000000000002,296.87028111871984,0.9223016533053243,0.9227482144054843,319.4162970766541,False
254.3,296.87028111871984,0.9216209059516148,0.9220527294684017,319.51169009958056,False
254.4,296.87028111871984,0.9233671268432394,0.9213689150400913,319.59198711700395,False
254.5,296.87028111871984,0.9199365167722325,0.9207048964627532,319.6594615817681,False
254.60000000000002,296.87028111871984,0.920037637831142,0.9200666420994681,319.716043283955,False
254.70000000000002,296.87028111871984,0.9179874683495602,0.9194583569505145,319.76337421760593,False
254.8,296.87028111871984,0.921480324150602,0.918882815656703,319.8028539590601,False
254.9,296.87028111871984,0.9176434226049113,0.9183416430889334,319.8356768872444,False
255.0,296.87028111871984,0.916541956602662,0.9178355497829624,319.8628629868056,False
255.10000000000002,296.87028111871984,0.914324247107526,0.9173645286061247,319.8852835463073,False
255.20000000000002,296.87028111871984,0.918860513186261,0.9169280182482467,319.9036827500078,False
255.3,296.87028111871984,0.9153416335377064,0.9165250384139922,319.91869593071357,False
255.4,296.87028111871984,0.9160135244716687,0.9161543009557412,319.9308650799398,False
255.5,296.87028111871984,0.9149934071806486,0.9158143006200208,319.9406520837563,False
255.60000000000002,296.87028111871984,0.9151303520028665,0.9155033885806876,319.9484500564965,False
255.70000000000002,296.87028111871984,0.911254735280458,0.9152198314924445,319.9545930715099,False
255.8,296.87028111871984,0.9133927000683774,0.9149618584128847,319.9593645322096,False
255.9,296.87028111871984,0.9125604747223197,0.9147276976044364,319.9630043833666,False
256.0,296.87028111871984,0.918872395694441,0.9145156049340338,319.96571532870263,False
256.1,296.87028111871984,0.9170176171921106,0.9143238853332163,319.9676681939636,False
256.2,296.87028111871984,0.9150270621079603,0.914150908560222,319.9690065531053,False
256.3,296.87028111871984,0.9189686478361827,0.9139951203144722,319.9698507177126,False
256.40000000000003,296.87028111871984,0.9164096943069702,0.9138550495890414,319.9703011753833,False
256.5,302.2411904757927,0.9110398661587528,0.9137293130050066,319.9704415508416,False
256.6,302.2411904757927,0.9106498797244087,0.9132203291497855,321.0143189773552,False
256.7,302.2411904757927,0.9125557341052305,0.9120200041421299,321.9202610339408,False
256.8,302.2411904757927,0.9101109597567298,0.9102497087932367,322.7144536254659,False
256.90000000000003,302.2411904757927,0.9084390082660957,0.9080160536488057,323.416726674769,False
257.0,302.2411904757927,0.9037621524593823,0.905412014782688,324.04229607369575,False
257.1,302.2411904757927,0.9062092524457939,0.9025182440420311,324.60298777829587,False
257.2,302.2411904757927,0.898702178859174,0.8994044058129051,325.1081080887703,False
257.3,302.2411904757927,0.8983709159961234,0.8961304552999598,325.5650696684825,False
257.40000000000003,302.2411904757927,0.895666600014234,0.8927478168749106,325.9798470676368,False
257.5,302.2411904757927,0.8881299755534783,0.8893004463473535,326.3573118968136,False
257.6,302.2411904757927,0.886978537430735,0.885825775180834,326.70148209124943,False
257.7,302.2411904757927,0.8855414990264666,0.8823555422022961,327.01570917241185,False
257.8,302.2411904757927,0.8818330126663828,0.8789165219761924,327.3028202780572,False
257.90000000000003,302.2411904757927,0.8770346981506095,0.8755311603955326,327.56522684987,False
258.0,302.2411904757927,0.8730975388646603,0.8722181281757523,327.80500849324085,False
258.1,302.2411904757927,0.8691505033097253,0.8689928024123991,328.023978167666,False
258.2,302.2411904757927,0.8684052193454009,0.8658676855240364,328.2237332050696,False
258.3,302.2411904757927,0.864018891190474,0.8628527699441182,328.4056954710165,False
258.40000000000003,302.2411904757927,0.8602044385039923,0.8599558559587452,328.571143134641,False
258.5,302.2411904757927,0.8562374151491998,0.8571828291682286,328.72123589803755,False
258.6,302.2411904757927,0.8518325889879834,0.8545379032061253,328.85703508670105,False
258.7,302.2411904757927,0.8516767852175929,0.8520238325895941,328.9795196720959,False
258.8,302.2411904757927,0.8533710146530666,0.8496420998998676,329.08959905245655,False
258.90000000000003,302.2411904757927,0.8464258567682822,0.8473930808968366,329.1881232350662,False
259.0,302.2411904757927,0.8439937450104125,0.8452761906505633,329.2758909258202,False
259.1,302.2411904757927,0.8428086891499502,0.8432900133176433,329.353655927844,False
259.2,302.2411904757927,0.8410066802363038,0.8414324177945732,329.4221321715733,False
259.3,302.2411904757927,0.838582311195178,0.839700661136985,329.4819976376572,False
259.40000000000003,302.2411904757927,0.8393779565701586,0.8380914813368421,329.5338973866134,False
259.5,302.2411904757927,0.8372527672561231,0.8366011807941545,329.57844587189777,False
259.6,302.2411904757927,0.8375914432590331,0.8352257016008451,329.61622868337054,False
259.7,302.2411904757927,0.8351637143089901,0.8339606935679832,329.6478038441496,False
259.8,302.2411904757927,0.8331745445106081,0.8328015757700766,329.6737027641271,False
259.90000000000003,302.2411904757927,0.8275374597233625,0.831743592248208,329.6944309369398,False
260.0,302.2411904757927,0.8311761570621945,0.8307818624045618,329.710468453179,False
260.1,302.2411904757927,0.828605167006463,0.8299114265315911,329.72227039053683,False
260.2,300.05206815222215,0.8312827425629662,0.8291272868471922,329.73026713103275,False
260.3,300.05206815222215,0.7919956253045232,0.8287351238257941,329.2801910836285,True
260.40000000000003,300.05206815222215,0.8274457326667537,0.8289709683328884,328.8382637090512,False
260.5,300.05206815222215,0.8286440419281361,0.8297305230961388,328.4107487598721,False
260.6,300.05206815222215,0.8285144803251612,0.8309174543769638,328.0026088836617,False
260.7,300.05206815222215,0.831349201447172,0.8324442957077313,327.61753871756565,False
260.8,300.05206815222215,0.8348632651237184,0.8342328914775811,327.25805989396815,False
260.90000000000003,300.05206815222215,0.8385720972352653,0.8362144501009516,326.92565649742585,False
261.0,300.05206815222215,0.839369001448955,0.8383292895366828,326.6209315446847,False
261.1,300.05206815222215,0.8421457497431808,0.8405263581193263,326.34376873323197,False
261.2,300.05206815222215,0.8120759734985322,0.8427626057262827,326.0934879234786,True
261.3,300.05206815222215,0.8443550151874931,0.8450022682373307,325.8689868306901,False
261.40000000000003,300.05206815222215,0.8501224067095856,0.8472161149833497,325.66886478283715,False
261.5,300.05206815222215,0.8466772827147904,0.8493806962740098,325.4915269922801,False
261.6,300.05206815222215,0.8517243819913637,0.8514776171209203,325.3352696070747,False
261.7,300.05206815222215,0.8524413437694994,0.8534928543007582,325.19834696001936,False
261.8,300.05206815222215,0.8514852360424799,0.8554161269212779,325.07902306430645,False
261.90000000000003,300.05206815222215,0.8605583147749359,0.8572403254494081,324.97560965734095,False
262.0,300.05206815222215,0.8549656175460086,0.8589610004402474,324.88649309344066,False
262.1,300.05206815222215,0.8619546101537593,0.8605759096636287,324.8101522302023,False
262.2,300.05206815222215,0.8656709707700646,0.8620846206833062,324.7451692148454,False
262.3,300.05206815222215,0.8630819181354491,0.8634881649681465,324.69023480586424,False
262.40000000000003,300.05206815222215,0.8645579958104783,0.864788739116609,324.6441495940225,False
262.5,300.05206815222215,0.8621918823547178,0.8659894486094651,324.6058222341117,False
262.6,300.05206815222215,0.8665944755606843,0.8670940895615957,324.57426557465675,False
262.7,300.05206815222215,0.8710088008258088,0.8681069641414909,324.5485913804869,False
262.8,300.05206815222215,0.867988486715711,0.8690327256092446,324.5280041825687,False
262.90000000000003,300.05206815222215,0.8679274513096239,0.8698762492500981,324.51179465834434,False
263.0,300.05206815222215,0.8660110259035413,0.8706425258234592,324.49933284060063,False
263.1,300.05206815222215,0.873907931672483,0.8713365744886059,324.4900613698351,False
263.2,300.05206815222215,0.8727869492985109,0.8719633724964325,324.4834889404965,False
263.3,300.05206815222215,0.8719237601307712,0.8725277992447044,324.47918404196304,False
263.40000000000003,300.05206815222215,0.8751201603062797,0.8730345925788097,324.47676905772664,False
263.5,300.05206815222215,0.8724269527298834,0.8734883154792727,324.47591475844246,False
263.6,300.05206815222215,0.8732252944303869,0.8738933315114795,324.47633520419276,False
263.7,300.05206815222215,0.8785018294195853,0.8742537876229194,324.4777830567897,False
263.8,300.05206815222215,0.8727810717093695,0.8745736030602084,324.48004529283673,False
263.90000000000003,300.05206815222215,0.8754371280952525,0.8748564633439297,324.48293930149487,False
264.0,300.05206815222215,0.8755528653639583,0.8751058183857285,324.4863093466063,False
264.1,300.05206815222215,0.8755197680429194,0.8753248839609661,324.4900233703594,False
264.2,300.05206815222215,0.8755291933642982,0.8755166458633485,324.4939701145261,False
264.3,300.05206815222215,0.8730705447578369,0.8756838661669717,324.4980565350832,False
264.40000000000003,300.05206815222215,0.8755540892792678,0.8758290911077228,324.5022054864553,False
264.5,300.05206815222215,0.8754697182427436,0.8759546601713689,324.5063536524728,False
264.6,300.05206815222215,0.8747248671575915,0.8760627160412264,324.5104497022666,False
264.7,298.758105716439,0.8744881351775624,0.8761552151152117,324.51445265060704,False
264.8,298.758105716439,0.8743586280390098,0.8763620725576047,324.2604378035523,False
264.90000000000003,298.758105716439,0.8751564933401168,0.87677534710558,324.03132786477715,False
265.0,298.758105716439,0.8781645732499087,0.8773463813178246,323.82597528204656,False
265.1,298.758105716439,0.8781070883656669,0.8780341758796028,323.64296566642565,False
265.2,298.758105716439,0.9129609162769028,0.8788044861014084,323.4807219466792,True
265.3,298.758105716439,0.8808356379675392,0.879628972186164,323.3375868446982,False
265.40000000000003,298.758105716439,0.8792942986176293,0.8804844157168218,323.21188613559514,False
265.5,298.758105716439,0.8802737769608556,0.8813520082488083,323.1019755143845,False
265.6,298.758105716439,0.8818707696297482,0.882216713256966,323.00627390702317,False
265.7,298.758105716439,0.8519140120941255,0.8830666995722729,322.92328587202667,True
265.8,298.758105716439,0.8839002305489877,0.8838928424753567,322.851615438503,False
265.90000000000003,299.91141750109415,0.8885706807590035,0.8846882874782467,322.78997338437097,False
266.0,299.91141750109415,0.8850428820347956,0.8853468394850811,322.964505416654,False
266.1,299.91141750109415,0.8860563342342953,0.8857923402546131,323.12100121267906,False
266.2,299.91141750109415,0.8836772348008342,0.8860605084530883,323.261342077564,False
266.3,299.91141750109415,0.883181200293675,0.8861822935099765,323.38716765650946,False
266.40000000000003,299.91141750109415,0.8859131579030901,0.8861844411001384,323.49991913727223,False
266.5,299.91141750109415,0.8852554225728622,0.8860899942653837,323.6008729514855,False
266.6,299.91141750109415,0.8863221462122811,0.8859187377745968,323.6911672237387,False
266.7,299.91141750109415,0.8884015684138382,0.8856875923802736,323.7718226604437,False
266.8,299.91141750109415,0.8843900358592809,0.8854109647869588,323.84375915990864,False
266.90000000000003,299.91141750109415,0.8837318816041854,0.8851010584056637,323.9078091196944,False
267.0,299.91141750109415,0.8867251456476976,0.8847681493228338,323.964728188379,False
267.1,299.91141750109415,0.8835494725306124,0.8844208313549488,324.01520403584186,False
267.2,299.91141750109415,0.8841812635288909,0.8840662335792614,324.05986358452543,False
267.3,299.91141750109415,0.8834988543015714,0.8837102133196137,324.09927904325934,False
267.40000000000003,299.91141750109415,0.8871158969286809,0.8833575272129502,324.1339730075362,False
267.5,299.91141750109415,0.8796457102568798,0.8830119826786031,324.16442283001646,False
267.6,299.91141750109415,0.8810347603820058,0.8826765718515278,324.1910644183591,False
267.7,299.91141750109415,0.8836551750138998,0.8823535898154446,324.21429558115966,False
267.8,299.91141750109415,0.8843649309684922,0.8820447387766397,324.23447901450044,False
267.90000000000003,299.91141750109415,0.8796930826051641,0.8817512196491493,324.25194499962345,False
268.0,299.91141750109415,0.8838314943325003,0.8814738123731144,324.26699386516776,False
268.1,299.91141750109415,0.8802708748292871,0.8812129461568431,324.27989825422105,False
268.2,299.91141750109415,0.8795162379165498,0.8809687607167663,324.2909052263037,False
268.3,299.91141750109415,0.879480909395766,0.8807411594856935,324.3002382166826,False
268.40000000000003,299.91141750109415,0.8812375164027801,0.8805298556667048,324.3080988695902,False
268.5,299.91141750109415,0.8813036244706347,0.8803344119261151,324.31466875759384,False
268.6,299.91141750109415,0.8784047153691238,0.8801542744429816,324.3201109961899,False
268.7,299.91141750109415,0.8804007296192944,0.8799888019635919,324.32457176042897,False
268.8,299.91141750109415,0.8790731072412364,0.8798372904464542,324.3281817087983,False
268.90000000000003,299.91141750109415,0.8773134390724471,0.8796989938258519,324.3310573185284,False
269.0,299.91141750109415,0.882956714067948,0.8795731413694727,324.33330213581866,False
269.1,299.91141750109415,0.8775239137548617,0.8794589520575355,324.3350079440863,False
269.2,299.91141750109415,0.8795607273610961,0.8793556463668262,324.3362558531499,False
269.3,299.91141750109415,0.8769327285588512,0.8792624558027936,324.3371173121974,False
269.40000000000003,292.1759090247593,0.87831584287005,0.8791786304860756,324.3376550494158,False
269.5,292.1759090247593,0.8800170441706111,0.8798353002888363,322.8029625008206,False
269.6,292.1759090247593,0.8819786847682001,0.8816558937792393,321.4455299603204,False
269.7,292.1759090247593,0.8822114469998593,0.8842589602079542,320.2691971405173,False
269.8,292.1759090247593,0.887116595428339,0.8873563415761816,319.2660348043801,False
269.90000000000003,292.1759090247593,0.8914344304614025,0.890734538343115,318.4213233972468,False
270.0,292.1759090247593,0.8972062697672069,0.8942379142719115,317.71718840841976,False
270.1,292.1759090247593,0.8993511416140293,0.8977548369689847,317.1350137980539,False
270.2,292.1759090247593,0.9033525289189713,0.9012067648463934,316.6569057350396,False
270.3,292.1759090247593,0.9058059177583219,0.9045398692910498,316.2664847647503,False
270.40000000000003,292.1759090247593,0.9063844576178544,0.9077186868067559,315.94923509953395,False
270.5,297.6403459558829,0.9100646030749698,0.9107213378039287,315.6925798232236,False
270.6,297.6403459558829,0.9150704882857786,0.9132574274392716,316.52356036776797,False
270.7,297.6403459558829,0.9137554178391243,0.9151302700828854,317.21313203600266,False
270.8,297.6403459558829,0.9142114950539599,0.916454194836992,317.7892356068198,False
270.90000000000003,297.6403459558829,0.9172404631583418,0.9173280180235978,318.273257527576,False
271.0,297.6403459558829,0.9142004215958581,0.9178364123229609,318.6817922549943,False
271.1,297.6403459558829,0.9164865697687051,0.9180514121386014,319.02788600699205,False
271.2,297.6403459558829,0.9157548165082685,0.9180339132556459,319.32192402772444,False
271.3,297.6403459558829,0.9170100979763348,0.9178350907310091,319.5722705320018,False
271.40000000000003,297.6403459558829,0.9201223825495771,0.9174976986159629,319.78573538121674,False
271.5,297.6403459558829,0.9216956081191371,0.9170572382444655,319.9679181607388,False
271.6,297.6403459558829,0.9177290964338134,0.9165429948068105,320.123464655345,False
271.7,297.6403459558829,0.9140576901897131,0.9159789488160122,320.2562601260661,False
271.8,297.6403459558829,0.9168467735862673,0.915384572370606,320.3695765663782,False
271.90000000000003,302.22014642876707,0.9156165050847708,0.9147755213495001,320.46618614016,False
272.0,302.22014642876707,0.9126070031446899,0.9138117394667232,321.4415067061848,False
272.1,302.22014642876707,0.9139896448539228,0.9122274906375245,322.2919113341557,False
272.2,302.22014642876707,0.909169038780011,0.9101361662376559,323.04035767808085,False
272.3,302.22014642876707,0.9064780735765452,0.9076369629113933,323.7043419846071,False
272.40000000000003,302.22014642876707,0.9049308556568295,0.9048161138346275,324.29737330649436,False
272.5,302.22014642876707,0.9031191443342002,0.9017482194763735,324.83001511125485,False
272.6,302.22014642876707,0.8977609225140126,0.8984975585796221,325.3106299187459,False
272.7,302.22014642876707,0.8958297581247592,0.895119317597195,325.7459178713934,False
272.8,302.22014642876707,0.8880018654095068,0.8916607107266994,326.14131070902755,False
272.90000000000003,302.22014642876707,0.8887465399914464,0.8881619820793953,326.5012631344738,False
273.0,302.22014642876707,0.883700411478883,0.8846572921417344,326.8294705493303,False
273.1,302.22014642876707,0.880129655782083,0.8811754961237893,327.12903337567565,False
273.2,302.22014642876707,0.8726892447086362,0.8777408242032374,327.4025822156944,False
273.3,302.22014642876707,0.8714750694391414,0.8743734743759255,327.6523740013674,False
273.40000000000003,302.22014642876707,0.8675990360723278,0.8710901283935565,327.8803664391733,False
273.5,302.22014642876707,0.8691153081262439,0.8679044005643238,328.08827605771927,False
273.6,302.22014642876707,0.862983365383764,0.8648272282788164,328.2776237519491,False
273.7,302.22014642876707,0.8624138508062991,0.8618672121510745,328.44977070672644,False
273.8,302.22014642876707,0.8603487313498731,0.8590309127144746,328.60594685370216,False
273.90000000000003,302.22014642876707,0.8552302784122606,0.8563231097250531,328.74727348540523,False
274.0,302.22014642876707,0.8516921121654915,0.8537470293186097,328.874781262112,False
274.1,302.22014642876707,0.8537255637730988,0.8513045435471159,328.98942456028595,False
274.2,302.22014642876707,0.8495202289353722,0.8489963461823055,329.0920928981151,False
274.3,302.22014642876707,0.8443567411231774,0.8468221081141727,329.1836200139541,False
274.40000000000003,302.22014642876707,0.8457414456475043,0.8447806151824248,329.26479105298813,False
274.5,302.22014642876707,0.8415422531559319,0.8428698908524788,329.33634822585384,False
274.6,302.22014642876707,0.8420170895041174,0.8410873057774471,329.39899523275767,False
274.7,302.22014642876707,0.8410820264928114,0.8394296759674247,329.4534006923115,False
274.8,302.22014642876707,0.8791885602285545,0.8378933510116378,329.50020077180716,True
274.90000000000003,302.22014642876707,0.8374575743957039,0.8364742935626568,329.54000118196615,False
275.0,302.22014642876707,0.8291452509397939,0.8351681510905198,329.57337867211817,False
275.1,302.22014642876707,0.8350645768618243,0.8339703207443327,329.60088213962496,False
275.2,302.22014642876707,0.8289558937856507,0.8328760080161989,329.62303344897384,False
275.3,302.22014642876707,0.8369313894755802,0.8318802797839918,329.6403280404249,False
275.40000000000003,302.22014642876707,0.8316864370879885,0.8309781122125955,329.65323539476327,False
275.5,302.22014642876707,0.8289373389608145,0.8301644339150772,329.662199409126,False
275.6,302.22014642876707,0.8317007251829545,0.8294341647133416,329.66763872871115,False
275.7,302.22014642876707,0.8272133600204709,0.8287822502897138,329.66994707021604,False
275.8,302.22014642876707,0.8284420432846118,0.82820369298455,329.6694935649276,False
275.90000000000003,302.22014642876707,0.8271237657983166,0.8276935789682572,329.66662314240415,False
276.0,302.22014642876707,0.8272494572785284,0.8272471019972147,329.6616569695617,False
276.1,302.22014642876707,0.825740494586885,0.826859583950379,329.6548929546629,False
276.2,302.22014642876707,0.8274027719359495,0.8265264923353015,329.64660632114914,False
276.3,302.22014642876707,0.824763755298464,0.8262434549476254,329.63705025242217,False
276.40000000000003,302.22014642876707,0.8262313129834161,0.8260062718657213,329.6264566055245,False
276.5,302.22014642876707,0.8270679119121496,0.8258109249610568,329.6150366891438,False
276.6,302.22014642876707,0.8244625765803523,0.825653585104399,329.60298209942584,False
276.7,301.2544900757362,0.8272018665823998,0.8255306172474381,329.59046560567094,False
276.8,301.2544900757362,0.826545735686043,0.8255742889640902,329.37733809444774,False
276.90000000000003,301.2544900757362,0.8252984859968112,0.8258895325684819,329.16880781951033,False
277.0,301.2544900757362,0.8254062131525047,0.8264342040809164,328.9667376978139,False
277.1,301.2544900757362,0.8270718227209819,0.8271694125471594,328.7726369894553,False
277.2,301.2544900757362,0.827153914278971,0.8280596108670536,328.5876798535774,False
277.3,301.2544900757362,0.8280449532729632,0.8290726147804208,328.4127309172401,False
277.40000000000003,301.2544900757362,0.8299141760389253,0.830179559013624,328.2483755738777,False
277.5,301.2544900757362,0.8309303247807938,0.8313548008584801,328.0949529362567,False
277.6,301.2544900757362,0.8327893362868427,0.8325757818021804,327.9525896726973,False
277.7,301.2544900757362,0.8366624314518166,0.833822857479617,327.8212333029521,False
277.8,301.2544900757362,0.8369026485455859,0.8350791053964683,327.70068388099327,False
277.90000000000003,301.2544900757362,0.8380292387342706,0.8363301187635953,327.590623317704,False
278.0,301.2544900757362,0.838598425674179,0.8375637935434481,327.49064188012215,False
278.1,301.2544900757362,0.8375625375450212,0.838770114551241,327.4002616375236,False
278.2,301.2544900757362,0.8378196222463228,0.8399409452559345,327.31895680717315,False
278.3,301.2544900757362,0.8406146977077611,0.8410698248370905,327.2461710874009,False
278.40000000000003,301.2544900757362,0.8445240920658124,0.8421517750988202,327.18133215877424,False
278.5,301.2544900757362,0.8455815128117459,0.843183119029884,327.1238635926335,False
278.6,301.2544900757362,0.8412452690530174,0.844161312126565,327.0731944373688,False
278.7,301.2544900757362,0.8415364948463427,0.8450847870522088,327.02876676322603,False
278.8,301.2544900757362,0.8493025322358585,0.8459528117803098,326.990041441963,False
278.90000000000003,301.2544900757362,0.8496153880530809,0.8467653610412165,326.9565024231539,False
279.0,292.7335900964381,0.846269877037516,0.8475230006503114,326.9276597481866,False
279.1,292.7335900964381,0.8490251976637905,0.8491796329888882,325.1835774915708,False
279.2,292.7335900964381,0.8524036632193595,0.85230368552595,323.59731952874824,False
279.3,292.7335900964381,0.8586142032447809,0.8564078334125663,322.19243886196404,False
279.40000000000003,292.7335900964381,0.8601404600593203,0.8611164127723065,320.9738874112525,False
279.5,292.7335900964381,0.8673321260351285,0.8661485457318296,319.93416550093076,False
279.6,292.7335900964381,0.8718468390759627,0.871299282646978,319.05849849383696,False
279.7,292.7335900964381,0.8770236681569992,0.876422405572698,318.3286544247205,False
279.8,292.7335900964381,0.883524199007843,0.8814161658641035,317.72549839569587,False
279.90000000000003,292.7335900964381,0.8865053538113514,0.8862120362966308,317.2305540354519,False
280.0,292.7335900964381,0.8882034377527238,0.8907660814937474,316.82685768135457,False
280.1,292.7335900964381,0.8968572428352541,0.8950524334725517,316.4993435297053,False
280.2,292.7335900964381,0.8980842983230265,0.899058394055639,316.2349369833228,False
280.3,296.73328605142615,0.9045763928241675,0.902780769353643,316.0224790286038,False
280.40000000000003,296.73328605142615,0.9065460489712192,0.9060165506500247,316.61268212163657,False
280.5,296.73328605142615,0.9066788271382722,0.9086348807943263,317.1043003023622,False
280.6,296.73328605142615,0.9112449024935712,0.9107348020285284,317.515951570953,False
280.7,296.73328605142615,0.9111313622907113,0.912401431531951,317.8621523664509,False
280.8,296.73328605142615,0.914247992762969,0.9137075588639956,318.15435657118934,False
280.90000000000003,296.73328605142615,0.9139065878794325,0.9147151731876487,318.4017029377967,False
281.0,296.73328605142615,0.9174969730401736,0.9154768720204037,318.61155877781243,False
281.1,296.73328605142615,0.9146136780169464,0.9160371319134375,318.78991987747276,False
281.2,296.73328605142615,0.9156981724691244,0.9164334378352859,318.94170793782547,False
281.3,296.73328605142615,0.9152975134497854,0.9166972769296745,319.07099424387457,False
281.40000000000003,296.73328605142615,0.9152672103924534,0.9168550067460957,319.18116970247416,False
281.5,296.73328605142615,0.9163891032960529,0.916928609866429,319.2750755108319,False
281.6,296.73328605142615,0.9173647626286668,0.9169363472010389,319.35510464672717,False
281.7,296.73328605142615,0.9180147665599493,0.9168933217801579,319.42328152669114,False
281.8,296.73328605142615,0.9169140413349767,0.9168119640206236,319.48132517271114,False
281.90000000000003,296.73328605142615,0.9157922852295194,0.9167024484357345,319.5306998020191,False
282.0,296.73328605142615,0.913454883431651,0.9165730507077344,319.57265573252613,False
282.1,296.73328605142615,0.918314709310212,0.9164304530287428,319.6082627584498,False
282.2,296.73328605142615,0.9152647660519465,0.9162800046720746,319.6384376139015,False
282.3,296.73328605142615,0.9169274090861882,0.9161259438966757,319.6639667490945,False
282.40000000000003,296.73328605142615,0.9138413715934282,0.9159715865168342,319.6855253540722,False
282.5,296.73328605142615,0.9188479295175758,0.9158194857829799,319.7036933497669,False
282.6,296.73328605142615,0.917054678397473,0.9156715676148042,319.71896890567666,False
282.7,296.73328605142615,0.9137519392005822,0.915529244694452,319.7317799226598,False
282.8,296.73328605142615,0.9160896427715653,0.9153935124602554,319.74249382794824,False
282.90000000000003,296.73328605142615,0.9179505012206279,0.9152650296323861,319.75142595975956,False
283.0,296.73328605142615,0.9147909437674616,0.9151441855444062,319.7588467653074,False
283.1,296.73328605142615,0.8827166239239889,0.9150311562429405,319.7649879944801,True
283.2,296.73328605142615,0.9158395776389924,0.9149259510461187,319.7700480389916,False
283.3,296.73328605142615,0.9185232696248764,0.9148284510151886,319.7741965411854,False
283.40000000000003,296.73328605142615,0.9115439813338477,0.9147384405884377,319.7775783762623,False
283.5,296.73328605142615,0.9167052866698575,0.914655633448468,319.78031709527534,False
283.6,296.73328605142615,0.9141139824340079,0.9145796935395527,319.78251790289363,False
283.7,296.73328605142615,0.914327917062729,0.9145102520182707,319.7842702329873,False
283.8,296.73328605142615,0.9148303905645391,0.9144469208052545,319.785649976022,False
283.90000000000003,296.73328605142615,0.9144139417175996,0.9143893033063433,319.7867214046809,False
284.0,296.73328605142615,0.9160625784004941,0.9143370027857056,319.7875388377593,False
284.1,296.73328605142615,0.911960495545243,0.9142896287997568,319.7881480769729,False
284.2,296.73328605142615,0.914074722432855,0.9142468020373943,319.78858764671116,False
284.3,296.73328605142615,0.9123369870405915,0.914208157857813,319.7888898628135,False
284.40000000000003,296.73328605142615,0.9131519245803743,0.9141733487707471,319.7890817530366,False
284.5,296.73328605142615,0.9200871946496051,0.9141420460643396,319.78918584893756,False
284.6,302.62668288862477,0.9124220340745256,0.9141139407520603,319.7892208663381,False
284.7,302.62668288862477,0.9145566617690629,0.9136589517183428,320.93375595996486,False
284.8,302.62668288862477,0.9310500924557596,0.9124404050970287,321.9262691547375,True
284.90000000000003,302.62668288862477,0.9067466559783893,0.9105865583522262,322.7966885356056,False
285.0,302.62668288862477,0.9059161825961339,0.9082106172311952,323.56752301076347,False
285.1,302.62668288862477,0.9017792538447441,0.9054116757091838,324.25592701202106,False
285.2,302.62668288862477,0.9019702030063466,0.9022759582912099,324.87514271045427,False
285.3,302.62668288862477,0.896248851068287,0.8988781554165907,325.4355191385393,False
285.40000000000003,302.62668288862477,0.8934882301064171,0.895282735691005,325.9452408738159,False
285.5,302.62668288862477,0.8884749167053155,0.8915451749309414,326.41085518287446,False
285.6,302.62668288862477,0.8890594642211169,0.8877130751150637,326.8376577452779,False
285.7,302.62668288862477,0.8850208948622817,0.8838271652280408,327.2299780270366,False
285.8,302.62668288862477,0.8828948993160857,0.8799221863121384,327.59139265775497,False
285.90000000000003,302.62668288862477,0.875675919835123,0.8760276683069749,327.9248865972661,False
286.0,302.62668288862477,0.8736447855439304,0.8721686085809026,328.23297604553403,False
286.1,302.62668288862477,0.8706252632645837,0.8683660627170449,328.51780303895265,False
286.2,302.62668288862477,0.868821738623806,0.8646376578738701,328.7812088895555,False
286.3,302.62668288862477,0.85849893506972,0.8609980383416206,329.0247916677769,False
286.40000000000003,302.62668288862477,0.8558385686880676,0.8574592520205284,329.2499515429902,False
286.5,302.62668288862477,0.8520691719562772,0.8540310856001634,329.4579268038557,False
286.6,302.62668288862477,0.8479480986785607,0.8507213552999381,329.64982266391576,False
286.7,302.62668288862477,0.848965041977154,0.8475361591778054,329.82663443576376,False
286.8,302.62668288862477,0.8459363629977942,0.8444800962437874,329.9892662735553,False
286.90000000000003,302.62668288862477,0.8387608292268419,0.8415564569306291,330.1385463996497,False
287.0,302.62668288862477,0.8365959397426781,0.838767388872194,330.2752395193938,False
287.1,302.62668288862477,0.8367414397380593,0.836114041414463,330.40005696908105,False
287.2,302.62668288862477,0.8326132824278044,0.8335966918260929,330.5136650220611,False
287.3,294.84751052488025,0.8316728807612918,0.8312148557771896,330.6166916868204,False
287.40000000000003,294.84751052488025,0.8297870435769608,0.8301251956133955,329.0835905125268,False
287.5,294.84751052488025,0.8332428493388291,0.8311228164603047,327.58417126158173,False
287.6,294.84751052488025,0.8201670986352565,0.8336995610006519,326.16799071655356,True
287.7,294.84751052488025,0.8337533543941619,0.8374130529630481,324.8680548935315,False
287.8,294.84751052488025,0.8446092042950504,0.8418966343076,323.70220050845734,False
287.90000000000003,294.84751052488025,0.8458940136724723,0.8468576378236513,322.6761216748506,False
288.0,294.84751052488025,0.8498012748290112,0.8520693397705514,321.78680486236976,False
288.1,294.84751052488025,0.8585663380287657,0.8573605249621876,321.02563765248124,False
288.2,294.84751052488025,0.8606456061479804,0.862605002998871,320.38088255485025,False
288.3,294.84751052488025,0.8651977319339454,0.86771221016765,319.83947374196083,False
288.40000000000003,294.84751052488025,0.8719293482350108,0.8726192910315447,319.38822429692647,False
288.5,294.84751052488025,0.8800070574702085,0.8772846649748909,319.01457393818487,False
288.6,294.84751052488025,0.8780470861893147,0.8816829126388288,318.70700428446725,False
288.7,294.84751052488025,0.8837181187061252,0.8858007652819296,318.45522747563007,False
288.8,294.84751052488025,0.8862508915872774,0.889633984701709,318.25022874355,False
288.90000000000003,294.84751052488025,0.8907754881275688,0.8931849484208416,318.08422074974806,False
289.0,294.6584328550378,0.8961636656509373,0.896460787470999,317.95054928114627,False
289.1,294.6584328550378,0.8968435521747422,0.8994831298337916,317.8073682640671,False
289.2,294.6584328550378,0.9028924178357642,0.9022716627956369,317.69214389054247,False
289.3,294.6584328550378,0.9050468686314704,0.904835229135036,317.5999658243933,False
289.40000000000003,294.6584328550378,0.9086289776702371,0.9071845680467909,317.52671392278074,False
289.5,294.6584328550378,0.9131716774553263,0.9093316065859017,317.4689475514269,False
289.6,294.6584328550378,0.9093119740624314,0.9112889213405772,317.42380497731557,False
289.7,294.6584328550378,0.9121074596440911,0.9130693330555287,317.3889141272925,False
289.8,294.6584328550378,0.9134769958957144,0.914685605118276,317.3623147841924,False
289.90000000000003,294.6584328550378,0.915245890893034,0.9161502231455491,317.34239160368287,False
290.0,294.6584328550378,0.9182819625675656,0.917475237801269,317.32781698552276,False
290.1,294.6584328550378,0.9198718321595406,0.9186721567795864,317.3175026943063,False
290.2,294.6584328550378,0.9187399538343026,0.9197518748532231,317.31055911212235,False
290.3,294.6584328550378,0.9233880406983649,0.9207246332132161,317.30626106373563,False
290.40000000000003,294.6584328550378,0.9210567264850903,0.9216000011580316,317.3040192489208,False
290.5,294.6584328550378,0.92215509908117,0.9223868746390281,317.30335642486193,False
290.6,294.6584328550378,0.9213136627048333,0.9230934873196196,317.30388759126413,False
290.7,294.6584328550378,0.9250633813927535,0.9237274307216685,317.3053035348546,False
290.8,294.6584328550378,0.9257871040089879,0.9242956807640373,317.30735718469253,False
290.90000000000003,294.6584328550378,0.9248102353219136,0.9248046285830988,317.30985231373654,False
291.0,294.6584328550378,0.9209540943876395,0.9252601139931174,317.31263419530694,False
291.1,294.6584328550378,0.9251797575988712,0.9256674603191208,317.31558188600843,False
291.2,294.6584328550378,0.927218057754303,0.9260315096346009,317.31860186027654,False
291.3,294.6584328550378,0.9255220869638049,0.9263566576757479,317.3216227670544,False
291.40000000000003,294.6584328550378,0.9264534317928899,0.9266468878946094,317.32459111726786,False
291.5,294.6584328550378,0.9279309166512443,0.9269058042649286,317.32746774276916,False
291.6,294.6584328550378,0.9234978784414567,0.9271366625740197,317.3302248941837,False
291.7,294.6584328550378,0.9289318123687914,0.9273424000279463,317.3328438674331,False
291.8,294.6584328550378,0.9237382661214895,0.9275256630704559,317.3353130673311,False
291.90000000000003,294.6584328550378,0.9278799128934203,0.9276888333725718,317.3376264321564,False
292.0,294.6584328550378,0.928983971427072,0.9278340519927394,317.33978215601826,False
292.1,294.6584328550378,0.9269593455298496,0.927963241739611,317.3417816565665,False
292.2,294.6584328550378,0.9290124263952927,0.9280781277931052,317.3436287445382,False
292.3,294.6584328550378,0.9291679765738382,0.9281802566560555,317.34532895905886,False
292.40000000000003,294.6584328550378,0.927207549347641,0.9282710135200007,317.34688903880186,False
292.5,294.6584328550378,0.9275028809587208,0.9283516381356383,317.34831650424667,False
292.6,294.6584328550378,0.930031024397453,0.9284232392821095,317.34961933055285,False
292.7,294.6584328550378,0.9290997545946079,0.9284868079303702,317.3508056941205,False
292.8,294.48456371259056,0.9297442074105912,0.9285432291950576,317.35188377886146,False
292.90000000000003,294.48456371259056,0.9294251445364754,0.9286034722225118,317.3195848473288,False
293.0,294.48456371259056,0.9275360762108741,0.9286747339282964,317.2927195592499,False
293.1,294.48456371259056,0.9266390237755656,0.9287529627046301,317.27040875976525,False
293.2,294.48456371259056,0.9267922385642196,0.928835005601281,317.2519104032974,False
293.3,294.48456371259056,0.9262465369805946,0.9289184373327349,317.2365991991257,False
293.40000000000003,294.48456371259056,0.9249837921831534,0.9290014196554378,317.2239490131061,False
293.5,294.48456371259056,0.9279025368056949,0.9290825858914787,317.2135177323198,False
293.6,294.48456371259056,0.927359318100471,0.9291609462652576,317.20493430339474,False
293.7,294.48456371259056,0.9293644767594657,0.929235810456552,317.1978876709406,False
293.8,294.48456371259056,0.9288501572709759,0.929306724384676,317.1921173646429,False
293.90000000000003,294.48456371259056,0.9301197169088391,0.9293734187454132,317.18740550841267,False
294.0,294.48456371259056,0.9316874277830676,0.9294357672434427,317.1835700503515,False
294.1,294.48456371259056,0.9275318910306083,0.9294937528128159,317.1804590367752,False
294.2,294.48456371259056,0.9290469540909388,0.9295474404089025,317.1779457763519,False
294.3,294.48456371259056,0.9628984012893261,0.9295969551971099,317.17592476116903,True
294.40000000000003,294.48456371259056,0.9278953277637394,0.9296424651649204,317.1743082301047,False
294.5,294.48456371259056,0.9272981499333227,0.9296841673511971,317.1730232762713,False
294.6,294.48456371259056,0.9298415744248296,0.9297222770259901,317.1720094146281,False
294.7,294.48456371259056,0.9302841389464841,0.9297570192699088,317.17121653830156,False
294.8,293.3701017641881,0.9292340657973541,0.9297886224984429,317.1706032028834,False
294.90000000000003,293.3701017641881,0.9310060467661407,0.929881333712422,316.9570790891024,False
295.0,293.3701017641881,0.9306986095836316,0.9300749907097304,316.7796641721144,False
295.1,293.3701017641881,0.932362576114723,0.9303392497241771,316.6326619047749,False
295.2,293.3701017641881,0.930737037552065,0.9306505123537018,316.51116399414303,False
295.3,293.3701017641881,0.9312969423871164,0.9309905586687852,316.41097733050475,False
295.40000000000003,293.3701017641881,0.9335870418106327,0.9313454505330562,316.3285439541929,False
295.5,293.3701017641881,0.9308414199443038,0.9317046514060427,316.2608611892156,False
295.6,293.3701017641881,0.9329844149572301,0.9320603196868049,316.2054061070865,False
295.7,293.3701017641881,0.9343974312045417,0.9324067413404911,316.16006651071643,False
295.8,293.3701017641881,0.9345451972477864,0.9327398744729919,316.12307935648147,False
295.90000000000003,293.3701017641881,0.9347206711766524,0.9330569840082787,316.0929767439511,False
296.0,293.3701017641881,0.934606504755609,0.9333563489754496,316.06853914040823,False
296.1,293.3701017641881,0.9330728098244715,0.9336370283643407,316.04875525930345,False
296.2,293.3701017641881,0.9358675538984333,0.9338986742525882,316.0327879011255,False
296.3,293.3701017641881,0.9076556798985346,0.9341413830949655,316.01994503950004,True
296.40000000000003,293.3701017641881,0.9335252601424201,0.9343655778159365,316.0096554597177,False
296.5,293.3701017641881,0.9341472527101266,0.934571914750817,316.0014483085232,False
296.6,293.3701017641881,0.935845327706445,0.9347612106114515,315.99493597830923,False
296.7,293.3701017641881,0.9381533993049915,0.9349343855648848,315.9897998168504,False
296.8,293.3701017641881,0.9377349935018631,0.935092419251946,315.98577822006087,False
296.90000000000003,293.3701017641881,0.9377850986042385,0.9352363171714355,315.9826567270302,False
297.0,293.3701017641881,0.9367507409919442,0.9353670853419519,315.9802597923796,False
297.1,293.3701017641881,0.9357969089400777,0.9354857115489236,315.97844396031894,False
297.2,293.3701017641881,0.9338581595744045,0.9355931518064006,315.97709220776557,False
297.3,293.3701017641881,0.975893474506211,0.9356903209254138,315.97610926091676,True
297.40000000000003,293.3701017641881,0.9360578088820237,0.9357780862943769,315.9754177212994,False
297.5,293.3701017641881,0.9392716244661582,0.9358572641510697,315.97495486417455,False
297.6,293.3701017641881,0.9370858462931116,0.9359286177674849,315.97466999485164,False
297.7,293.3701017641881,0.9367386477225862,0.9359928570841684,315.9745222675453,False
297.8,293.3701017641881,0.9372138341784452,0.9360506394244619,315.97447888741146,False
297.90000000000003,293.3701017641881,0.9334221293697622,0.936102570995191,315.97451362978546,False
298.0,293.3701017641881,0.93482885124475,0.9361492089420628,315.97460562182425,False
298.1,293.3701017641881,0.9372240543127834,0.9361910637779652,315.97473834107535,False
298.2,293.3701017641881,0.938275845902039,0.9362286020426682,315.97489879325656,False
298.3,293.3701017641881,0.9350761017055431,0.9362622490848576,315.9750768379841,False
298.40000000000003,293.3701017641881,0.9374103501510767,0.9362923918834677,315.97526463655464,False
298.5,293.3701017641881,0.9325546100436723,0.9363193818460778,315.97545620034117,False
298.6,293.3701017641881,0.9373524211108731,0.9363435375386906,315.975647022061,False
298.7,293.3701017641881,0.9392204788919097,0.9363651473143176,315.9758337752448,False
298.8,293.3701017641881,0.9359843884312943,0.9363844718180991,315.9760140697768,False
298.90000000000003,293.3701017641881,0.9351717225262928,0.9364017463547344,315.97618625348804,False
299.0,293.3701017641881,0.9417680749495942,0.9364171831102207,315.9763492515298,False
299.1,293.3701017641881,0.9365302639012916,0.9364309732246593,315.9765024367021,False
299.2,293.3701017641881,0.9647935202510451,0.9364432887164685,315.97664552510946,True
299.3,293.3701017641881,0.9351553924473188,0.9364542842610006,315.97677849250766,False
299.40000000000003,293.3701017641881,0.9099683565534165,0.9364640988284618,315.9769015075253,True
299.5,293.3701017641881,0.9334139245164726,0.9364728571873654,315.97701487862025,False
299.6,293.3701017641881,0.938472837343485,0.9364806712806091,315.97711901219213,False
299.7,293.3701017641881,0.9331724511906188,0.9364876414817835,315.9772143797346,False
299.8,293.3701017641881,0.9325028041041734,0.9364938577395557,315.9773014922921,False
299.90000000000003,293.3701017641881,0.9352727123250221,0.9364994006180035,315.97738088079967,False
300.0,293.3701017641881,0.935727385610663,0.9365043422406579,315.97745308114673,False
300.1,293.3701017641881,0.9359580122630271,0.9365087471457757,315.97751862301556,False
300.2,293.3701017641881,0.9340324507211583,0.9365126730600544,315.9775780217238,False
300.3,298.44735371294007,0.9349016703082556,0.9365161715976383,315.9776317724433,False
300.40000000000003,298.44735371294007,0.9363586238242445,0.9362443498325814,316.9450790562198,False
300.5,298.44735371294007,0.9316335355867134,0.9354989206846449,317.74946542374164,False
300.6,298.44735371294007,0.9345796750061631,0.9343836816467704,318.42306856539744,False
300.7,298.44735371294007,0.9341998492078071,0.9329879681734236,318.9904503540395,False
300.8,298.44735371294007,0.9341341849270262,0.9313876450107051,319.4705801470397,False
300.90000000000003,298.44735371294007,0.9305577775681262,0.9296463892610077,319.8783210761722,False
301.0,298.44735371294007,0.9301319166717474,0.9278170623542673,320.22548156988415,False
301.1,298.44735371294007,0.9265455191710141,0.9259430573910011,320.52156743248935,False
301.2,298.44735371294007,0.9270485838845457,0.9240595626854131,320.77432564520785,False
301.3,298.44735371294007,0.9224500755141777,0.9221947144600959,320.9901418396665,False
301.40000000000003,298.44735371294007,0.9245453335305233,0.9203706300626139,321.1743339510811,False
301.5,298.44735371294007,0.919804010993436,0.9186043231923695,321.33137150936057,False
301.6,298.44735371294007,0.9157939421923433,0.916908507852223,321.4650411866662,False
301.7,298.44735371294007,0.9156617551391066,0.91529230012322,321.5785731702635,False
301.8,298.44735371294007,0.9102784288190242,0.9137618276430026,321.6747387463778,False
301.90000000000003,298.44735371294007,0.9147429219799881,0.9123207565827268,321.7559265588294,False
302.0,298.44735371294007,0.910424060878019,0.910970745391127,321.82420294540583,False
302.1,298.44735371294007,0.9121774811697791,0.9097118338515265,321.8813602883847,False
302.2,298.44735371294007,0.9129614959532636,0.9085427752128822,321.92895626356074,False
302.3,298.44735371294007,0.9074821950714045,0.9074613183803658,321.9683461121222,False
302.40000000000003,298.44735371294007,0.9065409570378363,0.9064644464190406,322.00070950748,False
302.5,298.44735371294007,0.9052465864089706,0.9055485769500182,322.0270731859901,False
302.6,298.44735371294007,0.9054559093853827,0.9047097294054515,322.04833021513286,False
302.7,298.44735371294007,0.9083765414287872,0.9039436635547967,322.0652565557397,False
302.8,298.44735371294007,0.905814094378751,0.9032459932156794,322.07852541519463,False
302.90000000000003,298.44735371294007,0.9030951455119224,0.9026122786134132,322.0887197709005,False
303.0,298.44735371294007,0.9041590374963048,0.9020381004488831,322.09634335653885,False
303.1,298.44735371294007,0.8974031918641269,0.9015191183706671,322.10183033957964,False
303.2,298.44735371294007,0.90129896017767,0.9010511162200686,322.10555387109656,False
303.3,298.44735371294007,0.8949709618812441,0.9006300361236789,322.1078336537508,False
303.40000000000003,298.44735371294007,0.9025006365468832,0.9002520032443634,322.1089426475493,False
303.5,298.44735371294007,0.89557580288319,0.899913342765406,322.1091130132309,False
303.6,298.44735371294007,0.9007058941971507,0.8996105904716705,322.1085413781035,False
303.7,298.44735371294007,0.8975348339671161,0.899340498103884,322.10739349754783,False
303.8,298.44735371294007,0.9042182798051818,0.8991000344955254,322.105808376262,False
303.90000000000003,298.44735371294007,0.8963572726185275,0.89888638335446,322.1039019059645,False
304.0,298.44735371294007,0.8980392898273498,0.8986969384216582,322.1017700702072,False
304.1,298.44735371294007,0.901914490684615,0.8985292966254431,322.09949176182687,False
304.2,298.44735371294007,0.8992685950817423,0.8983812497501777,322.0971312541341,False
304.3,298.44735371294007,0.8986654616728057,0.8982507750516938,322.09474036303607,False
304.40000000000003,298.44735371294007,0.8976763693907464,0.8981360251767387,322.09236033379494,False
304.5,298.44735371294007,0.8982243839576065,0.8980353176790072,322.0900234829562,False
304.6,298.44735371294007,0.8964480156266773,0.8979471243687959,322.0877546230865,False
304.7,298.44735371294007,0.8975388960042154,0.8978700606858894,322.08557229530254,False
304.8,298.44735371294007,0.8977155017224343,0.8978028752450036,322.0834898321279,False
304.90000000000003,298.44735371294007,0.8992062385753244,0.8977444396690786,322.0815162709583,False
305.0,298.44735371294007,0.8978562142680421,0.8976937387971466,322.0796571363445,False
305.1,298.44735371294007,0.899343282771759,0.897649861329677,322.07791510739634,False
305.2,298.09499552390594,0.8946381021668216,0.8976119909545786,322.07629058486555,False
305.3,298.09499552390594,0.9004302064827088,0.8976088376126332,322.00562163517645,False
305.40000000000003,298.09499552390594,0.89857560544734,0.8976600244145304,321.94355554841707,False
305.5,298.09499552390594,0.9010320434543393,0.8977529562682006,321.8892049101925,False
305.6,298.09499552390594,0.8989415044102189,0.8978771513193474,321.84174571039256,False
305.7,298.09499552390594,0.8978209154194935,0.8980239405966551,321.80041922055716,False
305.8,298.09499552390594,0.8984685380434363,0.8981862047004935,321.7645317721601,False
305.90000000000003,298.09499552390594,0.8960511110758489,0.8983581438318574,321.73345302850555,False
306.0,298.09499552390594,0.8980828184154025,0.8985350776356075,321.7066132180937,False
306.1,298.09499552390594,0.8990859350287703,0.8987132715611571,321.6834996928943,False
306.2,298.09499552390594,0.8991591746202526,0.8988897866988923,321.6636530892099,False
306.3,298.09499552390594,0.8957896084086161,0.8990623503154631,321.64666329949546,False
306.40000000000003,298.09499552390594,0.9002108640520592,0.8992292445742338,321.6321654082611,False
306.5,298.09499552390594,0.8973825699836174,0.8993892111805596,321.6198357017273,False
306.6,298.09499552390594,0.899112007985164,0.8995413699307871,321.6093878271451,False
306.7,298.09499552390594,0.901387702755564,0.8996851493662775,321.6005691518021,False
306.8,298.09499552390594,0.8984076173419693,0.8998202279381086,321.59315735215085,False
306.90000000000003,298.09499552390594,0.8996962459271384,0.8999464842742266,321.58695724889293,False
307.0,298.09499552390594,0.899183660231996,0.9000639553090685,321.5817978931711,False
307.1,298.09499552390594,0.9012534426536348,0.9001728011869169,321.57752990136737,False
307.20000000000005,298.09499552390594,0.8979688355488982,0.9002732759855266,321.57402303069,False
307.3,298.09499552390594,0.8972633297824206,0.9003657034270686,321.5711639841854,False
307.40000000000003,298.09499552390594,0.8963019419143506,0.9004504568504152,321.56885443160206,False
307.5,298.09499552390594,0.9048798549083719,0.900527942813469,321.5670092313101,False
307.6,298.16523547206805,0.9019543572111677,0.9005985877777872,321.5655548379834,False
307.70000000000005,298.16523547206805,0.9038936407412052,0.9006571677642076,321.57817369254707,False
307.8,298.16523547206805,0.8999521388731251,0.9007002123664898,321.5893155308183,False
307.90000000000003,298.16523547206805,0.9029754864359517,0.9007304502459428,321.5991372603239,False
308.0,298.16523547206805,0.8998598710270823,0.9007502082798526,321.60778088056213,False
308.1,298.16523547206805,0.8982359072745183,0.9007614642714755,321.61537471517033,False
308.20000000000005,298.16523547206805,0.9024598143916704,0.9007658933693011,321.6220345571259,False
308.3,298.16523547206805,0.9001760116309171,0.9007649088824808,321.6278647334325,False
308.40000000000003,298.16523547206805,0.901279508592639,0.9007596981105939,321.63295909466353,False
308.5,298.16523547206805,0.9015891418784276,0.9007512537436103,321.63740193396575,False
308.6,298.16523547206805,0.9019233609677226,0.9007404013313912,321.641268839586,False
308.70000000000005,298.16523547206805,0.9003023203829189,0.9007278232708109,321.6446274846121,False
308.8,298.16523547206805,0.8960951510594527,0.9007140797121156,321.6475383573597,False
308.90000000000003,298.16523547206805,0.8983235348694961,0.9006996267440416,321.6500554356601,False
309.0,298.16523547206805,0.9018158211160485,0.9006848321790614,321.6522268081751,False
309.1,298.16523547206805,0.9045638212113711,0.9006699892257148,321.65409524576995,False
309.20000000000005,298.16523547206805,0.9005849734336181,0.9006553283037891,321.65569872589566,False
309.3,298.16523547206805,0.9034005402287069,0.9006410272300115,321.6570709128578,False
309.40000000000003,298.16523547206805,0.870833557723412,0.9006272199766008,321.65824159677817,True
309.5,298.16523547206805,0.9035941954318008,0.9006140041822243,321.65923709397435,False
309.6,298.16523547206805,0.8983302776453737,0.9006014475744238,321.6600806114041,False
309.70000000000005,298.16523547206805,0.8985626165204585,0.9005895934441986,321.66079257772475,False
309.8,298.16523547206805,0.8999789014365025,0.9005784652969651,321.6613909434248,False
309.90000000000003,298.16523547206805,0.9011614389624448,0.9005680707893925,321.66189145237774,False
310.0,298.16523547206805,0.8981629063696814,0.9005584050484582,321.6623078870592,False
310.1,298.16523547206805,0.9025416640641173,0.9005494534573476,321.66265228955575,False
310.20000000000005,298.16523547206805,0.8976567955538824,0.9005411939823877,321.66293516037587,False
310.3,298.16523547206805,0.9008056638946998,0.9005335991059336,321.66316563695744,False
310.40000000000003,298.16523547206805,0.8987590053767981,0.9005266374219048,321.663351653648,False
310.5,298.16523547206805,0.9009470497118885,0.9005202749433867,321.6635000848173,False
310.6,298.16523547206805,0.8964793381882086,0.9005144761652784,321.66361687264794,False
310.70000000000005,298.16523547206805,0.8985505982863599,0.9005092049192875,321.66370714103834,False
310.8,298.16523547206805,0.8980063132594062,0.9005044250535746,321.6637752969455,False
310.90000000000003,298.16523547206805,0.902319458959704,0.9005001009649499,321.66382512039,False
311.0,298.16523547206805,0.8960168227680231,0.9004961980076699,321.6638598442498,False
311.1,298.16523547206805,0.903954510808858,0.9004926827995013,321.66388222487376,False
311.20000000000005,298.16523547206805,0.899463019095495,0.9004895234427669,321.66389460445873,False
311.3,298.16523547206805,0.9008663264809742,0.9004866896755103,321.6638989660514,False
311.40000000000003,298.16523547206805,0.8953891214750955,0.9004841529656754,321.66389698195724,False
311.5,298.16523547206805,0.8988879217239966,0.9004818865592482,321.6638900562685,False
311.6,298.16523547206805,0.9021551060581481,0.9004798654916176,321.6638793621544,False
311.70000000000005,298.16523547206805,0.9034787845177058,0.9004780665699551,321.6638658744966,False
311.8,298.16523547206805,0.8984945578852573,0.9004764683331509,321.66385039839344,False
311.90000000000003,298.16523547206805,0.9027405289039586,0.9004750509947624,321.66383359400623,False
312.0,298.16523547206805,0.9008238023588166,0.9004737963735012,321.6638159981719,False
312.1,298.16523547206805,0.9017566787953196,0.9004726878149857,321.66379804316125,False
312.20000000000005,298.16523547206805,0.900046713441744,0.9004717101078139,321.6637800729238,False
312.3,298.16523547206805,0.9035008101374333,0.9004708493964294,321.6637623571232,False
312.40000000000003,295.1726333587433,0.8970549731634777,0.9004700930927663,321.66374510323226,False
312.5,295.1726333587433,0.9019933561348531,0.9007085183769278,321.0784943198567,False
312.6,295.1726333587433,0.9044129449850168,0.9013375939454783,320.57100648353014,False
312.70000000000005,295.1726333587433,0.9037844445595823,0.9022461703549336,320.1345423498756,False
312.8,295.1726333587433,0.9027730393355283,0.9033463418261889,319.76176680997156,False
312.90000000000003,295.1726333587433,0.9056043199833962,0.9045692303921196,319.44528563402235,False
313.0,295.1726333587433,0.9063842290984594,0.9058614040481353,319.17799528918613,False
313.1,295.1726333587433,0.9066312258846256,0.9071818880075531,318.95329201902337,False
313.20000000000005,295.1726333587433,0.9106389565642325,0.9084997002868855,318.76518001665573,False
313.3,295.1726333587433,0.9124774160444933,0.9097918355874576,318.60831049977605,False
313.40000000000003,295.1726333587433,0.9083202500622876,0.9110416246460735,318.4779757716339,False
313.5,295.1726333587433,0.9159543269820346,0.9122374040610997,318.37007576653787,False
313.6,295.1726333587433,0.9134749232669012,0.9133714408260729,318.2810693451359,False
313.70000000000005,295.1726333587433,0.9140976029096028,0.9144390648221414,318.2079186398234,False
313.8,295.1726333587433,0.9172908296212103,0.9154379706257751,318.1480318524372,False
313.90000000000003,295.1726333587433,0.9148332551442642,0.9163676569501534,318.0992078499522,False
314.0,295.1726333587433,0.9181653327937782,0.9172289778651808,318.0595844839469,False
314.1,295.1726333587433,0.9173688502551762,0.9180237847436146,318.02759160599754,False
314.20000000000005,295.1726333587433,0.918684769096876,0.9187546418049672,318.0019091306663,False
314.3,295.1726333587433,0.9201994456881667,0.9194246013207082,317.98143010993726,False
314.40000000000003,295.1726333587433,0.9200793135093979,0.9200370271355524,317.965228554234,False
314.5,295.1726333587433,0.9199390665469557,0.9205954572628376,317.9525316127512,False
314.6,295.1726333587433,0.9235138588669042,0.9211034980204751,317.94269567264485,False
314.70000000000005,295.1726333587433,0.9227121103300361,0.9215647435637124,317.9351859269963,False
314.8,295.1726333587433,0.9229812648226414,0.9219827158033107,317.92955897797253,False
314.90000000000003,295.1726333587433,0.9241307088088698,0.9223608206219208,317.9254480726348,False
315.0,295.1726333587433,0.9185236929689925,0.9227023170569049,317.9225506068446,False
315.1,295.1726333587433,0.9248288470651913,0.9230102967362473,317.92061757288633,False
315.20000000000005,295.1726333587433,0.927901636548484,0.9232876713609092,317.91944466586574,False
315.3,295.1726333587433,0.921468598158508,0.923537166442503,317.91886480098725,False
315.40000000000003,295.1726333587433,0.928797455572369,0.923761319846057,317.91874182762336,False
315.5,295.1726333587433,0.9203823367463592,0.92396248396728,317.9189652563299,False
315.6,295.1726333587433,0.9227479121308859,0.9241428306030903,317.9194458416258,False
315.70000000000005,295.1726333587433,0.9256529491782618,0.9243043577621036,317.9201118866179,False
315.8,295.1726333587433,0.9232534316841259,0.92444889781562,317.9209061556837,False
315.90000000000003,295.1726333587433,0.9227979727041888,0.9245781265153714,317.92178329874156,False
316.0,295.1726333587433,0.924999660034235,0.9246935725068318,317.92270770546554,False
316.1,295.1726333587433,0.9256711880096987,0.924796627050311,317.92365172044896,False
316.20000000000005,295.1726333587433,0.9266374248876105,0.9248885537297076,317.9245941610805,False
316.3,295.1726333587433,0.9244261937371008,0.9249704979834645,317.92551908902965,False
316.40000000000003,295.1726333587433,0.9209862697008769,0.9250434963362442,317.92641479397537,False
316.5,295.1726333587433,0.9262536921757086,0.9251084852450289,317.9272729547615,False
316.6,295.1726333587433,0.9277571651086957,0.9251663095013305,317.9280879486949,False
316.70000000000005,295.1726333587433,0.9242952122071788,0.9252177301532613,317.92885628437773,False
316.8,295.1726333587433,0.9268368960966014,0.9252634319284703,317.92957613740884,False
316.90000000000003,295.1726333587433,0.9225775757094012,0.9253040301522697,317.93024697161434,False
317.0,295.1726333587433,0.9238953335823801,0.9253400771654104,317.93086923127186,False
317.1,295.1726333587433,0.9229992084990905,0.9253720682535282,317.9314440921531,False
317.20000000000005,295.1726333587433,0.9255925293305074,0.9254004471057691,317.9319732611969,False
317.3,295.1726333587433,0.9230826291704958,0.9254256108239437,317.93245881629906,False
317.40000000000003,295.1726333587433,0.9287604660259003,0.925447914506078,317.9329030791085,False
317.5,300.99933068068003,0.9264924744525727,0.9254676754297213,317.9333085149045,False
317.6,300.99933068068003,0.9252036611775724,0.9251164826512067,319.0542764420768,False
317.70000000000005,300.99933068068003,0.9255468632043828,0.924115226339491,320.0061425886312,False
317.8,300.99933068068003,0.9251418252545425,0.9225868830694193,320.8223347793863,False
317.90000000000003,300.99933068068003,0.9214170551543525,0.9206395422714461,321.52799543082773,False
318.0,300.99933068068003,0.9166940538882707,0.9183671670587195,322.1423072799872,False
318.1,300.99933068068003,0.9160253252877562,0.9158507407541752,322.6801147685637,False
318.20000000000005,300.99933068068003,0.9122868918927641,0.9131595566447169,323.1530669906422,False
318.3,300.99933068068003,0.9114296293205617,0.9103525140894602,323.5704325464269,False
318.40000000000003,300.99933068068003,0.9067051373939675,0.907479348669487,323.93968699309085,False
318.5,300.99933068068003,0.9047234864632437,0.9045817623793412,324.2669409124231,False
318.6,300.99933068068003,0.9037947031515087,0.9016944418936608,324.55725500154404,False
318.70000000000005,300.99933068068003,0.897248741090842,0.8988459651014694,324.81487418556173,False
318.8,300.99933068068003,0.8957642337277477,0.8960596023862188,325.0434030603096,False
318.90000000000003,300.99933068068003,0.8928872463596924,0.8933540219821344,325.2459383911346,False
319.0,300.99933068068003,0.860036931946204,0.8907439096367107,325.42516987728584,True
319.1,300.99933068068003,0.8933582859276834,0.8882405126407817,325.583457260221,False
319.20000000000005,300.99933068068003,0.8881908733615392,0.8858521175756495,325.7228896604793,False
319.3,300.99933068068003,0.8822670455977368,0.8835844701770416,325.84533147468346,False
319.40000000000003,300.99933068068003,0.8801567701248665,0.8814411447024076,325.9524580529514,False
319.5,300.99933068068003,0.8801065651136286,0.8794238692067755,326.04578357325164,False
319.6,300.99933068068003,0.8800658272953231,0.8775328122317253,326.1266829415472,False
319.70000000000005,300.99933068068003,0.8755619278163351,0.8757668356131099,326.1964091120927,False
319.8,300.99933068068003,0.8758287168366349,0.8741237174211077,326.2561068974627,False
319.90000000000003,300.99933068068003,0.8691061847264911,0.872600348457227,326.30682409243434,False
320.0,300.99933068068003,0.872001624738487,0.871192905238475,326.34952054839533,False
320.1,300.99933068068003,0.8725476480893978,0.8698970019883375,326.3850756904064,False
320.20000000000005,300.99933068068003,0.8690325627858424,0.8687078238160765,326.41429485665236,False
320.3,300.99933068068003,0.8663493508494395,0.8676202429889847,326.4379147520292,False
320.40000000000003,300.99933068068003,0.8688514248692072,0.8666289199761887,326.4566082384171,False
320.5,300.99933068068003,0.863761615700869,0.8657283907579597,326.4709886296465,False
320.6,300.99933068068003,0.8643487580542696,0.8649131417430086,326.4816136161966,False
320.70000000000005,300.99933068068003,0.8654056936281593,0.8641776735108301,326.4889889109322,False
320.8,298.89157108661726,0.8617007541491508,0.8635165544909245,326.49357168088335,False
320.90000000000003,298.89157108661726,0.8684672334237142,0.8631648294191765,326.06950038885185,False
321.0,298.89157108661726,0.8629112044852199,0.8632902581324243,325.674491680774,False
321.1,298.89157108661726,0.8597716194150211,0.863796474912247,325.3104412639149,False
321.20000000000005,298.89157108661726,0.866807903582039,0.8645998596176716,324.97806278816836,False
321.3,298.89157108661726,0.866353548650265,0.8656287122481037,324.67712996100425,False
321.40000000000003,298.89157108661726,0.8667487893839627,0.866822247351394,324.4067029110267,False
321.5,298.89157108661726,0.8691151517437363,0.8681295023564803,324.1653284903429,False
321.6,298.89157108661726,0.8707946275863335,0.8695082295940348,323.95120985454395,False
321.70000000000005,298.89157108661726,0.8412626493926211,0.8709238204377397,323.7623446716403,True
321.8,298.89157108661726,0.8896832075183015,0.8723482927215174,323.59663387248077,True
321.90000000000003,298.89157108661726,0.8745554886173265,0.8737593593907854,323.45196427243434,False
322.0,298.89157108661726,0.8770611032574422,0.8751395867790094,323.32626898753557,False
322.1,298.89157108661726,0.8755241447456455,0.8764756442846148,323.2175696187907,False
322.20000000000005,298.89157108661726,0.8770032969996183,0.8777576428863991,323.1240039048507,False
322.3,298.89157108661726,0.880251110201744,0.8789785572803515,323.04384210372007,False
322.40000000000003,298.89157108661726,0.8815521088828194,0.8801337249609363,322.9754948642396,False
322.5,298.89157108661726,0.8811887442067472,0.8812204149298827,322.91751485311136,False
322.6,298.89157108661726,0.8824452297642322,0.8822374586166299,322.86859394967206,False
322.70000000000005,298.89157108661726,0.8851076586904435,0.8831849358363831,322.827557425463,False
322.8,298.89157108661726,0.8823751659419923,0.884063909054057,322.79335619361416,False
322.90000000000003,298.89157108661726,0.882487954914967,0.8848761997697573,322.76505794172397,False
323.0,298.89157108661726,0.8872265043245303,0.8856242014306669,322.74183774512915,False
323.1,298.89157108661726,0.8870953291693175,0.8863107238648177,322.7229685875607,False
323.20000000000005,298.89157108661726,0.8855423691701871,0.8869388647995496,322.7078120853144,False
323.3,298.89157108661726,0.886950539343489,0.887511904557425,322.69580961189945,False
323.40000000000003,298.89157108661726,0.901728166848342,0.8880332205080305,322.6864739462082,True
323.5,298.89157108661726,0.8874708719370638,0.8885062182930501,322.6793815130997,False
323.6,298.89157108661726,0.891587552912752,0.8889342772347104,322.6741652463956,False
323.70000000000005,298.89157108661726,0.8894283342068987,0.8893207076863464,322.6705080770091,False
323.8,298.89157108661726,0.8874510859900664,0.889668718391521,322.66813703037826,False
323.90000000000003,296.0634485220085,0.8910360970165612,0.8899813921884213,322.66681790529924,False
324.0,296.0634485220085,0.8915640473810992,0.8905043227890609,322.110014541311,False
324.1,296.0634485220085,0.891278328176616,0.8913978885955642,321.6220610790152,False
324.20000000000005,296.0634485220085,0.8924208628201802,0.8925555710346106,321.19807911956946,False
324.3,296.0634485220085,0.8949035923274103,0.8938921953054282,320.8323735524871,False
324.40000000000003,296.0634485220085,0.8968828114738095,0.8953403807266639,320.51893674856194,False
324.5,296.0634485220085,0.8966541835264626,0.8968474261473419,320.25180000794967,False
324.6,296.0634485220085,0.8972446700100257,0.8983726401097565,320.0252633817343,False
324.70000000000005,296.0634485220085,0.8994307786656461,0.8998850883769165,319.834033480014,False
324.8,296.0634485220085,0.903322900244999,0.9013617144828496,319.673294657585,False
324.90000000000003,296.0634485220085,0.9043333398884538,0.9027857838136724,319.5387339620731,False
325.0,296.0634485220085,0.9033042326097799,0.9041456029408266,319.42653545495733,False
325.1,296.0634485220085,0.9111157857843938,0.9054334701968957,319.3333554181423,False
325.20000000000005,296.0634485220085,0.9116673744768129,0.9066448189076773,319.2562866598358,False
325.3,296.0634485220085,0.905673067641309,0.9077775202437629,319.19281759271536,False
325.40000000000003,296.0634485220085,0.9108911888883247,0.9088313178250239,319.1407898653758,False
325.5,296.0634485220085,0.9078148214520867,0.9098073707925167,319.09835695815354,False
325.6,296.0634485220085,0.9107962156059998,0.9107078860041112,319.0639451875321,False
325.70000000000005,296.0634485220085,0.9146434512106304,0.9115358233418243,319.03621789807045,False
325.8,296.0634485220085,0.913842728997408,0.912294660904228,319.01404317576765,False
325.90000000000003,296.0634485220085,0.9106006704178738,0.9129882091707848,318.9964651291399,False
326.0,296.0634485220085,0.9146562013199376,0.9136204651393856,318.98267860688514,False
326.1,296.0634485220085,0.909289617716964,0.9141954990196511,318.97200711925376,False
326.20000000000005,296.0634485220085,0.911545098812457,0.9147173673697893,318.9638836792161,False
326.3,296.0634485220085,0.9152606026920732,0.9151900476422448,318.9578342615839,False
326.40000000000003,296.0634485220085,0.9139661116255441,0.9156173899931968,318.9534635811145,False
326.5,296.0634485220085,0.919157763341978,0.9160030829462676,318.9504429058891,False
326.6,296.0634485220085,0.9166176236601243,0.9163506301088937,318.94849964426373,False
326.70000000000005,296.0634485220085,0.9192185206307085,0.9166633356428642,318.94740846871116,False
326.8,296.0634485220085,0.9171794585584149,0.916944296606955,318.94698376556164,False
326.90000000000003,296.0634485220085,0.9175353982301218,0.9171964006342852,318.9470732245473,False
327.0,296.0634485220085,0.917767992363438,0.9174223276923376,318.94755240534323,False
327.1,296.0634485220085,0.9215575889909615,0.9176245549096457,318.9483201395574,False
327.20000000000005,296.0634485220085,0.9210405639594496,0.9178053636483114,318.94929464570384,False
327.3,296.0634485220085,0.9157296019101682,0.9179668481626854,318.9504102516048,False
327.40000000000003,296.0634485220085,0.9175911843905389,0.918110925317449,318.9516146335198,False
327.5,296.0634485220085,0.9216113846074437,0.9182393449477259,318.95286649424963,False
327.6,296.0634485220085,0.9153419129596018,0.9183537005336763,318.9541336136959,False
327.70000000000005,296.0634485220085,0.9221333911836225,0.9184554399355793,318.9553912150567,False
327.8,296.0634485220085,0.9198147750310861,0.9185458759954328,318.9566205981925,False
327.90000000000003,296.0634485220085,0.9165850059141831,0.9186261968598858,318.95780799886757,False
328.0,296.0634485220085,0.9142537176241287,0.9186974759187831,318.9589436387199,False
328.1,296.0634485220085,0.9188806212010383,0.9187606812853369,318.9600209360737,False
328.20000000000005,296.0634485220085,0.9223029878526835,0.918816684769296,318.961035852205,False
328.3,296.0634485220085,0.9193352698859049,0.9188662703145639,318.9619863515087,False
328.40000000000003,296.0634485220085,0.920018685412779,0.9189101418884654,318.96287195729184,False
328.5,298.0787266157342,0.9199225012092639,0.9189489308220546,318.96369338770864,False
328.6,298.0787266157342,0.9183566552646836,0.9188480940576119,319.35350904170264,False
328.70000000000005,298.0787266157342,0.9193085570595232,0.9185141298057318,319.68543124675557,False
328.8,298.0787266157342,0.9167461562882236,0.9180016428436537,319.96874041698993,False
328.90000000000003,298.0787266157342,0.9162098224435957,0.9173562453823445,320.2109653263727,False
329.0,298.0787266157342,0.9147683107232824,0.9166157755736138,320.41828041507625,False
329.1,298.0787266157342,0.9150634286749139,0.9158113872010128,320.59579989797714,False
329.20000000000005,298.0787266157342,0.9142193187480001,0.9149685137480678,320.74779781466464,False
329.3,298.0787266157342,0.9144810155382256,0.9141077149303783,320.8778744374345,False
329.40000000000003,298.0787266157342,0.9125542713912761,0.9132454159235186,320.989083477239,False
329.5,298.0787266157342,0.909079714859379,0.9123945501218935,321.08403039263015,False
329.6,298.0787266157342,0.9093541086329008,0.911565116027139,321.1649492176636,False
329.70000000000005,298.0787266157342,0.9102286826609863,0.9107646582048631,321.2337632871492,False
329.8,298.0787266157342,0.9110569607303433,0.9099986814077015,321.29213378796965,False
329.90000000000003,298.0787266157342,0.9086920279586596,0.9092710060716213,321.3414990253378,False
330.0,298.0787266157342,0.9401352643552273,0.9085840725222739,321.3831065415057,True
330.1,298.0787266157342,0.9048619555955354,0.9079392004135504,321.41803967799706,False
330.20000000000005,298.0787266157342,0.9097153768775417,0.9073368091755497,321.44723977276294,False
330.3,298.0787266157342,0.9058540978183767,0.9067766045770418,321.47152488990866,False
330.40000000000003,298.0787266157342,0.9046459744899645,0.9062577359056387,321.4916057628106,False
330.5,298.0787266157342,0.9058564411958738,0.9057789277321306,321.50809947080546,False
330.6,298.0787266157342,0.9062400193441258,0.9053385897477363,321.5215412502114,False
330.70000000000005,298.0787266157342,0.9044828937511343,0.9049349077382912,321.5323947513614,False
330.8,298.0787266157342,0.9058859990547595,0.9045659183819642,321.5410609866468,False
330.90000000000003,298.0787266157342,0.9006973748984439,0.9042295702218278,321.5478861644372,False
331.0,298.0787266157342,0.9037236497680113,0.9039237728669651,321.55316856587086,False
331.1,298.0787266157342,0.9053684974585162,0.9036464362117472,321.5571645927101,False
331.20000000000005,298.0787266157342,0.9043546196354058,0.9033955012289439,321.5600940923849,False
331.3,298.0787266157342,0.9026017152538263,0.9031689636852858,321.5621450492649,False
331.40000000000003,298.0787266157342,0.9421551554709098,0.9029648919451998,321.5634777178208,True
331.5,298.0787266157342,0.9062948880401427,0.902781439867181,321.56422826271313,False
331.6,298.0787266157342,0.9003581925997954,0.9026168556554279,321.5645119622857,False
331.70000000000005,298.0787266157342,0.9029934099214304,0.9024694874048792,321.5644260249203,False
331.8,298.0787266157342,0.9025901955215082,0.902337785968835,321.564052061867,False
331.90000000000003,298.0787266157342,0.9036163332083677,0.902220305683244,321.56345825521294,False
332.0,298.0787266157342,0.8998332955757451,0.9021157033989677,321.56270125540027,False
332.1,298.0787266157342,0.9052263355094987,0.902022736201516,321.5618278390015,False
332.20000000000005,298.0787266157342,0.9036834746263094,0.9019402581356288,321.5608763542009,False
332.3,298.0787266157342,0.9065048904762429,0.9018672161985358,321.5598779785359,False
332.40000000000003,298.0787266157342,0.9019639147900673,0.9018026458197201,321.558857810866,False
332.5,298.0787266157342,0.900541839414969,0.9017456660056463,321.5578358172115,False
332.6,298.0787266157342,0.898101815710388,0.9016954742943389,321.5568276480097,False
332.70000000000005,298.0787266157342,0.9007072576661154,0.9016513416361968,321.5558453424475,False
332.8,298.0787266157342,0.8990747737574688,0.9016126072933326,321.5548979338203,False
332.90000000000003,298.0787266157342,0.8975563151730885,0.9015786738294537,321.5539919683239,False
333.0,298.0787266157342,0.8998166669012847,0.9015490022453332,321.55313194829705,False
333.1,298.0787266157342,0.9009998886223117,0.9015231073008022,321.55232070967554,False
333.20000000000005,298.0787266157342,0.9011667275113073,0.9015005530525196,321.5515597422899,False
333.3,298.0787266157342,0.9066506661418632,0.9014809486271984,321.5508494606256,False
333.40000000000003,298.0787266157342,0.9045825206331276,0.9014639442421688,321.5501894317563,False
333.5,298.0787266157342,0.9018414000488031,0.9014492274788818,321.549578566345,False
333.6,298.0787266157342,0.9028776676233479,0.9014365198099515,321.5490152778856,False
333.70000000000005,298.0787266157342,0.9006716373197052,0.9014255733764193,321.54849761470786,False
333.8,298.0787266157342,0.900588700465257,0.9014161680088968,321.54802336869693,False
333.90000000000003,298.0787266157342,0.9024051533987987,0.9014081084839861,321.54759016416773,False
334.0,298.0787266157342,0.9011785146855997,0.9014012220057233,321.5471955298843,False
334.1,298.0787266157342,0.9045976174713756,0.9013953559006623,321.5468369568169,False
334.20000000000005,298.0787266157342,0.9028950381819685,0.9013903755145033,321.54651194387907,False
334.3,301.33120329102564,0.8993164931242844,0.9013861622977845,321.54621803357816,False
334.40000000000003,301.33120329102564,0.8981357245400629,0.9011161602352507,322.1833270271712,False
334.5,301.33120329102564,0.9006977925329046,0.9003795520518718,322.74392662799113,False
334.6,301.33120329102564,0.9016738051069777,0.8992650493310237,323.2399990886924,False
334.70000000000005,301.33120329102564,0.8957584944479077,0.8978494473611667,323.6809960783731,False
334.8,301.33120329102564,0.894340187815056,0.8961989808218028,324.0744696830368,False
334.90000000000003,301.33120329102564,0.8991758648219812,0.8943705732845242,324.426531372328,False
335.0,301.33120329102564,0.892473120178804,0.8924129658140878,324.7421893295349,False
335.1,301.33120329102564,0.8897050059355358,0.8903677236937297,325.02559882651286,False
335.20000000000005,301.33120329102564,0.8932470884801349,0.8882701275366154,325.28024976201607,False
335.3,301.33120329102564,0.8855624972658757,0.8861499584739856,325.5091083148721,False
335.40000000000003,301.33120329102564,0.8817743156252285,0.8840321883342082,325.71472475333513,False
335.5,301.33120329102564,0.8821050315744223,0.8819375857338235,325.8993160443821,False
335.6,301.33120329102564,0.877386037553703,0.8798832483692507,326.06482953238117,False
335.70000000000005,301.33120329102564,0.8747128874087365,0.8778830708662841,326.2129922809444,False
335.8,301.33120329102564,0.8778788750002233,0.8759481565094717,326.3453494777425,False
335.90000000000003,301.33120329102564,0.872973274490118,0.8740871801437061,326.46329444298453,False
336.0,301.33120329102564,0.8732888724885076,0.8723067085732246,326.5680921582233,False
336.1,301.33120329102564,0.8683967910825323,0.8706114839057716,326.66089777444614,False
336.20000000000005,301.33120329102564,0.8685241780987952,0.8690046745116318,326.7427712193947,False
336.3,301.33120329102564,0.8650292408770139,0.867488097588414,326.81468877042767,False
336.40000000000003,293.60020892005184,0.8641754934617314,0.8660624167374783,326.8775522675335,False
336.5,293.60020892005184,0.8691175196044922,0.8656146463667826,325.3676416072009,False
336.6,293.60020892005184,0.868197468883498,0.8666964681609282,323.97915795266465,False
336.70000000000005,293.60020892005184,0.8702378917808655,0.8688729902193174,322.73437000277244,False
336.8,293.60020892005184,0.8717559011606111,0.8717970530260313,321.6408542916763,False
336.90000000000003,293.60020892005184,0.8745051034032661,0.8751992504010994,320.69573012052086,False
337.0,293.60020892005184,0.8788232960908948,0.8788750541599235,319.8894835576503,False
337.1,293.60020892005184,0.8818123194467825,0.8826720704753717,319.20897466369615,False
337.20000000000005,293.60020892005184,0.8875111450101649,0.8864788091822267,318.63958518707733,False
337.3,293.60020892005184,0.8900287692912149,0.8902153795938402,318.1666319093961,False
337.40000000000003,293.60020892005184,0.8942227271908793,0.8938260487209686,317.77621936893934,False
337.5,293.60020892005184,0.9026282767263543,0.8972734084787873,317.45569585395725,False
337.6,293.60020892005184,0.9005294398177829,0.9005338559698884,317.19384527780795,False
337.70000000000005,293.60020892005184,0.9014199640894357,0.9035941127465625,316.980913352803,False
337.8,293.60020892005184,0.9096368958522631,0.9064485525951845,316.808536942076,False
337.90000000000003,293.60020892005184,0.9070361302693891,0.9090971533133325,316.6696226062855,False
338.0,293.60020892005184,0.9094744446613298,0.9115439285049672,316.55820378405264,False
338.1,293.60020892005184,0.9174208789104171,0.9137957285392911,316.4692945562007,False
338.20000000000005,293.60020892005184,0.9167553122562412,0.9158613258054399,316.3987502631398,False
338.3,293.60020892005184,0.9157336986386613,0.9177507193591949,316.3431402760438,False
338.40000000000003,293.60020892005184,0.9196770839267483,0.9194746092386256,316.2996351183121,False
338.5,293.60020892005184,0.92388004178736,0.9210440022271941,316.26590827581356,False
338.6,293.60020892005184,0.9206617130199479,0.9224699195620103,316.2400519881725,False
338.70000000000005,293.60020892005184,0.9241964695054902,0.9237631837160623,316.2205057820932,False
338.8,293.60020892005184,0.9298246008015653,0.9249342664507345,316.2059962931965,False
338.90000000000003,293.60020892005184,0.9257415802826942,0.9259931842293978,316.19548689532405,False
339.0,293.60020892005184,0.9236152890111484,0.9269494300935699,316.1881357325831,False
339.1,293.60020892005184,0.9270554530030773,0.9278119334443674,316.1832608775418,False
339.20000000000005,293.60020892005184,0.9280325113873863,0.928589041002134,316.18031148720445,False
339.3,293.60020892005184,0.9282517435636289,0.9292885136549779,316.1788439783143,False
339.40000000000003,293.60020892005184,0.9334243415712096,0.9299175350410123,316.17850238497454,False
339.5,293.60020892005184,0.9309085806494083,0.9304827286065641,316.1790021896333,False
339.6,293.60020892005184,0.9310747507790056,0.930990180594598,316.18011703131504,False
339.70000000000005,293.60020892005184,0.9325690365027164,0.9314454669833478,316.18166779258746,False
339.8,293.60020892005184,0.9321743937730455,0.9318536828450575,316.1835136500775,False
339.90000000000003,293.60020892005184,0.928367029597139,0.9322194729524794,316.1855447438042,False
340.0,293.60020892005184,0.9339099756049415,0.9325470627449922,316.1876761797544,False
340.1,293.60020892005184,0.9339476166939864,0.9328402889915699,316.1898431295393,False
340.20000000000005,293.60020892005184,0.9338925258370706,0.9331026296660391,316.1919968320849,False
340.3,293.60020892005184,0.9348174511360293,0.9333372326904348,316.19410133642504,False
340.40000000000003,302.00954857828526,0.9357889627727171,0.9335469433122554,316.1961308529121,False
340.5,302.00954857828526,0.9360496657065062,0.9332633797668746,317.80342177364537,False
340.6,302.00954857828526,0.9289241101889062,0.9321170348744005,319.1512811764538,False
340.70000000000005,302.00954857828526,0.928739726907903,0.9302510547815047,320.29715851971315,False
340.8,302.00954857828526,0.9257623705651342,0.927795744257179,321.28308675834745,False
340.90000000000003,302.00954857828526,0.9239573246420079,0.9248672813080951,322.14025173947056,False
341.0,302.00954857828526,0.9223049172413825,0.9215677774737328,322.89211692915086,False
341.1,302.00954857828526,0.914415181840283,0.9179860625894531,323.55658026264155,False
341.20000000000005,302.00954857828526,0.9155368179050131,0.9141988120964718,324.1474792396463,False
341.3,302.00954857828526,0.9072434743535572,0.9102717927103476,324.67565352396105,False
341.40000000000003,302.00954857828526,0.9042739284854485,0.9062611011414137,325.149704103085,False
341.5,302.00954857828526,0.8997747934786363,0.9022143305301848,325.57654207329415,False
341.6,302.00954857828526,0.8971853100766822,0.8981716346054834,325.9617899021811,False
341.70000000000005,302.00954857828526,0.8948089428480416,0.89416667980817,326.310078047522,False
341.8,302.00954857828526,0.8861122859267845,0.8902274867436958,326.6252664977356,False
341.90000000000003,302.00954857828526,0.8895000721443609,0.886377168045926,326.9106118406081,False
342.0,302.00954857828526,0.8807040141659969,0.8826345723105197,327.1688943781604,False
342.1,302.00954857828526,0.8833425466122505,0.8790148445465233,327.40251562478056,False
342.20000000000005,302.00954857828526,0.8724519014566512,0.8755299134083314,327.6135736258481,False
342.3,302.00954857828526,0.8739162165118778,0.8721889147827898,327.8039215025696,False
342.40000000000003,302.00954857828526,0.8701376393630654,0.8689985603939763,327.9752131918846,False
342.5,302.00954857828526,0.8654974983313458,0.8659634591074968,328.1289393246252,False
342.6,302.00954857828526,0.8602226472441373,0.8630863976524972,328.2664554464624,False
342.70000000000005,302.00954857828526,0.8594320270989154,0.8603685865769178,328.3890042496842,False
342.8,302.00954857828526,0.8603890960724608,0.8578098764297155,328.4977330909404,False
342.90000000000003,302.00954857828526,0.8571252623900979,0.8554089484292292,328.59370777993405,False
343.0,302.00954857828526,0.8548839235655877,0.8531634832286786,328.6779234079348,False
343.1,302.00954857828526,0.8540549468731274,0.8510703108233246,328.75131282255535,False
343.20000000000005,302.00954857828526,0.8500989461157876,0.8491255441528527,328.81475323192154,False
343.3,302.00954857828526,0.8472009708996834,0.8473246985302506,328.86907132670103,False
343.40000000000003,302.00954857828526,0.8474086369562018,0.8456627986681015,328.91504723485144,False
343.5,302.00954857828526,0.845529205922155,0.8441344747683416,328.9534175659219,False
343.6,302.00954857828526,0.8454894838814597,0.8427340488860882,328.9848777552879,False
343.70000000000005,302.00954857828526,0.8424109737332691,0.8414556125664624,329.01008388092725,False
343.8,302.00954857828526,0.841515915188396,0.840293096580147,329.02965409414895,False
343.90000000000003,302.00954857828526,0.8412650831078589,0.8392403334437933,329.04416977956856,False
344.0,302.00954857828526,0.838291648749481,0.838291113300721,329.0541765374876,False
344.1,302.00954857828526,0.8352706511137363,0.8374392336513784,329.0601850629222,False
344.20000000000005,302.00954857828526,0.83660861187451,0.8366785433576537,329.0626719792863,False
344.3,302.00954857828526,0.8362018884469584,0.8360029812968828,329.0620806707739,False
344.40000000000003,302.00954857828526,0.8376619415096368,0.835406610006756,329.058822145529,False
344.5,302.00954857828526,0.8361900466474619,0.8348836446384061,329.0532759515156,False
344.6,302.00954857828526,0.8334276532763985,0.8344284775191,329.04579115845024,False
344.70000000000005,302.00954857828526,0.8344982145069326,0.8340356986158609,329.0366874120736,False
344.8,302.00954857828526,0.8331038207758736,0.8337001121851062,329.0262560613032,False
344.90000000000003,302.00954857828526,0.8324290527184701,0.8334167498893859,329.0147613542846,False
345.0,302.00954857828526,0.8348093697314477,0.8331808806592933,329.0024416959311,False
345.1,302.00954857828526,0.8308989752420748,0.832988017575611,328.9895109570778,False
345.20000000000005,302.00954857828526,0.8349616636584589,0.832833922043043,328.9761598237606,False
345.3,302.00954857828526,0.832028763989163,0.8327146055219905,328.96255717423344,False
345.40000000000003,302.00954857828526,0.8334906691635694,0.832626329078481,328.94885147104384,False
345.5,292.47373577425026,0.8317658371901459,0.8325656010044254,328.9351721556871,False
345.6,292.47373577425026,0.8324290016823305,0.8337536127262212,326.9664542603212,False
345.70000000000005,292.47373577425026,0.8356690836688779,0.8369290098911318,325.1257202908498,False
345.8,292.47373577425026,0.8431513928581585,0.8414610754974506,323.4622165131613,False
345.90000000000003,292.47373577425026,0.8434564907241512,0.8468518677371552,321.99830209617494,False
346.0,292.47373577425026,0.852960254845119,0.8527246781808878,320.7364434097057,False
346.1,292.47373577425026,0.8575162786986581,0.8588034395578723,319.6662362557581,False
346.20000000000005,292.47373577425026,0.8638771985191335,0.8648911334867311,318.7701032659148,False
346.3,292.47373577425026,0.8744975541904701,0.8708508144056903,318.0273627250966,False
346.40000000000003,292.47373577425026,0.8751881689663871,0.8765902843683924,317.41686442292996,False
346.5,292.47373577425026,0.8805759907858903,0.882050257578793,316.91854069213423,False
346.6,292.47373577425026,0.8841018876454356,0.8871954358899167,316.5142085506522,False
346.70000000000005,292.47373577425026,0.8882675513008873,0.8920078605733274,316.18788983977333,False
346.8,292.47373577425026,0.8959991681896731,0.8964819866469871,315.92584113301274,False
346.90000000000003,292.47373577425026,0.899250252664366,0.9006210400680493,315.7164225367247,False
347.0,292.47373577425026,0.9058161118449725,0.9044343242407463,315.5498880224512,False
347.1,292.47373577425026,0.908340331557384,0.907935228454124,315.4181476998919,False
347.20000000000005,292.47373577425026,0.9093194041680231,0.9111397565590721,315.3145311002461,False
347.3,292.47373577425026,0.9170024222443595,0.9140654427419735,315.2335669293232,False
347.40000000000003,292.47373577425026,0.9189295461039128,0.916730556599942,315.17078637418274,False
347.5,292.47373577425026,0.919191530402229,0.9191535253229761,315.12255209963087,False
347.6,292.47373577425026,0.9229196916302149,0.9213525193408675,315.0859123063246,False
347.70000000000005,292.47373577425026,0.9267709780243344,0.92334516129696,315.05847781000614,False
347.8,292.47373577425026,0.9259356128278285,0.9251483281072441,315.0383195013672,False
347.90000000000003,292.47373577425026,0.9256839175485294,0.9267780231747287,315.0238834144497,False
348.0,292.47373577425026,0.9284836901618588,0.9282493012781244,315.01392075423115,False
348.1,292.47373577425026,0.9299236340312969,0.9295762327504858,315.0074304809026,False
348.20000000000005,292.47373577425026,0.9313270424457628,0.9307718966690307,315.00361234258605,False
348.3,292.47373577425026,0.9341400568393045,0.9318483951496388,315.0018285465852,False
348.40000000000003,292.47373577425026,0.9334522400305829,0.9328168826636285,315.00157253888926,False
348.5,296.5692244110835,0.9133832211144376,0.9336876057048457,315.00244361208,True
348.6,296.5692244110835,0.9326662385291185,0.9342672735863025,315.7807259452378,False
348.70000000000005,296.5692244110835,0.9322906033382038,0.9344236582802626,316.4214478574258,False
348.8,296.5692244110835,0.9349559762047785,0.9342469416914927,316.9517767247551,False
348.90000000000003,296.5692244110835,0.9332762857761009,0.9338135314522255,317.3926364965849,False
349.0,296.5692244110835,0.933892772078735,0.9331874189150883,317.76035830490235,False
349.1,296.5692244110835,0.9314329062335582,0.9324216397445672,318.0678487184601,False
349.20000000000005,296.5692244110835,0.9301030175152232,0.931559708872974,318.3254261374865,False
349.3,296.5692244110835,0.9326716073917102,0.9306369621692426,318.5414267237666,False
349.40000000000003,296.5692244110835,0.9304877776078333,0.9296817735047557,318.7226486873634,False
349.5,296.5692244110835,0.9282379584080748,0.9287166370390484,318.8746820433487,False
349.6,296.5692244110835,0.9244332919630436,0.927759116385144,319.0021563849147,False
349.70000000000005,296.5692244110835,0.9242494907337372,0.9268226685537432,319.1089293629038,False
349.8,296.5692244110835,0.9235486054671493,0.925917353527729,319.19823183541155,False
349.90000000000003,296.5692244110835,0.9249280654725224,0.9250504413491805,319.27278101788414,False
350.0,296.5692244110835,0.9223097156342676,0.9242269285669399,319.3348697459525,False
350.1,296.5692244110835,0.9255900465398836,0.9234499752847338,319.38643770884175,False
350.20000000000005,296.5692244110835,0.9242061108163758,0.9227212731625585,319.4291289195338,False
350.3,296.5692244110835,0.9217114803155683,0.9220413537275812,319.46433855578897,False
350.40000000000003,296.5692244110835,0.9197063537173398,0.9214098453415625,319.49325149528886,False
350.5,296.5692244110835,0.9198204655663568,0.9208256862023596,319.5168742834871,False
350.6,296.5692244110835,0.92086944628313,0.9202872998542706,319.53606184834905,False
350.70000000000005,296.5692244110835,0.9198348150223188,0.9197927388575634,319.55153996601695,False
350.8,296.5692244110835,0.9189151566259841,0.9193398015246621,319.5639242531682,False
350.90000000000003,296.5692244110835,0.9212719729612981,0.9189261259673925,319.5737362925422,False
351.0,296.5692244110835,0.9178500601581127,0.9185492651121195,319.5814173714955,False
351.1,296.5692244110835,0.9179306492631207,0.9182067458219306,319.58734021785295,False
351.20000000000005,296.5692244110835,0.9190040379525127,0.9178961148111313,319.591819044416,False
351.3,296.5692244110835,0.9181565443869596,0.9176149736410396,319.59511815724056,False
351.40000000000003,296.5692244110835,0.9195226566058181,0.9173610047414203,319.5974593388831,False
351.5,296.5692244110835,0.9161473468070362,0.9171319901032376,319.5990281830896,False
351.6,296.5692244110835,0.9153684290915933,0.9169258240304544,319.599979529584,False
351.70000000000005,296.5692244110835,0.9180562485597239,0.916740521116602,319.60044212505414,False
351.8,296.5692244110835,0.9168291759719284,0.9165742204213367,319.60052261790634,False
351.90000000000003,296.5692244110835,0.9180090235515438,0.9164251866592934,319.6003089789758,False
352.0,296.5692244110835,0.9177353415867169,0.9162918090746628,319.59987342748076,False
352.1,296.5692244110835,0.917586622790987,0.9161725985569166,319.5992749305907,False
352.20000000000005,296.5692244110835,0.9141160243500597,0.9160661834531635,319.59856133567905,False
352.3,296.5692244110835,0.9157777554327008,0.9159713044482712,319.59777118635265,False
352.40000000000003,296.5692244110835,0.8863888335037777,0.9158868088129507,319.59693526648175,True
352.5,301.1278438380591,0.9148777124112657,0.9158116442605599,319.59607791051553,False
352.6,301.1278438380591,0.9156661438842234,0.9154194640358562,320.47915629915224,False
352.70000000000005,301.1278438380591,0.9174962196698443,0.9144644150818533,321.24067177962786,False
352.8,301.1278438380591,0.917231979807492,0.9130549725877459,321.9025849117268,False
352.90000000000003,301.1278438380591,0.9096397431243524,0.911285457401256,322.4817406045507,False
353.0,301.1278438380591,0.9091557878488508,0.909237323139977,322.9912392192201,False
353.1,301.1278438380591,0.9053706430915388,0.9069805053316508,323.4414085115904,False
353.20000000000005,301.1278438380591,0.9030151338363307,0.9045747314209108,323.8405004243865,False
353.3,301.1278438380591,0.901530104178497,0.9020707407090095,324.19519614405795,False
353.40000000000003,301.1278438380591,0.8962679120350906,0.8995113926956689,324.51097604778886,False
353.5,301.1278438380591,0.8976517206521888,0.8969326589388683,324.79239337212357,False
353.6,301.1278438380591,0.8921093451448757,0.8943645024931679,325.04327851777145,False
353.70000000000005,301.1278438380591,0.8914818615789062,0.8918316533933756,325.2668928497362,False
353.8,301.1278438380591,0.8877573650858278,0.8893542904294491,325.46604535272786,False
353.90000000000003,301.1278438380591,0.8883075899186872,0.8869486397639811,325.6431817095594,False
354.0,301.1278438380591,0.886228030945983,0.8846275004634183,325.80045272829096,False
354.1,301.1278438380591,0.8836097835845853,0.8824007061530721,325.9397671844562,False
354.20000000000005,301.1278438380591,0.880155112592248,0.8802755309979915,326.06283282261364,False
354.3,301.1278438380591,0.8750379853452185,0.8782570471884866,326.1711883117426,False
354.40000000000003,301.1278438380591,0.8742289441252125,0.8763484401409676,326.2662282596949,False
354.5,301.1278438380591,0.875435853461523,0.874551286746177,326.3492228863351,False
354.6,301.1278438380591,0.8716457920729944,0.872865801221125,326.42133358020595,False
354.70000000000005,301.1278438380591,0.8706493837444523,0.8712910524493362,326.48362528270457,False
354.8,301.1278438380591,0.8708532982503282,0.869825156121039,326.53707643101086,False
354.90000000000003,301.1278438380591,0.8726912277708826,0.8684654445019161,326.58258702815084,False
355.0,301.1278438380591,0.8657177135712452,0.8672086162557947,326.6209852826489,False
355.1,301.1278438380591,0.866914090222166,0.8660508684126383,326.6530331619653,False
355.20000000000005,301.1278438380591,0.8638459384349071,0.8649880122982145,326.6794311266518,False
355.3,301.1278438380591,0.8617631800301515,0.8640155750163272,326.70082225104505,False
355.40000000000003,301.1278438380591,0.8624392879414281,0.8631288878899257,326.7177958877927,False
355.5,301.1278438380591,0.8618172594274964,0.8623231631160951,326.7308909949311,False
355.6,301.1278438380591,0.8607216283059489,0.8615935597652905,326.7405992136087,False
355.70000000000005,301.1278438380591,0.8619522440084793,0.8609352401515545,326.7473677603462,False
355.8,301.1278438380591,0.859764133583157,0.8603434175131885,326.751602178746,False
355.90000000000003,301.1278438380591,0.8556887609725643,0.8598133958684572,326.75366898085116,False
356.0,301.1278438380591,0.860395530314439,0.8593406028455209,326.7538981971371,False
356.1,301.1278438380591,0.8598819093189672,0.8589206162272686,326.7525858457465,False
356.20000000000005,301.1278438380591,0.8556785152087245,0.8585491848983667,326.7499963255221,False
356.3,301.1278438380591,0.8568697635440189,0.8582222448322618,326.7463647331934,False
356.40000000000003,301.1278438380591,0.8569715279844241,0.8579359307090971,326.74189910235384,False
356.5,301.1278438380591,0.8590420934724313,0.8576865837109334,326.73678256029683,False
356.6,301.1278438380591,0.8569691670339888,0.8574707559978649,326.7311753980915,False
356.70000000000005,301.1278438380591,0.8591864601493818,0.8572852123274278,326.72521704924543,False
356.8,301.1278438380591,0.8556116041720601,0.8571269292400046,326.71902797273043,False
356.90000000000003,301.1278438380591,0.8586973739844006,0.8569930921947635,326.7127114368894,False
357.0,301.1278438380591,0.8568843896764453,0.8568810910040974,326.7063552016695,False
357.1,301.1278438380591,0.8560461719449701,0.8567885138796331,326.7000330976509,False
357.20000000000005,301.1278438380591,0.8583796430827152,0.8567131403697673,326.69380650137697,False
357.3,301.1278438380591,0.8582450695753423,0.8566529334374463,326.68772570750104,False
357.40000000000003,301.1278438380591,0.8577567224722553,0.8566060308976016,326.68183119919115,False
357.5,301.1278438380591,0.8563140596995708,0.8565707364063537,326.6761548190722,False
357.6,296.015507735341,0.858638713683572,0.8565455101688053,326.67072084370267,False
357.70000000000005,296.015507735341,0.8594933732723089,0.8571059038827198,325.63284164143306,False
357.8,296.015507735341,0.8580093371675851,0.8586315567900453,324.6789763021238,False
357.90000000000003,296.015507735341,0.8610781045289311,0.8608630831770441,323.8183918305416,False
358.0,296.015507735341,0.8605545826055818,0.8635871343342184,323.0538486199759,False
358.1,296.015507735341,0.8652685029793882,0.8666320522668622,322.3833315945001,False
358.20000000000005,296.015507735341,0.8718094980221406,0.8698623348444631,321.8016203331958,False
358.3,296.015507735341,0.8712620318395987,0.8731729089948203,321.3015751998068,False
358.40000000000003,296.015507735341,0.8771517507303704,0.8764837695889143,320.8751139957691,False
358.5,296.015507735341,0.8796589806430695,0.8797352410113664,320.5139069251611,False
358.6,296.015507735341,0.8861710897549968,0.8828839360772612,320.2098398626676,False
358.70000000000005,296.015507735341,0.8861782056107292,0.8858993884475034,319.95529972694266,False
358.8,296.015507735341,0.8850070403652881,0.8887612890065836,319.74333040991814,False
358.90000000000003,296.015507735341,0.8906119159720899,0.8914572413501192,319.5676989104845,False
359.0,296.015507735341,0.8948256362245335,0.8939809521135016,319.42290215852984,False
359.1,292.86493040882203,0.897545680426706,0.8963307797749923,319.3041369129392,False
359.20000000000005,292.86493040882203,0.8996423969420368,0.8987136761709154,318.600235573602,False
359.3,292.86493040882203,0.9037956235419474,0.9012548215164721,318.01104761681415,False
359.40000000000003,292.86493040882203,0.9043626431482521,0.9038573044307319,317.52147648203413,False
359.5,292.86493040882203,0.9026633804702483,0.9064508400356593,317.1171637123317,False
359.6,292.86493040882203,0.8904228070784616,0.9089854484002619,316.78500588970553,True
359.70000000000005,292.86493040882203,0.9118492996864822,0.9114265631820049,316.5133779513396,False
359.8,292.86493040882203,0.9123828523463645,0.9137512681950416,316.29217236189254,False
359.90000000000003,292.86493040882203,0.9166413627602005,0.9159454084957873,316.11273065632344,False
360.0,292.86493040882203,0.9185687874907899,0.9180013739746314,315.9677183521302,False
360.1,295.0123400845951,0.9231417311209809,0.9199163986204388,315.85097576909783,False
360.20000000000005,295.0123400845951,0.9201694025673037,0.9215805575477148,316.16542365899755,False
360.3,295.0123400845951,0.9205211625821053,0.9229252081075476,316.42662405788104,False
360.40000000000003,295.0123400845951,0.9214956253412715,0.9240050325415913,316.6441603922901,False
360.5,295.0123400845951,0.9239144935574598,0.9248660827398043,316.8257137450554,False
360.6,295.0123400845951,0.9265477464500587,0.92554702268519,316.97748925968074,False
360.70000000000005,295.0123400845951,0.9257672160409678,0.9260802224805882,317.1045348771387,False
360.8,295.0123400845951,0.9251141479497105,0.926492711017116,317.2109823548082,False
360.90000000000003,295.0123400845951,0.9245900758861346,0.9268069989098032,317.30023157082707,False
361.0,295.0123400845951,0.9265712630793302,0.927041785126322,317.3750929871212,False
361.1,295.0123400845951,0.9284525847727312,0.9272125609634962,317.43789890717204,False
361.20000000000005,295.0123400845951,0.9295627598658697,0.927332124404477,317.490591209627,False
361.3,295.0123400845951,0.9299080884138847,0.9274110168465823,317.5347911597675,False
361.40000000000003,295.0123400845951,0.9288785003142382,0.9274578929771788,317.5718554250651,False
361.5,295.0123400845951,0.9280879026590031,0.9274798333358812,317.60292136429325,False
361.6,295.0123400845951,0.9262351936893878,0.9274826079139228,317.6289438963081,False
361.70000000000005,295.0123400845951,0.9280931805520874,0.9274708980451077,317.65072569833836,False
361.8,295.0123400845951,0.9304160238413296,0.9274484828537507,317.6689420746584,False
361.90000000000003,295.0123400845951,0.9276344376221817,0.9274183956467806,317.6841615331435,False
362.0,295.0123400845951,0.9288737404537565,0.9273830548658107,317.6968628801042,False
362.1,295.0123400845951,0.927349271320066,0.9273443735427882,317.7074494722174,False
362.20000000000005,295.0123400845951,0.9282510972220666,0.9273038506205371,317.71626113352823,False
362.3,295.0123400845951,0.9254106791837322,0.9272626469973547,317.72358414478373,False
362.40000000000003,299.72917277725765,0.9246600925134061,0.9272216487233325,317.7296596341101,False
362.5,299.72917277725765,0.9634082413186598,0.9268892242717451,318.640626334292,True
362.6,299.72917277725765,0.9221557471069832,0.9260512098751125,319.4106968611601,False
362.70000000000005,299.72917277725765,0.9265328707374026,0.9248132146224461,320.0664863480815,False
362.8,299.72917277725765,0.9280337321543648,0.9232664689629496,320.62835094595084,False
362.90000000000003,299.72917277725765,0.9210715931575807,0.9214889930740322,321.11208914874493,False
363.0,299.72917277725765,0.9179590381692434,0.9195469253521863,321.5301398558953,False
363.1,299.72917277725765,0.9182073304265373,0.9174958666639681,321.8924352213578,False
363.20000000000005,299.72917277725765,0.9185713038046209,0.915382163107482,322.2070142947292,False
363.3,299.72917277725765,0.913425061475399,0.9132440900215781,322.4804691459989,False
363.40000000000003,299.72917277725765,0.9136812925702629,0.9111129230874937,322.7182724338128,False
363.5,299.72917277725765,0.9089948440389423,0.9090138951918533,322.92502020515377,False
363.6,299.72917277725765,0.907432562277165,0.9069670444206969,323.10461349658874,False
363.70000000000005,299.72917277725765,0.9019552507203147,0.9049879616866306,323.26039535679615,False
363.8,299.72917277725765,0.9037878031545878,0.9030884475971687,323.39525513187397,False
363.90000000000003,299.72917277725765,0.8994163366419996,0.9012770881764489,323.51170853419325,False
364.0,299.72917277725765,0.8974649144345478,0.8995597584988171,323.61195968235023,False
364.1,299.72917277725765,0.8948067705535363,0.8979400624951749,323.697949642559,False
364.20000000000005,299.72917277725765,0.8976211814674614,0.896419716326971,323.77139481230364,False
364.3,299.72917277725765,0.899569551060101,0.8949988818812443,323.83381762465575,False
364.40000000000003,299.72917277725765,0.8922348016794651,0.8936764561677973,323.886571420589,False
364.5,299.72917277725765,0.8919111129253281,0.8924503217131872,323.93086087098675,False
364.6,299.72917277725765,0.8905963572003233,0.8913175624473166,323.9677589840445,False
364.70000000000005,299.72917277725765,0.8911569019827649,0.8902746490607171,323.9982214752189,False
364.8,299.72917277725765,0.8912845330808201,0.8893175973644706,324.0230990828849,False
364.90000000000003,299.72917277725765,0.888368687349429,0.8884421027995674,324.0431482669823,False
365.0,299.72917277725765,0.886843299276241,0.8876436539082538,324.0590406181644,False
365.1,299.72917277725765,0.8833228972965389,0.8869176272876741,324.0713712224794,False
365.20000000000005,299.72917277725765,0.8875248298652375,0.8862593662882903,324.08066616482813,False
365.3,299.72917277725765,0.8858227486853384,0.8856642454900507,324.08738930838047,False
365.40000000000003,299.72917277725765,0.8815122192632767,0.8851277227832081,324.09194845303426,False
365.5,299.72917277725765,0.8822972693941978,0.8846453806942595,324.0947009509545,False
365.6,299.72917277725765,0.8822405962801123,0.8842129584278956,324.0959588390333,False
365.70000000000005,299.72917277725765,0.8829344807269539,0.8838263759409126,324.0959935350279,False
365.8,299.72917277725765,0.8816866110369305,0.8834817512221356,324.0950401348573,False
365.90000000000003,299.72917277725765,0.8847306885167565,0.8831754118223475,324.0933013420399,False
366.0,299.72917277725765,0.8810013806424686,0.8829039015590583,324.0909510557651,False
366.1,299.72917277725765,0.881653699285566,0.8826639832119486,324.0881376410182,False
366.20000000000005,299.72917277725765,0.8803595557305358,0.8824526379253529,324.08498690208006,False
366.3,299.72917277725765,0.8836487580665136,0.8822670619436663,324.08160477927106,False
366.40000000000003,299.72917277725765,0.8812425560726379,0.8821046612235495,324.0780797877703,False
366.5,299.72917277725765,0.8819736816923615,0.8819630443927791,324.0744852165421,False
366.6,299.72917277725765,0.8829453205951658,0.8818400144590581,324.07088110473,False
366.70000000000005,293.39498812487375,0.8817130175570478,0.8817335596125836,324.06731601225727,False
366.8,293.39498812487375,0.881950337267771,0.8822340764070128,322.8082960853712,False
366.90000000000003,293.39498812487375,0.8851999776897276,0.8836958139381552,321.69411280258856,False
367.0,293.39498812487375,0.8865703866796197,0.8858210780907336,320.7251011963199,False
367.1,293.39498812487375,0.8886119132708289,0.888380174500746,319.8940239194085,False
367.20000000000005,293.39498812487375,0.890429231476243,0.891198870788938,319.1892348618698,False
367.3,293.39498812487375,0.8944731453958475,0.8941469671433937,318.5970136061267,False
367.40000000000003,293.39498812487375,0.895690318065865,0.8971286292981372,318.10314996968884,False
367.5,293.39498812487375,0.9030658222806924,0.9000745489089772,317.69393527541627,False
367.6,293.39498812487375,0.9035032688016682,0.902935738113955,317.35672231822787,False
367.70000000000005,293.39498812487375,0.9065793313197575,0.9056786847941402,317.08019121104263,False
367.8,293.39498812487375,0.9069989615332258,0.9082815983355583,316.85442595005225,False
367.90000000000003,293.39498812487375,0.9102851479580981,0.9107315113027303,316.67087672016703,False
368.0,293.39498812487375,0.9144025739889728,0.9130220456604965,316.52225904047106,False
368.1,293.39498812487375,0.911253336348632,0.9151516924899991,316.4024230843715,False
368.20000000000005,293.39498812487375,0.9165813668156185,0.9171224880079114,316.3062139691321,False
368.3,293.39498812487375,0.9176554222745592,0.9189389957143258,316.22933529088397,False
368.40000000000003,293.39498812487375,0.9183395493969152,0.9206075254689565,316.16822258323765,False
368.5,293.39498812487375,0.9234963538279513,0.9221355363530724,316.1199298187843,False
368.6,293.39498812487375,0.9219953046972013,0.9235311823947483,316.082029895263,False
368.70000000000005,293.39498812487375,0.9227241435725569,0.9248029695253955,316.05252878231516,False
368.8,293.39498812487375,0.9279617844115753,0.9259594992137543,316.02979232543504,False
368.90000000000003,293.39498812487375,0.9232514659056229,0.9270092796385047,316.01248439126914,False
369.0,293.39498812487375,0.9300276748925477,0.9279605894247747,315.99951494744363,False
369.1,293.39498812487375,0.9309536647543857,0.9288213821902201,315.98999670631605,False
369.20000000000005,293.39498812487375,0.9255102869114167,0.9295992226510978,315.9832090656165,False
369.3,293.39498812487375,0.9298453000775505,0.9303012469974901,315.9785682128726,False
369.40000000000003,293.39498812487375,0.9315077840825958,0.9309341417860395,315.97560240268473,False
369.5,293.39498812487375,0.9335397321574728,0.9315041368132616,315.9739315537849,False
369.6,293.39498812487375,0.9309558934471821,0.9320170083945339,315.9732504398229,False
369.70000000000005,293.39498812487375,0.9321464760338521,0.9324780902378573,315.97331486110403,False
369.8,293.39498812487375,0.9343814953725692,0.9328922897094207,315.9739302833424,False
369.90000000000003,293.39498812487375,0.931460623488373,0.9332641077723478,315.9749425144331,False
370.0,293.39498812487375,0.934761902112027,0.9335976612660438,315.97623006242515,False
370.1,293.39498812487375,0.9361069010462579,0.9338967065011428,315.97769787871914,False
370.20000000000005,293.39498812487375,0.9320672258965067,0.9341646633898468,315.9792722414881,False
370.3,293.39498812487375,0.9350034038622257,0.9344046395258828,315.98089657683585,False
370.40000000000003,293.39498812487375,0.9347754831961106,0.9346194537823008,315.9825280505465,False
370.5,293.39498812487375,0.9327107912774765,0.9348116591168449,315.9841347925808,False
370.6,293.39498812487375,0.9352870642109609,0.9349835643700206,315.9856936407252,False
370.70000000000005,293.39498812487375,0.934621899854616,0.9351372549154069,315.98718830984035,False
370.8,293.39498812487375,0.933687068390363,0.9352746120793611,315.9886079097026,False
370.90000000000003,301.5125612494085,0.9346749410913185,0.9353973312913997,315.9899457480816,False
371.0,301.5125612494085,0.9331060178366324,0.9350599848281788,317.53935383620603,False
371.1,301.5125612494085,0.9347111372622796,0.9339148027885676,318.83529551265144,False
371.20000000000005,301.5125612494085,0.9329207115907784,0.9321016088558468,319.9332756591263,False
371.3,301.5125612494085,0.9312601904389299,0.9297470913974665,320.8740144028485,False
371.40000000000003,301.5125612494085,0.927164513602721,0.9269637430154319,321.68781156912587,False
371.5,301.5125612494085,0.9242720093784245,0.9238500428069781,322.39753628176743,False
371.6,301.5125612494085,0.9193731692653997,0.9204912997875521,323.0206943213903,False
371.70000000000005,301.5125612494085,0.9182639181992213,0.916960801859618,323.570873418968,False
371.8,301.5125612494085,0.9120711476831606,0.9133210627417307,324.0587653928011,False
371.90000000000003,301.5125612494085,0.9107543313393801,0.909625051725446,324.4928974968832,False
372.0,301.5125612494085,0.9050018345178736,0.9059173470208011,324.88016172017785,False
372.1,301.5125612494085,0.9006865500503503,0.9022351862723693,325.226202077818,False
372.20000000000005,301.5125612494085,0.8993887738512999,0.8986094065159776,325.5357009360947,False
372.3,301.5125612494085,0.8983343779155275,0.8950652760190766,325.81259272962893,False
372.40000000000003,301.5125612494085,0.8933353232224586,0.8916232255827825,326.06022488187557,False
372.5,301.5125612494085,0.8874007627251872,0.8882994890940323,326.2814799226716,False
372.6,301.5125612494085,0.8823276137116454,0.885106663673402,326.47886879672313,False
372.70000000000005,301.5125612494085,0.8790484967892414,0.8820541994253773,326.65460257881114,False
372.8,301.5125612494085,0.8797094069623373,0.8791488280096098,326.8106478624672,False
372.90000000000003,301.5125612494085,0.8767225073569331,0.8763949382730988,326.94876970785435,False
373.0,301.5125612494085,0.869934878439903,0.8737949061614602,327.0705650463406,False
373.1,301.5125612494085,0.8710315548122626,0.8713493851429159,327.1774887249985,False
373.20000000000005,301.5125612494085,0.8712115444409508,0.8690575624724949,327.27087385276593,False
373.3,301.5125612494085,0.8668662089671308,0.8669173858142846,327.3519477252061,False
373.40000000000003,301.5125612494085,0.8648610403472724,0.8649257640313479,327.4218443177074,False
373.5,301.5125612494085,0.8607583611077007,0.8630787453436258,327.48161412024905,False
373.6,301.5125612494085,0.8627509236043518,0.8613716755372961,327.5322319212612,False
373.70000000000005,301.5125612494085,0.8583859213515382,0.8597993384762017,327.5746030199727,False
373.8,301.5125612494085,0.8572154507710608,0.8583560808078078,327.60956824625845,False
373.90000000000003,301.5125612494085,0.8593282559190752,0.8570359224632835,327.6379080874156,False
374.0,301.5125612494085,0.8538061977522889,0.8558326543146074,327.6603461575492,False
374.1,301.5125612494085,0.8543348730497403,0.8547399241624172,327.6775521937322,False
374.20000000000005,301.5125612494085,0.8537311044334975,0.8537513120786993,327.6901447212314,False
374.3,301.5125612494085,0.8536307704944659,0.8528603960111135,327.69869349594416,False
374.40000000000003,301.5125612494085,0.8551364972864691,0.8520608084643223,327.7037218043581,False
374.5,301.5125612494085,0.851309604701902,0.8513462850024446,327.7057086787437,False
374.6,301.5125612494085,0.8517549522570358,0.8507107052609905,327.7050910670822,False
374.70000000000005,301.5125612494085,0.8499635156864697,0.8501481271120908,327.702265982739,False
374.8,301.5125612494085,0.8463046815265693,0.84965281459031,327.6975926475531,False
374.90000000000003,301.5125612494085,0.8514439369152595,0.8492192601551035,327.6913946333528,False
375.0,301.5125612494085,0.8503070586192735,0.8488422018379931,327.68396200050114,False
375.1,301.5125612494085,0.8509193373148627,0.8485166357962496,327.6755534275587,False
375.20000000000005,301.5125612494085,0.846133698539119,0.8482378247692323,327.66639832319106,False
375.3,301.5125612494085,0.8482851463146512,0.8480013029078022,327.6566989097532,False
375.40000000000003,301.5125612494085,0.851605430580296,0.8478028774210491,327.64663226729,False
375.5,301.5125612494085,0.8520480317107518,0.8476386274577548,327.636352326774,False
375.6,301.5125612494085,0.8476556446856012,0.8475049006125985,327.6259918020571,False
375.70000000000005,301.5125612494085,0.8479904843986426,0.8473983074192298,327.61566405107783,False
375.8,301.5125612494085,0.8453957427656437,0.8473157141642087,327.6054648581893,False
375.90000000000003,301.5125612494085,0.8468424545268939,0.847254234327716,327.5954741309514,False
376.0,301.5125612494085,0.8456803024059032,0.8472112189291403,327.58575750625647,False
376.1,301.5125612494085,0.8492757767079776,0.8471842460284402,327.5763678621717,False
376.20000000000005,301.5125612494085,0.8463644733762771,0.8471711096077938,327.56734673332164,False
376.3,301.5125612494085,0.846987087039183,0.8471698080327345,327.5587256289652,False
376.40000000000003,301.5125612494085,0.8487674046896766,0.8471785322678809,327.55052725411986,False
376.5,301.5125612494085,0.8469316535160286,0.847195653999682,327.5427666351343,False
376.6,301.5125612494085,0.8492990704701494,0.8472197137973898,327.5354521520071,False
376.70000000000005,296.1884755914198,0.8469126617965194,0.8472494094238312,327.52858648049215,False
376.8,296.1884755914198,0.8494171567007633,0.8479195934243373,326.43981097914815,False
376.90000000000003,296.1884755914198,0.8476316324353893,0.8496546844034303,325.42780465409714,False
377.0,296.1884755914198,0.8521390002569008,0.8521732727949913,324.5061392997629,False
377.1,296.1884755914198,0.852290058233706,0.8552411163909225,323.680911697915,False
377.20000000000005,296.1884755914198,0.8569423683261659,0.858668108484326,322.95246603124195,False
377.3,296.1884755914198,0.8608271257778826,0.8623032553502228,322.3170848609061,False
377.40000000000003,296.1884755914198,0.86989477250906,0.8660289623907367,321.7684484813687,False
377.5,296.1884755914198,0.8676380406004016,0.8697554191854533,321.29878842740754,False
377.6,296.1884755914198,0.8772919880647101,0.8734154940902016,320.8997378832593,False
377.70000000000005,296.1884755914198,0.8782809265677939,0.8769603032614843,320.56291979365074,False
377.8,296.1884755914198,0.8812792405828661,0.8803554771327657,320.28032625826444,False
377.90000000000003,296.1884755914198,0.8821197010505158,0.8835780751034452,320.04454164424016,False
378.0,296.1884755914198,0.8882421893852334,0.88661406900935,319.8488544128484,False
378.1,296.1884755914198,0.8932306250942711,0.8894563090018842,319.68729338218344,False
378.20000000000005,296.1884755914198,0.8940607146475066,0.8921028901061618,319.554615298182,False
378.3,296.1884755914198,0.8953513783351115,0.8945558472534282,319.4462630973759,False
378.40000000000003,296.1884755914198,0.8969725893510125,0.8968201174079956,319.35830833780904,False
378.5,296.1884755914198,0.9002842902712044,0.8989027177849209,319.2873868324007,False
378.6,296.1884755914198,0.9011304341547008,0.9008120983481711,319.23063329687534,False
378.70000000000005,296.1884755914198,0.9021431345147989,0.9025576345852496,319.1856185566773,False
378.8,296.1884755914198,0.9058898622213489,0.9041492330218093,319.1502913054348,False
378.90000000000003,296.1884755914198,0.9049341298418028,0.905597027222297,319.1229253759481,False
379.0,296.1884755914198,0.9086860258523602,0.9069111463030242,319.10207282165067,False
379.1,296.1884755914198,0.9123099822678873,0.9081015414386691,319.0865226986611,False
379.20000000000005,296.1884755914198,0.9110982564831539,0.9091778586275852,319.0752652035305,False
379.3,296.1884755914198,0.8693809640843847,0.9101493482260227,319.06746070099973,True
379.40000000000003,296.1884755914198,0.9106507698946038,0.9110248035735032,319.06241312870736,False
379.5,296.1884755914198,0.9139337212828571,0.9118125224968769,319.05954726380764,False
379.6,296.1884755914198,0.9108729483683847,0.912520286668043,319.05838936110626,False
379.70000000000005,296.72751467296433,0.9168920283547626,0.913155354754402,319.0585507111922,False
379.8,296.72751467296433,0.9132983924067261,0.9136885545042253,319.1637319762638,False
379.90000000000003,296.72751467296433,0.9143792283525608,0.914102067763625,319.2539416097445,False
380.0,296.72751467296433,0.9152610307324623,0.9144169911499133,319.33133058779345,False
380.1,296.72751467296433,0.9070869037351666,0.9146511174893318,319.3977223221748,True
380.20000000000005,296.72751467296433,0.9146444853458959,0.9148194151895397,319.4546686550878,False
380.3,296.72751467296433,0.9137897846060274,0.9149344420497375,319.5034947249133,False
380.40000000000003,296.72751467296433,0.9141992894761284,0.915006701965333,319.54533524405633,False
380.5,296.72751467296433,0.9163598932671364,0.9150449519929781,319.58116408948746,False
380.6,296.72751467296433,0.9184492241693516,0.9150564663341378,319.6118186383807,False
380.70000000000005,296.72751467296433,0.9130127760698274,0.9150472629785146,319.6380199366861,False
380.8,296.72751467296433,0.9143172211394414,0.9150222980216696,319.6603895332532,False
380.90000000000003,296.72751467296433,0.9145470433747119,0.9149856320287594,319.67946362186717,False
381.0,302.7410855412965,0.9141684337900361,0.9149405722512075,319.6957049908413,False
381.1,302.7410855412965,0.9174556955848023,0.914453599819609,320.87694557418934,False
381.20000000000005,302.7410855412965,0.9149550215116344,0.9131837057790722,321.90063940526977,False
381.3,302.7410855412965,0.9140938323223923,0.9112609797279688,322.79818533627076,False
381.40000000000003,302.7410855412965,0.9078409425980304,0.9088004281077601,323.5931452288461,False
381.5,302.7410855412965,0.9037092408149021,0.9059028262790526,324.3034367910869,False
381.6,302.7410855412965,0.9025536907553366,0.9026559225372713,324.9428621210258,False
381.70000000000005,302.7410855412965,0.8976406165789506,0.8991357637814849,325.5221855282382,False
381.8,302.7410855412965,0.8958381055132209,0.8954080136534436,326.04990254779227,False
381.90000000000003,302.7410855412965,0.8936485989047553,0.8915291954177164,326.53279509797295,False
382.0,302.7410855412965,0.8831746608102701,0.8875478281785663,326.9763368789522,False
382.1,302.7410855412965,0.8849823612548489,0.883505445869278,327.3849927165485,False
382.20000000000005,302.7410855412965,0.8837211559674382,0.8794374999416941,327.7624419666472,False
382.3,302.7410855412965,0.8729221491830836,0.8753741526307516,328.11174695601215,False
382.40000000000003,302.7410855412965,0.8719839632808699,0.8713409703839382,328.4354812258242,False
382.5,302.7410855412965,0.8650038260240421,0.8673595279240367,328.7358280821133,False
382.6,302.7410855412965,0.861702099591724,0.8634479332868709,329.0146570012932,False
382.70000000000005,302.7410855412965,0.8598496450981988,0.8596212835340507,329.2735833679341,False
382.8,302.7410855412965,0.859541216078102,0.8558920599682405,329.5140155562771,False
382.90000000000003,302.7410855412965,0.8554884497207867,0.8522704707362055,329.7371923197251,False
383.0,302.7410855412965,0.8489923924341428,0.8487647477804853,329.94421269720493,False
383.1,302.7410855412965,0.8474350188479324,0.845381404238412,330.13606009559356,False
383.20000000000005,302.7410855412965,0.8365943017573961,0.8421254576067303,330.3136218039197,False
383.3,302.7410855412965,0.8382962075739566,0.8390006232964703,330.47770489647314,False
383.40000000000003,302.7410855412965,0.8355076632137373,0.8360094825935105,330.62904925930235,False
383.5,302.7410855412965,0.8343008493632644,0.8331536285090714,330.7683383073554,False
383.6,300.5326030691201,0.8288663455194205,0.8304337925432391,330.8962078330872,False
383.70000000000005,300.5326030691201,0.8264263473975028,0.8281965869402842,330.5480529479908,False
383.8,300.5326030691201,0.8248809536264013,0.8267268289458296,330.18768045784304,False
383.90000000000003,300.5326030691201,0.8270719522808706,0.8259329446644142,329.82186923219064,False
384.0,300.5326030691201,0.8264753918650108,0.8257258605606815,329.4567648679545,False
384.1,300.5326030691201,0.825287497418087,0.8260203720519081,329.0977445466105,False
384.20000000000005,300.5326030691201,0.8286097574298388,0.8267362739225631,328.74933850027736,False
384.3,300.5326030691201,0.8275172737969915,0.8277992129282435,328.41520471418585,False
384.40000000000003,300.5326030691201,0.8278863678052539,0.8291412549788743,328.0981490571882,False
384.5,300.5326030691201,0.8293127963005861,0.8307011839456824,327.80018060158955,False
384.6,300.5326030691201,0.8282364046460239,0.8324245654136754,327.52259125293523,False
384.70000000000005,300.5326030691201,0.8345921191815284,0.8342636172125908,327.26604951444517,False
384.8,300.5326030691201,0.837565970022131,0.836176930833305,327.03069975019844,False
384.90000000000003,300.5326030691201,0.8391254009006857,0.8381290857127156,326.8162602276095,False
385.0,300.5326030691201,0.84541260546592,0.840090193571521,326.62211516625064,False
385.1,300.5326030691201,0.8413317730319444,0.8420354039200744,326.4473977721347,False
385.20000000000005,300.5326030691201,0.8413648398504594,0.8439443955122811,326.2910626797167,False
385.3,300.5326030691201,0.849376276135835,0.8458008725689423,326.1519473243346,False
385.40000000000003,300.5326030691201,0.8507239772226612,0.8475920793596904,326.02882254452084,False
385.5,300.5326030691201,0.8477398721068905,0.84930834236681,325.9204332136035,False
385.6,300.5326030691201,0.8508246978199485,0.8509426457592093,325.8255299807847,False
385.70000000000005,300.5326030691201,0.8515105104026884,0.8524902432072584,325.7428933201163,False
385.8,300.5326030691201,0.8550305850782276,0.8539483070590546,325.67135109129964,False
385.90000000000003,300.5326030691201,0.8546418693550579,0.8553156144554847,325.609790749435,False
386.0,300.5326030691201,0.8737911541174993,0.8565922689700514,325.5571672325489,True
386.1,300.5326030691201,0.8597461668380467,0.8577794557176739,325.51250742814466,False
386.20000000000005,300.5326030691201,0.8628452824047639,0.8588792274984715,325.4749119882425,False
386.3,300.5326030691201,0.859069552615118,0.859894319357901,325.4435551359828,False
386.40000000000003,300.5326030691201,0.8623771487884292,0.8608279888982601,325.41768299137277,False
386.5,300.5326030691201,0.8637690838669958,0.8616838797257891,325.3966108418274,False
386.6,300.5326030691201,0.8629502911132959,0.8624659055301319,325.37971969554695,False
386.70000000000005,300.5326030691201,0.8664242612246017,0.8631781524447925,325.3664523820499,False
386.8,300.5326030691201,0.8647103654108961,0.8638247975110059,325.35630940323045,False
386.90000000000003,300.5326030691201,0.8646968515567466,0.8644100412507311,325.3488446886748,False
387.0,294.9682046405088,0.8691924767704798,0.8649380525385979,325.34366136910006,False
387.1,294.9682046405088,0.8644418004206771,0.865981301421487,324.2280418316301,False
387.20000000000005,294.9682046405088,0.8702930851425783,0.8679035811663945,323.224788135503,False
387.3,294.9682046405088,0.868971993468137,0.8704408728424975,322.3380230059768,False
387.40000000000003,294.9682046405088,0.8745804472378601,0.8733835278331998,321.56524879175254,False
387.5,294.9682046405088,0.8782024368389757,0.8765683057232553,320.8996402550439,False
387.6,294.9682046405088,0.8817832968134006,0.8798703092533725,320.3318867575866,False
387.70000000000005,294.9682046405088,0.8861013511562722,0.8831956280734108,319.8515537390209,False
387.8,294.9682046405088,0.8851453812230738,0.8864750104389962,319.44801929463824,False
387.90000000000003,294.9682046405088,0.8871666449790903,0.8896586072812129,319.11107254096225,False
388.0,301.4943222460825,0.8931368303352581,0.8927117009729384,318.83126128840354,False
388.1,301.4943222460825,0.895837039919774,0.8951857037341084,319.8576368729719,False
388.20000000000005,301.4943222460825,0.896594328712146,0.8967518401508091,320.7379998506099,False
388.3,301.4943222460825,0.9025414721478071,0.8975514457734615,321.50080489072565,False
388.40000000000003,301.4943222460825,0.8979668061107698,0.8977093099537724,322.16752618074116,False
388.5,301.4943222460825,0.8947787584592788,0.8973348564974609,322.7545870620074,False
388.6,301.4943222460825,0.8950969781230728,0.8965235472557977,323.27471369028035,False
388.70000000000005,301.4943222460825,0.9348468956554158,0.8953583310320772,323.73789522915877,True
388.8,301.4943222460825,0.8937295915523771,0.8939110406252962,324.15207262435945,False
388.90000000000003,301.4943222460825,0.8946198647603186,0.8922436894794041,324.5236381587588,False
389.0,301.4943222460825,0.8921943290309715,0.8904096479416053,324.85780164268266,False
389.1,301.4943222460825,0.8902992156251057,0.8884546952918921,325.15886156714487,False
389.20000000000005,301.4943222460825,0.8881450076462842,0.8864179524036928,325.4304077933892,False
389.3,301.4943222460825,0.8859730810375995,0.8843327041671823,325.67547439739474,False
389.40000000000003,301.4943222460825,0.8819936403415018,0.8822271225308488,325.89665585194984,False
389.5,301.4943222460825,0.8832556099893849,0.8801249012924591,326.0961959779187,False
389.6,301.4943222460825,0.8803062428933963,0.8780458132803549,326.2760564821344,False
389.70000000000005,301.4943222460825,0.8746144497532113,0.8760061996982326,326.43797005974983,False
389.8,301.4943222460825,0.8749155385068758,0.8740194003894715,326.58348173192826,False
389.90000000000003,301.4943222460825,0.8741824257798979,0.872096132738553,326.71398115248604,False
390.0,301.4943222460825,0.873147528611886,0.8702448259358752,326.8307279387008,False
390.1,301.4943222460825,0.8694305653820149,0.8684719164221867,326.93487158592734,False
390.20000000000005,301.4943222460825,0.8685146597572148,0.8667821095136904,327.0274671602819,False
390.3,301.4943222460825,0.8612840517191115,0.8651786114909618,327.10948769170164,False
390.40000000000003,301.4943222460825,0.8631627023480224,0.8636633358104046,327.1818339852951,False
390.5,297.6177715609801,0.8622551863566065,0.8622370865591152,327.2453424137338,False
390.6,297.6177715609801,0.8593330732869847,0.8613655735462078,326.5121549769942,False
390.70000000000005,297.6177715609801,0.8613737639674526,0.8613766199040124,325.8231157262609,False
390.8,297.6177715609801,0.8615616307362491,0.8620824751981991,325.18608284779157,False
390.90000000000003,297.6177715609801,0.861001057397755,0.8633209917906488,324.6053543330114,False
391.0,297.6177715609801,0.8660834782281929,0.8649547403878929,324.0823255567198,False
391.1,297.6177715609801,0.8655492100235348,0.8668691517101628,323.61617071984296,False
391.20000000000005,297.6177715609801,0.8681912235778029,0.8689701418246079,323.2044730563667,False
391.3,297.6177715609801,0.8731214486958175,0.871181553470989,322.8437641613991,False
391.40000000000003,297.6177715609801,0.8721517905656638,0.8734426322884388,322.5299587770884,False
391.5,297.6177715609801,0.8785069933098087,0.8757056677448355,322.2586878666424,False
391.6,297.6177715609801,0.8788767095603711,0.8779338649184428,322.02554169626575,False
391.70000000000005,297.6177715609801,0.8784351921211802,0.8800994712539904,321.82623824000956,False
391.8,297.6177715609801,0.8792782875100248,0.8821821566526685,321.6567325519663,False
391.90000000000003,297.6177715609801,0.8843302903745061,0.8841676308368689,321.51328132120796,False
392.0,297.6177715609801,0.8845822762623073,0.8860464749407484,321.3924746387344,False
392.1,297.6177715609801,0.8854521089644644,0.8878131618839916,321.2912446635546,False
392.20000000000005,297.6177715609801,0.886922684397238,0.8894652403621814,321.20685869803907,False
392.3,297.6177715609801,0.8899656314944849,0.8910026589860917,321.13690231328343,False
392.40000000000003,297.6177715609801,0.8914756247362524,0.8924272094520164,321.0792566410055,False
392.5,297.6177715609801,0.8940652013315058,0.8937420701699046,321.0320727515419,False
392.6,297.6177715609801,0.8924494533712306,0.8949514342616753,320.99374512485974,False
392.70000000000005,297.6177715609801,0.8950020375828006,0.8960602081395601,320.96288554275884,False
392.8,297.6177715609801,0.8958282502209572,0.8970737689288762,320.9382982369792,False
392.90000000000003,297.6177715609801,0.8964892810080639,0.8979977707988727,320.9189567771,False
393.0,297.6177715609801,0.9014418064739025,0.8988379918194672,320.90398293857857,False
393.1,297.6177715609801,0.9001433282270614,0.899600214292022,320.89262762687434,False
393.20000000000005,297.6177715609801,0.9045834645226636,0.9002901326341114,320.8842538265046,False
393.3,297.6177715609801,0.9024966900592605,0.9009132838572658,320.878321477546,False
393.40000000000003,297.6177715609801,0.9022168993136571,0.9014749964871103,320.87437414421765,False
393.5,297.6177715609801,0.9044921979868593,0.9019803544590458,320.8720273217451,False
393.6,297.6177715609801,0.9047770883005978,0.902434173098626,320.8709582221898,False
393.70000000000005,297.6177715609801,0.899600714074615,0.9028409847808093,320.87089688272175,False
393.8,297.6177715609801,0.9015970731878934,0.9032050322703112,320.8716184476679,False
393.90000000000003,297.6177715609801,0.9030787703954265,0.9035302680884076,320.872936486354,False
394.0,297.6177715609801,0.904391264482427,0.9038203585398897,320.87469722077066,False
394.1,297.6177715609801,0.9046414075426793,0.9040786912760173,320.87677454945526,False
394.20000000000005,297.6177715609801,0.901221597207505,0.9043083854724704,320.8790657660565,False
394.3,297.6177715609801,0.9052673458541749,0.9045123038715627,320.8814878824725,False
394.40000000000003,297.6177715609801,0.9055880907495276,0.9046930660804547,320.88397447702204,False
394.5,297.6177715609801,0.9030545585404975,0.9048530626361482,320.8864729977288,False
394.6,297.6177715609801,0.9026577300182859,0.9049944694472702,320.88894245946074,False
394.70000000000005,295.7872530405856,0.9062599330914525,0.9051192623051892,320.8913514813924,False
394.8,295.7872530405856,0.9044826670368482,0.9053680752449409,320.53714425702805,False
394.90000000000003,295.7872530405856,0.9075320209788191,0.9058322811847891,320.23208318503066,False
395.0,295.7872530405856,0.9084757229830446,0.906450658627831,319.9707742518178,False
395.1,295.7872530405856,0.9079267727405342,0.9071744198427575,319.7480121390785,False
395.20000000000005,295.7872530405856,0.9050967289935946,0.9079650091191793,319.5589221790043,False
395.3,295.7872530405856,0.9070107142319038,0.9087922480099254,319.3990385770356,False
395.40000000000003,295.7872530405856,0.9059731896252119,0.9096327854064545,319.2643376025608,False
395.5,295.7872530405856,0.9094500365587579,0.9104688098303204,319.1512403059115,False
395.6,295.7872530405856,0.9095072846388721,0.9112869841826328,319.0565956676316,False
395.70000000000005,295.7872530405856,0.9152046391850226,0.9120775674832007,318.9776520841635,False
395.8,295.7872530405856,0.9141235615722896,0.912833692820877,318.91202274262236,False
395.90000000000003,295.7872530405856,0.9130535856161054,0.9135507752582936,318.85764865870914,False
396.0,295.7872530405856,0.9117855244685863,0.9142260275378619,318.8127618447579,False
396.1,295.7872530405856,0.9184693634094193,0.9148580650294188,318.7758501384017,False
396.20000000000005,295.7872530405856,0.8790368331828026,0.9154465844394128,318.7456245675262,True
396.3,295.7872530405856,0.9119611126307989,0.9159921034053984,318.720989681047,False
396.40000000000003,295.7872530405856,0.9149914521261331,0.9164957502830677,318.7010169801623,False
396.5,295.7872530405856,0.9140775704003997,0.9169590952548056,318.6849213973149,False
396.6,295.7872530405856,0.9190174727655243,0.9173840154043749,318.6720406575666,False
396.70000000000005,295.7872530405856,0.9157193020076617,0.9177725876614318,318.66181729565733,False
396.8,295.7872530405856,0.9191516050079583,0.9181270045649566,318.65378307462726,False
396.90000000000003,295.7872530405856,0.9214604358366993,0.9184495086626185,318.64754554646777,False
397.0,295.7872530405856,0.9169024329269163,0.9187423420838743,318.6427765034629,False
397.1,295.7872530405856,0.9187718525016909,0.9190077084234156,318.63920208495693,False
397.20000000000005,295.7872530405856,0.9230657805942158,0.9192477445692501,318.63659432440807,False
397.3,295.7872530405856,0.9189285672219141,0.9194645005234203,318.63476394325335,False
397.40000000000003,295.7872530405856,0.9191467184812815,0.9196599256073665,318.63355421973824,False
397.5,295.7872530405856,0.9192129120238858,0.9198358597299275,318.6328357815001,False
397.6,295.7872530405856,0.9184939199698338,0.9199940286336945,318.6325021898117,False
397.70000000000005,295.7872530405856,0.9185484534375559,0.9201360422329238,318.6324662007447,False
397.8,295.7872530405856,0.9223544851273243,0.9202633953201639,318.63265660402897,False
397.90000000000003,295.7872530405856,0.9228577489804978,0.9203774700547156,318.63301555410953,False
398.0,295.7872530405856,0.9186760941466132,0.9204795397586523,318.63349631994,False
398.1,295.7872530405856,0.9245841369542825,0.9205707736392439,318.634061390543,False
398.20000000000005,295.7872530405856,0.923947871883352,0.920652242133478,318.63468088246685,False
398.3,295.7872530405856,0.8805485003446923,0.9207249226336434,318.63533120312167,True
398.40000000000003,295.7872530405856,0.9174795690055643,0.9207897054049051,318.6359939307498,False
398.5,295.7872530405856,0.9188037427275689,0.9208473995483322,318.6366548775924,False
398.6,295.7872530405856,0.920493354073836,0.9208987388975252,318.6373033077983,False
398.70000000000005,295.7872530405856,0.920460836518692,0.9209443877651657,318.6379312858845,False
398.8,295.7872530405856,0.9244219145599618,0.9209849464785641,318.63853313520224,False
398.90000000000003,295.7872530405856,0.9184648560242146,0.9210209566615658,318.6391049889718,False
399.0,295.7872530405856,0.920823708401105,0.9210529062347567,318.6396444191061,False
399.1,295.7872530405856,0.9206955023669507,0.9210812341174383,318.6401501303004,False
399.20000000000005,295.7872530405856,0.9227503484373176,0.9211063346238653,318.640621708794,False
399.3,295.7872530405856,0.9206607579246067,0.9211285615532134,318.64105941684613,False
399.40000000000003,295.7872530405856,0.9205876416031039,0.9211482319780421,318.64146402536227,False
399.5,295.7872530405856,0.9211278189166356,0.9211656297399561,318.6418366782904,False
399.6,295.7872530405856,0.9202558305905301,0.9211810086640171,318.6421787834115,False
399.70000000000005,295.7872530405856,0.9222951866757083,0.9211945955054133,318.6424919250009,False
399.8,295.7872530405856,0.9223086894593865,0.9212065926431623,318.6427777945611,False
399.90000000000003,295.7872530405856,0.9194761319366225,0.9212171805363286,318.643038136437,False
400.0,295.7872530405856,0.9229305772791914,0.9212265199585146,318.6432747056443,False
400.1,295.4753789990447,0.9218925248392146,0.9212347540263282,318.6434892356785,False
400.20000000000005,295.4753789990447,0.9210284412519177,0.9212621651468077,318.5836231601534,False
400.3,295.4753789990447,0.923278396234341,0.9213219359022394,318.53308821693633,False
400.40000000000003,295.4753789990447,0.9239758762756668,0.9214051124367225,318.49051010135713,False
400.5,295.4753789990447,0.9199726483563349,0.9215045332958329,318.45470273806893,False
400.6,295.4753789990447,0.9208936047676552,0.9216145125516649,318.42464580417624,False
400.70000000000005,295.4753789990447,0.9219447424688211,0.9217305754943539,318.39946400456796,False
400.8,295.4753789990447,0.9251732958248402,0.9218492384839484,318.37840827528026,False
400.90000000000003,295.4753789990447,0.9227669124576053,0.9219678258659922,318.3608389478054,False
401.0,295.4753789990447,0.9225564015430923,0.9220843179674268,318.3462108159914,False
401.1,295.4753789990447,0.9262059438121121,0.9221972251321123,318.3340599922627,False
401.20000000000005,295.4753789990447,0.921830212447483,0.92230548355235,318.323992410155,False
401.3,295.4753789990447,0.9243653721007058,0.9224083693259574,318.3156738174371,False
401.40000000000003,295.4753789990447,0.9211527525699958,0.9225054277362368,318.30882110251065,False
401.5,295.4753789990447,0.9227905601713045,0.9225964152310039,318.3031948022085,False
401.6,295.4753789990447,0.9245112757980322,0.9226812519804999,318.29859264868463,False
401.70000000000005,295.4753789990447,0.921327164310043,0.9227599832342187,318.29484402483246,False
401.8,295.4753789990447,0.921516321438268,0.9228327479833655,318.29180521027746,False
401.90000000000003,295.4753789990447,0.9356613756605665,0.9228997536771927,318.2893553126136,True
402.0,295.4753789990447,0.9259605042021724,0.9229612559449039,318.28739279067025,False
402.1,295.4753789990447,0.9197155590881382,0.9230175424461143,318.28583248789545,False
402.20000000000005,295.4753789990447,0.9218810276991704,0.9230689201170463,318.2846031042801,False
402.3,295.4753789990447,0.9250983319393336,0.9231157052009377,318.28364504455897,False
402.40000000000003,295.4753789990447,0.9187672342961937,0.923158215553133,318.28290858872754,False
402.5,295.4753789990447,0.9269801933659835,0.92319676479702,318.2823523382506,False
402.6,295.4753789990447,0.9235600007982013,0.9232316579789169,318.28194189777685,False
402.70000000000005,295.4753789990447,0.9272729482150248,0.923263188430363,318.2816487577996,False
402.8,295.4753789990447,0.9213959275155477,0.9232916355968217,318.2814493485916,False
402.90000000000003,295.4753789990447,0.9249725567507904,0.9233172636341257,318.2813242399806,False
403.0,295.4753789990447,0.9220379410028535,0.9233403206093599,318.2812574651906,False
403.1,295.4753789990447,0.9239308878432035,0.923361038172394,318.2812359501316,False
403.20000000000005,295.4753789990447,0.9219000437545918,0.9233796315888754,318.2812490322342,False
403.3,295.4753789990447,0.9221257526553605,0.9233963000459448,318.28128805525773,False
403.40000000000003,295.4753789990447,0.9199774180728744,0.9234112271589224,318.28134602850037,False
403.5,295.4753789990447,0.9177552901911002,0.9234245816212716,318.2814173405537,False
403.6,295.4753789990447,0.9233245914071114,0.923436517951766,318.2814975192097,False
403.70000000000005,295.4753789990447,0.9281732765252321,0.9234471773023607,318.281583030383,False
403.8,295.4753789990447,0.9228710320339713,0.9234566882981281,318.28167110998106,False
403.90000000000003,295.4753789990447,0.922492101902094,0.9234651678870509,318.2817596235705,False
404.0,294.0098361681922,0.9244517082339031,0.9234727221827149,318.2818469494664,False
404.1,294.0098361681922,0.9222308711873033,0.9235710074489446,318.0003177182126,False
404.20000000000005,294.0098361681922,0.922788308627653,0.9238172094575313,317.7640327704121,False
404.3,294.0098361681922,0.9216441541760064,0.9241681169424755,317.56644868099966,False
404.40000000000003,294.0098361681922,0.9227326362540329,0.9245899356979359,317.40176274026805,False
404.5,294.0098361681922,0.9272118269237055,0.9250564210353129,317.26489898285547,False
404.6,294.0098361681922,0.9238438521953206,0.9255473682046457,317.15146396643365,False
404.70000000000005,294.0098361681922,0.9264519182679941,0.9260473935814604,317.0576865933655,False
404.8,294.0098361681922,0.9258059191194266,0.9265449512551464,316.9803514389974,False
404.90000000000003,294.0098361681922,0.9252931752430592,0.9270315399262867,316.9167315886823,False
405.0,294.0098361681922,0.9281221560917732,0.9275010636201713,316.8645245781874,False
405.1,294.0098361681922,0.9296025194474656,0.9279493167613431,316.8217934028874,False
405.20000000000005,294.0098361681922,0.9259285644196638,0.928373569859678,316.7869134923511,False
405.3,294.0098361681922,0.9294699889717671,0.9287722366473184,316.7585258696338,False
405.40000000000003,294.0098361681922,0.9307170370014629,0.9291446071899209,316.7354963057645,False
405.5,294.0098361681922,0.9288781581181317,0.9294906344522925,316.7168800508358,False
405.6,294.0098361681922,0.9296512245455222,0.9298107641739487,316.7018916114094,False
405.70000000000005,294.0098361681922,0.9301157019854708,0.9301057998223823,316.68987900662853,False
405.8,294.0098361681922,0.9307839548814446,0.9303767959348415,316.6803019432976,False
405.90000000000003,294.0098361681922,0.9283690787929421,0.9306249744075553,316.6727133838464,False
406.0,294.0098361681922,0.9298199608226287,0.930851659303384,316.66674402789704,False
406.1,294.0098361681922,0.9318853160456999,0.9310582265712943,316.66208928008155,False
406.20000000000005,294.0098361681922,0.9297286863001034,0.9312460657406685,316.65849832891854,False
406.3,294.0098361681922,0.9312434724194412,0.9314165511995316,316.65576501111104,False
406.40000000000003,294.0098361681922,0.93142559818904,0.9315710211116849,316.6537201810853,False
406.5,294.0098361681922,0.930151624636178,0.931710762392172,316.6522253463104,False
406.6,294.0098361681922,0.9321032091417422,0.9318370004585481,316.6511673648042,False
406.70000000000005,294.0098361681922,0.9345662799537025,0.9319508927192257,316.6504540324351,False
406.8,294.0098361681922,0.9304674357645508,0.9320535249595919,316.6500104145229,False
406.90000000000003,294.0098361681922,0.9309148189600295,0.9321459099496519,316.64977579926165,False
407.0,294.0098361681922,0.9319081974940446,0.9322289877301863,316.6497011700789,False
407.1,294.0098361681922,0.9298891965733562,0.9323036271431654,316.6497471106532,False
407.20000000000005,294.0098361681922,0.9311669230014927,0.9323706282608134,316.6498820703361,False
407.3,294.0098361681922,0.929463722282473,0.9324307254398655,316.65008092954577,False
407.40000000000003,294.0098361681922,0.9287514311096088,0.9324845907861535,316.6503238146307,False
407.5,294.0098361681922,0.9332026310436484,0.9325328378621263,316.65059512004154,False
407.6,294.0098361681922,0.9342509336343242,0.9325760255082652,316.650882702636,False
407.70000000000005,294.0098361681922,0.936088340505455,0.9326146616802299,316.651177218793,False
407.8,294.0098361681922,0.9323272851740003,0.9326492072283298,316.651471579904,False
407.90000000000003,294.0098361681922,0.9345912109342672,0.9326800795656862,316.6517605058992,False
408.0,294.0098361681922,0.932118203217086,0.9327076561871341,316.65204015988223,False
408.1,294.0098361681922,0.9312630725879386,0.9327322780132866,316.6523078497975,False
408.20000000000005,294.0098361681922,0.9340444311670688,0.9327542525438638,316.6525617854321,False
408.3,294.0098361681922,0.9322712592322489,0.9327738568118848,316.6528008810385,False
408.40000000000003,294.0098361681922,0.9341081835758052,0.9327913401360612,316.65302459551623,False
408.5,294.0098361681922,0.9333919253413878,0.9328069266730534,316.6532328034683,False
408.6,294.0098361681922,0.9308690169591989,0.9328208177744435,316.65342569159384,False
408.70000000000005,294.0098361681922,0.9306312097036271,0.9328331941555724,316.6536036758334,False
408.8,294.0098361681922,0.9307721983476818,0.9328442178849639,316.6537673354757,False
408.90000000000003,294.0098361681922,0.9315352249213023,0.9328540342040803,316.6539173610965,False
409.0,294.0098361681922,0.9346778287760406,0.9328627731877365,316.65405451374454,False
409.1,294.0098361681922,0.9326454558729855,0.9328705512557486,316.6541795932489,False
409.20000000000005,294.0098361681922,0.9357228092935094,0.9328774725463873,316.6542934138959,False
409.3,294.0098361681922,0.9339748334457485,0.9328836301620105,316.6543967860387,False
409.40000000000003,294.0098361681922,0.9325335468877763,0.9328891072969179,316.65449050246036,False
409.5,294.0098361681922,0.9311814277711097,0.9328939782570401,316.65457532852633,False
409.6,294.0098361681922,0.9289687750653055,0.9328983093805816,316.65465199534015,False
409.70000000000005,294.0098361681922,0.935072028873559,0.9329021598682031,316.6547211952598,False
409.8,294.0098361681922,0.9355145387639353,0.9329055825307792,316.65478357925593,False
409.90000000000003,294.0098361681922,0.9324417554355393,0.9329086244622071,316.65483975569,False
410.0,300.9356893792238,0.9364088852595621,0.9329113276441966,316.654890290173,False
410.1,300.9356893792238,0.932385225802059,0.9325142810762028,317.97934480430973,False
410.20000000000005,300.9356893792238,0.9313642905225257,0.931412121456751,319.0918053891829,False
410.3,300.9356893792238,0.9320167497007773,0.9297358150911047,320.03658189215673,False
410.40000000000003,300.9356893792238,0.9276267973634331,0.9276019265547243,320.8465719982383,False
410.5,300.9356893792238,0.9242040495531492,0.9251125970612223,321.5465565281507,False
410.6,300.9356893792238,0.9216389610268303,0.922356295065468,322.15547398301345,False
410.70000000000005,300.9356893792238,0.915971912930576,0.9194089398567393,322.6880069242168,False
410.8,300.9356893792238,0.9161789396143168,0.9163351621413738,323.1557008056949,False
410.90000000000003,300.9356893792238,0.913149599745485,0.9131895688238935,323.5677620490077,False
411.0,300.9356893792238,0.912455633066198,0.9100179421183644,323.9316336814569,False
411.1,300.9356893792238,0.9081463578342337,0.9068583403614571,324.25341497434755,False
411.20000000000005,300.9356893792238,0.9022506846055038,0.9037420892487065,324.53817042862585,False
411.3,300.9356893792238,0.9023071955522525,0.9006946639621092,324.79015939529353,False
411.40000000000003,300.9356893792238,0.8983228078292972,0.8977364686910132,325.01300815863425,False
411.5,300.9356893792238,0.898015773454151,0.8948835227540444,325.20983988290527,False
411.6,300.9356893792238,0.8939553037268548,0.8921480633474079,325.38337341078045,False
411.70000000000005,300.9356893792238,0.889331774386568,0.8895390747354222,325.5359988408072,False
411.8,300.9356893792238,0.8891502205965472,0.887062752971791,325.66983566491854,False
411.90000000000003,300.9356893792238,0.8839768052738352,0.8847229142913952,325.78677772598326,False
412.0,300.9356893792238,0.8806030574647341,0.8825213543107275,325.8885281655865,False
412.1,300.9356893792238,0.8809423711840165,0.880458164212307,325.9766267427559,False
412.20000000000005,300.9356893792238,0.8796457173920244,0.8785320092106039,326.05247132598424,False
412.3,299.3467834612849,0.8788314217061616,0.87674037382349,326.11733493237085,False
412.40000000000003,299.3467834612849,0.8752010800944158,0.8752592615666166,325.8513710240411,False
412.5,299.3467834612849,0.8743323571778713,0.874216246596108,325.6000483316435,False
412.6,299.3467834612849,0.8749917955763659,0.8735415032274075,325.3647898166672,False
412.70000000000005,299.3467834612849,0.873028083578597,0.8731730541375246,325.1464111089645,False
412.8,299.3467834612849,0.8762770322119179,0.8730563401197106,324.94522261201035,False
412.90000000000003,299.3467834612849,0.8701719721327047,0.8731437087754709,324.76112743194693,False
413.0,299.3467834612849,0.8708614192192434,0.873393856110528,324.59371128585593,False
413.1,299.3467834612849,0.8732196536425867,0.8737712485778004,324.44232217326817,False
413.20000000000005,299.3467834612849,0.8764615829546907,0.8742455468398734,324.30613887499396,False
413.3,299.3467834612849,0.8476241023741099,0.8747910468802577,324.1842282759359,True
413.40000000000003,299.3467834612849,0.8726766456144105,0.8753861492981987,324.07559213352175,False
413.5,299.3467834612849,0.8775660126331042,0.8760128637271806,323.97920428797994,False
413.6,299.3467834612849,0.8744075139385048,0.8766563522721825,323.89403949501013,False
413.70000000000005,299.3467834612849,0.9087778159169868,0.8773045135650559,323.8190951102553,True
413.8,299.3467834612849,0.879756864104276,0.8779476073634879,323.75340681420033,False
413.90000000000003,299.3467834612849,0.8815886495588168,0.878577918452606,323.69605947103344,False
414.0,299.3467834612849,0.8816974441445299,0.8791894578345449,323.64619409193455,False
414.1,299.3467834612849,0.8819682644970201,0.879777698717711,323.6030117402897,False
414.20000000000005,299.3467834612849,0.8817705941320002,0.8803393445663149,323.5657750853432,False
414.3,299.3467834612849,0.8802529135240746,0.8808721263802103,323.5338081889123,False
414.40000000000003,299.3467834612849,0.881172413248962,0.8813746263971429,323.50649500075394,False
414.5,299.3467834612849,0.8818743406817808,0.8818461255075563,323.4832769434506,False
414.6,299.3467834612849,0.8826821572064532,0.8822864718187681,323.46364988724736,False
414.70000000000005,299.3467834612849,0.8816207159575441,0.8826959679805507,323.4471607482417,False
414.8,299.3467834612849,0.881614097777416,0.8830752750734643,323.43340388833553,False
414.90000000000003,299.3467834612849,0.8862652646386459,0.8834253310545548,323.4220174508662,False
415.0,299.3467834612849,0.8814053710989038,0.8837472819452783,323.41267973028624,False
415.1,299.3467834612849,0.8862021984536778,0.8840424241291681,323.40510564619296,False
415.20000000000005,299.3467834612849,0.8883843187043321,0.8843121562989776,323.3990433701036,False
415.3,299.3467834612849,0.8825244564928656,0.8845579397532021,323.39427113648003,False
415.40000000000003,299.3467834612849,0.8875629262518265,0.8847812658892822,323.3905942566431,False
415.5,299.3467834612849,0.8847556130968748,0.8849836298753051,323.38784234456443,False
415.6,299.3467834612849,0.8880987560371858,0.8851665096039408,323.3858667564008,False
415.70000000000005,299.3467834612849,0.8842082240462553,0.8853313491422347,323.3845382404902,False
415.8,299.3467834612849,0.8880709597435604,0.8854795459894573,323.38374479091726,False
415.90000000000003,299.3467834612849,0.884238317157662,0.885612441543269,323.383389695316,False
416.0,299.3467834612849,0.8831153324369521,0.8857313142528478,323.3833897660336,False
416.1,299.3467834612849,0.8893769855821779,0.8858373750071977,323.3836737429033,False
416.20000000000005,299.3467834612849,0.8414244304247938,0.8859317643683967,323.38418085549705,True
416.3,299.3467834612849,0.8834740696304356,0.88601555131385,323.3848595327113,False
416.40000000000003,299.3467834612849,0.8861597149948566,0.8860897331994091,323.38566624778264,False
416.5,299.3467834612849,0.8855277736250518,0.8861552366971698,323.3865644872513,False
416.6,299.3467834612849,0.8885950846232641,0.8862129194985051,323.38752383293024,False
416.70000000000005,299.3467834612849,0.8845334775971154,0.886263572604973,323.38851914655453,False
416.8,299.3467834612849,0.8854362025212166,0.8863079230577001,323.3895298474382,False
416.90000000000003,299.3467834612849,0.8636247664832953,0.8863466369801285,323.3905392741381,True
417.0,299.3467834612849,0.88494200028616,0.8863803228300617,323.3915341217928,False
417.1,299.3467834612849,0.8884788009991929,0.8864095347751217,323.39250394745835,False
417.20000000000005,299.3467834612849,0.8885853024077495,0.8864347761213822,323.3934407363923,False
417.3,299.3467834612849,0.8904287687988789,0.8864565027383774,323.39433852283975,False
417.40000000000003,299.3467834612849,0.8906770888297307,0.8864751264351595,323.39519305944214,False
417.5,299.3467834612849,0.885045426199044,0.8864910182518561,323.3960015299236,False
417.6,299.3467834612849,0.8850733226841432,0.8865045116394523,323.39676230020655,False
417.70000000000005,302.18286034935863,0.8846893292500926,0.8865159055075029,323.3974747035721,False
417.8,302.18286034935863,0.8862267097068038,0.8862601665765424,323.9603602834791,False
417.90000000000003,302.18286034935863,0.9268200830745471,0.8855325120202471,324.4672500720146,True
418.0,302.18286034935863,0.8839815947487302,0.8844149083823246,324.9260389041479,False
418.1,302.18286034935863,0.8806819890301092,0.8829788193517031,325.34303211684727,False
418.20000000000005,302.18286034935863,0.8838875513766901,0.8812864449177948,325.723323000729,False
418.3,302.18286034935863,0.8764272263775723,0.8793918312316619,326.0710720502007,False
418.40000000000003,302.18286034935863,0.8762665954935261,0.8773418553472861,326.3897156460453,False
418.5,302.18286034935863,0.8767777870608611,0.8751770937489636,326.682123494385,False
418.6,302.18286034935863,0.8741871808168052,0.8729325855685239,326.9507184738159,False
418.70000000000005,302.18286034935863,0.8702244844779269,0.8706385018544247,327.197568632243,False
418.8,302.18286034935863,0.8702244057905536,0.868320731876042,327.42445835300776,False
418.90000000000003,302.18286034935863,0.8653411071729675,0.8660013966517512,327.6329437966213,False
419.0,302.18286034935863,0.867663365788912,0.8636992989201692,327.8243963668261,False
419.1,302.18286034935863,0.8635271078941166,0.8614303177659407,328.0000369776612,False
419.20000000000005,302.18286034935863,0.8577103303068656,0.8592077551380068,328.1609631961326,False
419.3,302.18286034935863,0.8587586123093499,0.8570426405955741,328.3081708237915,False
419.40000000000003,302.18286034935863,0.854506094886434,0.8549439997999141,328.44257110521755,False
419.5,302.18286034935863,0.8536894141867951,0.8529190915415952,328.56500447385343,False
419.6,302.18286034935863,0.8534207873313003,0.8509736174493892,328.67625153889554,False
419.70000000000005,302.18286034935863,0.8474612857019036,0.8491119079624472,328.7770418618886,False
419.8,302.18286034935863,0.8501480913439988,0.8473370876537744,328.86806095457194,False
419.90000000000003,302.18286034935863,0.8451179609342253,0.8456512225627879,328.94995584048496,False
420.0,302.18286034935863,0.8462436978429194,0.8440554518204814,329.0233394546422,False
420.1,302.18286034935863,0.8434357630702422,0.8425501055257542,329.0887941029428,False
420.20000000000005,302.18286034935863,0.8400323728971409,0.8411348105498576,329.14687416199337,False
420.3,302.18286034935863,0.8370908744148275,0.8398085857024357,329.1981081677958,False
420.40000000000003,302.18286034935863,0.8361215574131117,0.8385699274827344,329.24300041613094,False
420.5,302.18286034935863,0.8380114663039433,0.8374168874592405,329.28203217684995,False
420.6,302.18286034935863,0.8341725881320183,0.8363471421667703,329.3156626074625,False
420.70000000000005,302.18286034935863,0.834368948346579,0.8353580562787941,329.3443294374944,False
420.8,302.18286034935863,0.8339539470912636,0.8344467397017855,329.36844948340365,False
420.90000000000003,302.18286034935863,0.8323277950428042,0.8336100991451645,329.38841904390944,False
421.0,302.18286034935863,0.831950861050936,0.8328448846427245,329.40461421703503,False
421.1,302.18286034935863,0.8333620716542314,0.8321477314372654,329.4173911727306,False
421.20000000000005,302.18286034935863,0.8337531340116021,0.8315151975876405,329.42708640844086,False
421.3,300.2307335363193,0.8318774395145729,0.8309437976148764,329.43401700926836,False
421.40000000000003,300.2307335363193,0.8319920253778853,0.8307015368107968,329.03411397148767,False
421.5,300.2307335363193,0.8320641975265357,0.8309954575744234,328.64366512153475,False
421.6,300.2307335363193,0.8308583032143433,0.8317356300426598,328.2675192356559,False
421.70000000000005,300.2307335363193,0.833210345847566,0.8328394819251196,327.9094579231068,False
421.8,300.2307335363193,0.8308513399782237,0.8342323317934929,327.57224715876276,False
421.90000000000003,300.2307335363193,0.8360097564523021,0.8358475909097653,327.25772814063873,False
422.0,300.2307335363193,0.8367714287257785,0.8376266890916542,326.96693243283596,False
422.1,300.2307335363193,0.8419938749055685,0.8395187859117338,326.7002082859677,False
422.20000000000005,300.2307335363193,0.8377644081821272,0.8414803267589819,326.45734776405175,False
422.3,300.2307335363193,0.8413344610671137,0.8434744968605193,326.2377072227122,False
422.40000000000003,300.2307335363193,0.850029130105477,0.8454706176526219,326.04031636431347,False
422.5,300.2307335363193,0.8489134144392467,0.8474435206315862,325.86397332008244,False
422.6,300.2307335363193,0.8521385222720467,0.8493729250902646,325.7073249050436,False
422.70000000000005,300.2307335363193,0.8496654513945855,0.8512428385352836,325.56893238118175,False
422.8,300.2307335363193,0.8501333783665124,0.8530409923033717,325.4473238214161,False
422.90000000000003,300.2307335363193,0.8557231874958594,0.8547583199471865,325.3410345843224,False
423.0,300.2307335363193,0.8567089800776534,0.8563884822117803,325.24863757838887,False
423.1,300.2307335363193,0.8590160465279028,0.8579274396885561,325.16876499436296,False
423.20000000000005,300.2307335363193,0.862466391273647,0.8593730723199174,325.1001230784413,False
423.3,300.2307335363193,0.8624334561877631,0.8607248436540589,325.04150135515266,False
423.40000000000003,300.2307335363193,0.8588886858676196,0.8619835069594023,324.991777520201,False
423.5,300.2307335363193,0.8621304855739513,0.8631508498738263,324.9499190323322,False
423.6,300.2307335363193,0.8598164476567772,0.8642294740834459,324.91498225292753,False
423.70000000000005,300.2307335363193,0.8663166233079946,0.8652226065210449,324.8861098198101,False
423.8,300.2307335363193,0.8652034422723442,0.866133938686509,324.862526800777,False
423.90000000000003,300.2307335363193,0.8644259042240918,0.8669674908774498,324.84353605304517,False
424.0,300.2307335363193,0.8684464747055725,0.8677274983464448,324.82851311591935,False
424.1,300.2307335363193,0.8662074586137959,0.8684183166499159,324.81690088350257,False
424.20000000000005,300.2307335363193,0.8873363810501783,0.8690443437075012,324.80820423976206,True
424.3,300.2307335363193,0.8710441497491314,0.8696099563397395,324.80198478729386,False
424.40000000000003,300.2307335363193,0.8745887413785397,0.8701194592895429,324.79785576138727,False
424.5,300.2307335363193,0.8690715955861398,0.8705770449555325,324.79547719041636,False
424.6,300.2307335363193,0.8728957926632015,0.8709867622707329,324.7945513403784,False
424.70000000000005,300.2307335363193,0.870450511860976,0.8713524933477523,324.7948184640494,False
424.8,300.2307335363193,0.8692702045380347,0.8716779366814523,324.7960528624722,False
424.90000000000003,300.2307335363193,0.8756830815940959,0.871966595852898,324.79805925731137,False
425.0,300.2307335363193,0.870098955933085,0.8722217728150337,324.8006694661676,False
425.1,300.2307335363193,0.8757478606503467,0.8724465649622165,324.80373936859274,False
425.20000000000005,300.2307335363193,0.8719330578422844,0.8726438652936828,324.8071461477595,False
425.3,300.2307335363193,0.8742654011533599,0.8728163650764593,324.8107857911172,False
425.40000000000003,300.2307335363193,0.8721125962968849,0.8729665584973767,324.814570832592,False
425.5,300.2307335363193,0.8715504209958752,0.87309674886783,324.8184283187276,False
425.6,300.2307335363193,0.8714084121264504,0.8732090560098434,324.8222979814301,False
425.70000000000005,300.2307335363193,0.8724707338515246,0.8733054245088009,324.8261306005383,False
425.8,300.2307335363193,0.8738797839304356,0.8733876325678095,324.8298865401922,False
425.90000000000003,300.2307335363193,0.8762601760123991,0.8734573012418847,324.83353444383596,False
426.0,300.2307335363193,0.8719285950485604,0.8735159038676971,324.8370500736197,False
426.1,300.2307335363193,0.8736217516587048,0.8735647755371856,324.8404152809149,False
426.20000000000005,300.2307335363193,0.8730663734786227,0.8736051224914825,324.84361709560113,False
426.3,300.2307335363193,0.8734694217052514,0.8736380313358514,324.84664692270826,False
426.40000000000003,300.2307335363193,0.8716183574366321,0.8736644779971703,324.8494998358836,False
426.5,300.2307335363193,0.8709242812147974,0.8736853363633098,324.85217395800083,False
426.6,300.2307335363193,0.8727636722448493,0.8737013865589384,324.85466992002716,False
426.70000000000005,300.2307335363193,0.8736488133298846,0.873713322825148,324.8569903900153,False
426.8,300.2307335363193,0.8785317507855326,0.8737217609811333,324.8591396647914,False
426.90000000000003,300.2307335363193,0.8767240397643737,0.8737272454552243,324.86112331756345,False
427.0,300.2307335363193,0.8729202622804262,0.8737302558801057,324.8629478952848,False
427.1,294.71861414354316,0.8711413901127589,0.8737312132532397,324.86462066017145,False
427.20000000000005,294.71861414354316,0.870858645494799,0.8742778790228357,323.7672935318514,False
427.3,294.71861414354316,0.877600883507148,0.875714293058462,322.7843611765442,False
427.40000000000003,294.71861414354316,0.8801879931598169,0.8777802750040548,321.9184869259835,False
427.5,294.71861414354316,0.8844232360507845,0.8802696743409841,321.16609893028743,False
427.6,294.71861414354316,0.8824968177638268,0.883022056843359,320.51965219317924,False
427.70000000000005,294.71861414354316,0.8866933513375672,0.8859145383744962,319.9694075170828,False
427.8,294.71861414354316,0.8881690520985794,0.8888544647733403,319.5047226681196,False
427.90000000000003,294.71861414354316,0.8946227468208725,0.8917731828149609,319.11492490804994,False
428.0,294.71861414354316,0.8964780747154124,0.894620903447835,318.78985689127734,False
428.1,294.71861414354316,0.8958135218367994,0.8973625470360703,318.52018423600936,False
428.20000000000005,294.71861414354316,0.9003126364309094,0.8999744229844671,318.2975384902168,False
428.3,294.71861414354316,0.9004431092693607,0.9024415958552604,318.1145522369315,False
428.40000000000003,294.71861414354316,0.9049782431866666,0.9047558058017684,317.96482764728523,False
428.5,294.71861414354316,0.9040828327278403,0.9069138318073986,317.8428672627055,False
428.6,294.71861414354316,0.9093087616904462,0.9089162066014201,317.7439862840355,False
428.70000000000005,294.71861414354316,0.9131515280483845,0.9107662101037243,317.66421876114305,False
428.8,294.71861414354316,0.9149970757041651,0.9124690832505487,317.60022526482396,False
428.90000000000003,294.71861414354316,0.9115531109879282,0.9140314161896556,317.54920636228525,False
429.0,294.71861414354316,0.9155628356694999,0.9154606744889405,317.50882407435006,False
429.1,294.71861414354316,0.9140944227000024,0.9167648346171762,317.47713213082574,False
429.20000000000005,294.71861414354316,0.920135660941288,0.9179521059389283,317.4525150117359,False
429.3,294.71861414354316,0.9198449859260879,0.9190307211651404,317.4336352883235,False
429.40000000000003,294.71861414354316,0.9177390988232508,0.9200087808979104,317.4193885344779,False
429.5,294.71861414354316,0.9190672059416063,0.920894140824616,317.40886498135956,False
429.6,294.71861414354316,0.9228128475146566,0.9216943324254496,317.4013170783009,False
429.70000000000005,294.71861414354316,0.9190191609294848,0.9224165098929074,317.3961321638903,False
429.8,294.71861414354316,0.9232050069207047,0.9230674174245879,317.39280951824213,False
429.90000000000003,294.71861414354316,0.9243771516831236,0.9236533722207974,317.39094114556434,False
430.0,294.71861414354316,0.9228602754137875,0.924180259457318,317.39019571608526,False
430.1,294.71861414354316,0.9241225596066812,0.9246535362586571,317.39030517287995,False
430.20000000000005,294.71861414354316,0.9252590290754673,0.9250782423052935,317.3910535793865,False
430.3,294.71861414354316,0.9266146712831314,0.9254590151989868,317.3922678462265,False
430.40000000000003,294.71861414354316,0.9233026604965117,0.9258001091061024,317.3938100311011,False
430.5,294.71861414354316,0.9249817834881308,0.9261054155183722,317.39557095331594,False
430.6,294.71861414354316,0.9279803222390954,0.9263784852281427,317.39746490548833,False
430.70000000000005,294.71861414354316,0.9214004231644795,0.9266225508226321,317.39942527991707,False
430.8,294.71861414354316,0.9288014074159224,0.926840549168448,317.40140095668846,False
430.90000000000003,294.71861414354316,0.9297100605761518,0.9270351434912256,317.40335332556623,False
431.0,294.71861414354316,0.9310025482702206,0.9272087447619152,317.40525383472857,False
431.1,294.71861414354316,0.9226440505953704,0.9273635321860012,317.4070819770543,False
431.20000000000005,294.71861414354316,0.9265831868779837,0.9275014726588855,317.4088236394477,False
431.3,293.5537121259114,0.9263293694093103,0.9276243391031596,317.4104697530665,False
431.40000000000003,293.5537121259114,0.9307043652900024,0.9278018311705902,317.18908449345713,False
431.5,293.5537121259114,0.9294123713406849,0.9280776573221131,317.00487106574076,False
431.6,293.5537121259114,0.930469511435029,0.9284207255999043,316.85203817159334,False
431.70000000000005,293.5537121259114,0.9302771232000152,0.9288069290714631,316.72557620856196,False
431.8,293.5537121259114,0.9261698155026349,0.9292177289020814,316.6211910782322,False
431.90000000000003,293.5537121259114,0.9304791186719881,0.9296390165215977,316.5352284247292,False
432.0,293.5537121259114,0.9257045475731482,0.9300601998381058,316.46459621566765,False
432.1,293.5537121259114,0.9313572672718048,0.930473469327655,316.40669041036546,False
432.20000000000005,293.5537121259114,0.9312756599287567,0.9308732086594912,316.3593263266549,False
432.3,293.5537121259114,0.9308946972436348,0.9312555215951595,316.3206769231833,False
432.40000000000003,293.5537121259114,0.9320949047953972,0.9316178525390038,316.28921833461754,False
432.5,293.5537121259114,0.9333884585693853,0.9319586826018339,316.2636824686538,False
432.6,293.5537121259114,0.9307140406508563,0.932277286603416,316.24301617838114,False
432.70000000000005,293.5537121259114,0.9332906103667319,0.9325735392777192,316.2263463796025,False
432.8,293.5537121259114,0.9357600558512174,0.932847761210791,316.21295043396236,False
432.90000000000003,293.5537121259114,0.9338920694468577,0.933100596855532,316.2022311273613,False
433.0,293.5537121259114,0.9337943005895871,0.9333329184249353,316.1936956142039,False
433.1,293.5537121259114,0.9335167296300625,0.9335457506393161,316.1869377554091,False
433.20000000000005,293.5537121259114,0.9311445498929201,0.9337402122513695,316.18162334168863,False
433.3,293.5537121259114,0.936774519176719,0.9339174710407695,316.1774777572525,False
433.40000000000003,293.5537121259114,0.9332539456798634,0.9340787095931,316.1742756993352,False
433.5,293.5537121259114,0.9343055838956755,0.9342250996843198,316.17183262395724,False
433.6,293.5537121259114,0.9337612001641873,0.9343577835041049,316.1699976374035,False
433.70000000000005,293.5537121259114,0.933766667442094,0.9344778602871426,316.1686475959244,False
433.8,293.5537121259114,0.9334067561389892,0.9345863771950892,316.1676822134257,False
433.90000000000003,293.5537121259114,0.933275786978102,0.9346843235149935,316.1670200088811,False
434.0,293.5537121259114,0.9366372745333694,0.9347726274218454,316.1665949524382,False
434.1,293.5537121259114,0.9375837354416439,0.9348521547010861,316.16635369226117,False
434.20000000000005,293.5537121259114,0.9354079474741153,0.9349237089475838,316.1662532636249,False
434.3,293.5537121259114,0.93267765717846,0.9349880328557117,316.1662591981421,False
434.40000000000003,293.5537121259114,0.9349134487620073,0.9350458102948892,316.16634396473313,False
434.5,293.5537121259114,0.9395387777118956,0.9350976689295892,316.1664856854389,False
434.6,293.5537121259114,0.9357689000765357,0.9351441831951264,316.1666670787692,False
434.70000000000005,293.5537121259114,0.9347941150977109,0.9351858774827657,316.1668745912917,False
434.8,293.5537121259114,0.93358495917189,0.9352232294216821,316.1670976848358,False
434.90000000000003,293.5537121259114,0.936317045685807,0.9352566731725591,316.1673282522443,False
435.0,293.5537121259114,0.9348080573653598,0.9352866026693986,316.1675601392262,False
435.1,293.5537121259114,0.9378815249821996,0.9353133747634277,316.1677887537108,False
435.20000000000005,293.5537121259114,0.9375107501430001,0.9353373122366825,316.16801074729364,False
435.3,293.5537121259114,0.9363869875167758,0.9353587066635977,316.1682237560214,False
435.40000000000003,293.5537121259114,0.935528367129382,0.9353778211073093,316.16842618996316,False
435.5,293.5537121259114,0.936472378633311,0.9353948926438344,316.16861706284374,False
435.6,293.5537121259114,0.9360414299415833,0.935410134712209,316.1687958545314,False
435.70000000000005,293.5537121259114,0.9349562123473116,0.9354237392923528,316.1689624004293,False
435.8,293.5537121259114,0.9380955909114626,0.935435878915129,316.16911680286046,False
435.90000000000003,293.5537121259114,0.9352613015807568,0.9354467085109951,316.16925936040167,False
436.0,293.5537121259114,0.9343868494003904,0.935456367104947,316.16939051183283,False
436.1,293.5537121259114,0.9321096539242117,0.9354649793662951,316.1695107919631,False
436.20000000000005,293.5537121259114,0.93504292856157,0.9354726570222703,316.1696207970806,False
436.3,293.5537121259114,0.9324120991422185,0.9354795001446324,316.16972115817964,False
436.40000000000003,293.5537121259114,0.9370110399533867,0.9354855983184223,316.16981252045105,False
436.5,293.5537121259114,0.9338788718041119,0.9354910317018005,316.1698955277973,False
436.6,299.8608039032023,0.9336653962662765,0.9354958719856089,316.1699708113616,False
436.70000000000005,299.8608039032023,0.9306223444559156,0.9351511230004539,317.37324507044485,False
436.8,299.8608039032023,0.9347483325957414,0.934196061524744,318.3778858958881,False
436.90000000000003,299.8608039032023,0.9321466664885822,0.9327525002271179,319.22467904211703,False
437.0,299.8608039032023,0.9323275234682811,0.9309276083733082,319.944144437225,False
437.1,299.8608039032023,0.9269582376581755,0.9288142490529457,320.5594636111745,False
437.20000000000005,299.8608039032023,0.9285376887154978,0.9264919257474945,321.0885083529018,False
437.3,299.8608039032023,0.9255051678282895,0.9240280057331375,321.54526112308815,False
437.40000000000003,299.8608039032023,0.9247581906606767,0.921479026304245,321.94082042456876,False
437.5,299.8608039032023,0.917982206102389,0.9188919763886433,322.28412016836415,False
437.6,299.8608039032023,0.9185639148851842,0.9163054984366783,322.5824498622861,False
437.70000000000005,299.8608039032023,0.9121190421178585,0.9137509861392414,322.84183459188307,False
437.8,299.8608039032023,0.9114645607477896,0.9112535708981351,323.0673152598746,False
437.90000000000003,299.8608039032023,0.9083612710844065,0.9088329993607331,323.2631571557946,False
438.0,299.8608039032023,0.9092837788663753,0.9065044090122766,323.43300654402196,False
438.1,293.83758221660497,0.9051525661803625,0.9042790107942453,323.5800092281855,False
438.20000000000005,293.83758221660497,0.9066454011030213,0.9027245501126937,322.51363794332366,False
438.3,293.83758221660497,0.9029955961965771,0.9021953209328052,321.56559392104276,False
438.40000000000003,293.83758221660497,0.9027855251033033,0.9024262803467286,320.7359729848509,False
438.5,293.83758221660497,0.903077047134629,0.9032072476706916,320.0192521377238,False
438.6,293.83758221660497,0.9049237467559561,0.9043737384545654,319.40653228923355,False
438.70000000000005,293.83758221660497,0.8889305433154686,0.9057984228988842,318.887228720629,True
438.8,293.83758221660497,0.9052535830543413,0.9073837094680485,318.45025171018796,False
438.90000000000003,293.83758221660497,0.9079951173342388,0.9090555638716393,318.08477265749747,False
439.0,293.83758221660497,0.9100424788134825,0.9107584823803276,317.7806794448869,False
439.1,293.83758221660497,0.934419493904262,0.9124514634589906,317.52881258273703,True
439.20000000000005,293.83758221660497,0.9184808942508075,0.9141048070861638,317.32105478779636,False
439.3,293.83758221660497,0.91534846460213,0.9156975839814964,317.1503279053728,False
439.40000000000003,293.83758221660497,0.9166356201025946,0.9172156397224069,317.0105352606964,False
439.5,293.83758221660497,0.9211779782444796,0.9186500228772928,316.8964752560717,False
439.6,293.83758221660497,0.9218104278846507,0.9199957481587716,316.8037430250649,False
439.70000000000005,293.83758221660497,0.9198060899768267,0.9212508240377558,316.72863060417865,False
439.8,293.83758221660497,0.9241375504711862,0.9224154892110829,316.6680317483551,False
439.90000000000003,293.83758221660497,0.9255324455988799,0.92349161418842,316.6193546478109,False
440.0,293.83758221660497,0.9228325136785134,0.9244822335887598,316.580443965262,False
440.1,293.83758221660497,0.9475725876299226,0.9253911820242442,316.54951247968387,True
440.20000000000005,293.83758221660497,0.9276630183799367,0.926222812138626,316.5250819614359,False
440.3,293.83758221660497,0.9288068100789297,0.9269817778161457,316.5059325498522,False
440.40000000000003,293.83758221660497,0.9262008038046641,0.927672869064858,316.4910597458131,False
440.5,293.83758221660497,0.9307113329986049,0.9283008878239513,316.4796380927186,False
440.6,293.83758221660497,0.9299790771147702,0.9288705561142659,316.4709906498056,False
440.70000000000005,293.83758221660497,0.9275721866013513,0.9293864496727474,316.4645634296421,False
440.8,293.83758221660497,0.9293841579532467,0.9298529515827012,316.45990405659074,False
440.90000000000003,293.83758221660497,0.9339581141002244,0.9302742215074725,316.4566439926722,False
441.0,293.83758221660497,0.9314520526250749,0.9306541770134589,316.454483764388,False
441.1,293.83758221660497,0.9272256631470822,0.9309964841739142,316.4531807047822,False
441.20000000000005,293.83758221660497,0.9288315004816271,0.9313045552129058,316.4525387975715,False
441.3,293.83758221660497,0.9346144851320964,0.9315815514064075,316.4524002740117,False
441.40000000000003,293.83758221660497,0.9317322763638185,0.9318303898265307,316.45263866851957,False
441.5,293.83758221660497,0.9324011020796664,0.9320537528124857,316.45315308653323,False
441.6,293.83758221660497,0.9299287006176092,0.9322540992917626,316.4538634784767,False
441.70000000000005,293.83758221660497,0.9355213988304154,0.932433677268187,316.4547067478333,False
441.8,293.83758221660497,0.9323722408272586,0.932594536948815,316.455633550064,False
441.90000000000003,293.83758221660497,0.9315383833094532,0.932738544106211,316.4566056632042,False
442.0,293.83758221660497,0.932627375611134,0.932867393372297,316.4575938311209,False
442.1,293.83758221660497,0.9390100765097636,0.9329826212393703,316.4585759972337,False
442.20000000000005,293.83758221660497,0.9331507497324123,0.9330856186068855,316.4595358605135,False
442.3,293.83758221660497,0.9339312384653671,0.9331776427622954,316.4604616972393,False
442.40000000000003,293.83758221660497,0.9303989264658334,0.9332598287231841,316.46134540168885,False
442.5,302.0128134283766,0.9320791753645159,0.933333199898187,316.4621817069954,False
442.6,302.0128134283766,0.9292127181048713,0.9329312764283391,318.02549859823523,False
442.70000000000005,302.0128134283766,0.9336044422995694,0.931686823250847,319.33937791247183,False
442.8,302.0128134283766,0.9283836738535709,0.9297413704226557,320.4585542816609,False
442.90000000000003,302.0128134283766,0.9263300602620376,0.9272232764059085,321.4231584873473,False
443.0,302.0128134283766,0.9245012763156211,0.9242467010230929,322.26302816195897,False
443.1,302.0128134283766,0.9216425340653183,0.9209118102318019,323.0006593874066,False
443.20000000000005,302.0128134283766,0.9214306569044017,0.9173056339881126,323.65324727437564,False
443.3,302.0128134283766,0.9135542397840941,0.9135032240103694,324.23411240232406,False
443.40000000000003,302.0128134283766,0.9116853994463685,0.909568905547165,324.7537097040474,False
443.5,302.0128134283766,0.9041336409318659,0.9055575090632493,325.2203505482844,False
443.6,302.0128134283766,0.8995316762231149,0.9015155231882808,325.6407256420594,False
443.70000000000005,302.0128134283766,0.8960586572773503,0.897482142809678,326.0202880166919,False
443.8,302.0128134283766,0.893376171272378,0.8934902047206438,326.36353659309617,False
443.90000000000003,302.0128134283766,0.8900863651376794,0.8895670133379879,326.67422829418126,False
444.0,302.0128134283766,0.8878501640154667,0.8857350641274878,326.95553822962756,False
444.1,302.0128134283766,0.8838574564901158,0.882012674608223,327.21018173134627,False
444.20000000000005,302.0128134283766,0.8340510694105846,0.8784145334073934,327.4405080657296,True
444.3,302.0128134283766,0.8755458099081938,0.874952177550131,327.6485729032257,False
444.40000000000003,302.0128134283766,0.8737973593732933,0.8716344074333886,327.8361946995149,False
444.5,302.0128134283766,0.865796998947424,0.8684676480027078,328.00499877818754,False
444.6,302.0128134283766,0.8641089638829377,0.865456263668614,328.1564519295521,False
444.70000000000005,302.0128134283766,0.8600614994856314,0.8626028335431918,328.2918896369269,False
444.8,302.0128134283766,0.8611259714978549,0.8599083926863819,328.4125375303219,False
444.90000000000003,302.0128134283766,0.8573270081158946,0.8573726442429908,328.51952829238496,False
445.0,302.0128134283766,0.8532533659973262,0.854994146630274,328.61391496419094,False
445.1,302.0128134283766,0.8537902308076595,0.8527704793005557,328.69668139165657,False
445.20000000000005,302.0128134283766,0.8499859765943711,0.8506983900487226,328.7687503977259,False
445.3,302.0128134283766,0.8507478345615312,0.848773926354171,328.83099014714156,False
445.40000000000003,302.0128134283766,0.8466018177639533,0.8469925528340841,328.8842190796284,False
445.5,302.0128134283766,0.8460108260152661,0.845349256533051,328.9292097164509,False
445.6,302.0128134283766,0.8410612093558286,0.8438386414766439,328.966691589324,False
445.70000000000005,302.0128134283766,0.8433612940313343,0.8424550136676414,328.99735349575155,False
445.8,302.0128134283766,0.8404352432687324,0.841192457497565,329.0218452482767,False
445.90000000000003,302.0128134283766,0.8366613608189265,0.8400449043778669,329.04077905485195,False
446.0,302.0128134283766,0.8353839751313279,0.8390061942596246,329.0547306421367,False
446.1,302.0128134283766,0.8361229849556086,0.8380701306034005,329.06424021197734,False
446.20000000000005,302.0128134283766,0.8387977600584965,0.8372305292778416,329.06981330288676,False
446.3,302.0128134283766,0.8322436501787255,0.8364812618025698,329.07192161249577,False
446.40000000000003,302.0128134283766,0.8381680441045847,0.8358162933045613,329.07100382332914,False
446.5,302.0128134283766,0.8348818540005367,0.8352297155240421,329.0674664625906,False
446.6,302.0128134283766,0.8351838286336767,0.834715775183131,329.06168481672427,False
446.70000000000005,302.0128134283766,0.8357766546667827,0.8342688980154234,329.0540039131878,False
446.8,302.0128134283766,0.8323016234232858,0.8338837087451958,329.04473957498647,False
446.90000000000003,298.17540844305245,0.8334980892997647,0.8335550472990348,329.0341795479514,False
447.0,298.17540844305245,0.8335002281299488,0.8337907800013808,328.2318091059679,False
447.1,298.17540844305245,0.8119225577863595,0.8349571696757756,327.4629893400986,True
447.20000000000005,298.17540844305245,0.8385642934963042,0.8368527370768557,326.74014217722475,False
447.3,298.17540844305245,0.8395448349441778,0.8392995375146975,326.0715470490236,False
447.40000000000003,298.17540844305245,0.84365569372359,0.8421442464216204,325.46181966234707,False
447.5,298.17540844305245,0.8469770396773922,0.8452575888071554,324.9125557018758,False
447.6,298.17540844305245,0.8029129697275066,0.8485326882180206,324.42301657045135,True
447.70000000000005,298.17540844305245,0.8534294487855978,0.8518828158628609,323.99077475751324,False
447.8,298.17540844305245,0.8529912206812215,0.8552388965960214,323.61227319681336,False
447.90000000000003,298.17540844305245,0.8559288862171297,0.8585470115710702,323.2832807757933,False
448.0,298.17540844305245,0.8646717761430394,0.861766043229446,322.99924433980937,False
448.1,298.17540844305245,0.8641091738796303,0.8648655398143301,322.75554771440653,False
448.20000000000005,298.17540844305245,0.8691266635119757,0.867823830626327,322.54769272628175,False
448.3,298.17540844305245,0.8728215324922685,0.8706263945896666,322.371418037869,False
448.40000000000003,298.17540844305245,0.8739997238762212,0.8732644683128612,322.22277043019585,False
448.5,298.17540844305245,0.8773492784537903,0.875733871581213,322.0981410668323,False
448.6,298.17540844305245,0.8756067908500593,0.8780340250712255,321.99427691939087,False
448.70000000000005,298.17540844305245,0.8775388372505759,0.8801671349353098,321.90827530093907,False
448.8,298.17540844305245,0.8798224726371879,0.882137520399417,321.83756750984344,False
448.90000000000003,298.17540844305245,0.882734973142359,0.8839510627897237,321.77989598729334,False
449.0,298.17540844305245,0.8804052385905026,0.8856147569456625,321.7332881274166,False
449.1,298.17540844305245,0.8863294893173662,0.8871363484965714,321.69602890976887,False
449.20000000000005,298.17540844305245,0.8848201306661374,0.8885240428278589,321.6666338000323,False
449.3,298.17540844305245,0.8917794616187354,0.8897862736729318,321.64382283634376,False
449.40000000000003,298.17540844305245,0.8917965296092073,0.8909315211202758,321.62649644155493,False
449.5,298.17540844305245,0.8929404481185111,0.8919681704281183,321.6137132388822,False
449.6,298.17540844305245,0.8890303245490818,0.8929044044120574,321.6046699701338,False
449.70000000000005,298.17540844305245,0.8929635287506769,0.8937481233391145,321.5986834988514,False
449.8,298.17540844305245,0.8974164186504293,0.8945068872511717,321.59517480768784,False
449.90000000000003,294.13542750179874,0.8937616940316272,0.8951878764762926,321.5936548569775,False
450.0,294.13542750179874,0.8978306469055064,0.8961151553684678,320.80472855362495,False
450.1,294.13542750179874,0.895715165284638,0.8974899607776219,320.1247000486647,False
450.20000000000005,294.13542750179874,0.8988584295616816,0.8991650661828902,319.5443210270932,False
450.3,294.13542750179874,0.906321142212076,0.9010271936699176,319.0530452373905,False
450.40000000000003,294.13542750179874,0.9043310560515787,0.9029901804134607,318.64005345999533,False
450.5,294.13542750179874,0.9076204817248448,0.9049893090832872,318.29490851675837,False
450.6,294.13542750179874,0.9068793975105379,0.9069767054901227,318.0079363709981,False
450.70000000000005,294.13542750179874,0.9058483870694762,0.9089176516510352,317.77041580070534,False
450.8,294.13542750179874,0.9078833553287953,0.9107876553591756,317.57464116199964,False
450.90000000000003,294.13542750179874,0.9142294626935311,0.9125701316909399,317.41390570427967,False
451.0,294.13542750179874,0.9148554299489507,0.914254573532462,317.282438767358,False
451.1,294.13542750179874,0.9187461157770358,0.915835110371878,317.1753193439466,False
451.20000000000005,294.13542750179874,0.9163571128992866,0.9173093744444962,317.0883805753639,False
451.3,294.13542750179874,0.9193893687739785,0.9186776099671634,317.01811418645013,False
451.40000000000003,294.13542750179874,0.9185511202999597,0.9199419746926584,316.961580080128,False
451.5,294.13542750179874,0.9224356894866861,0.9211059937457896,316.9163238125076,False
451.6,294.13542750179874,0.9180098578542911,0.9221741341513171,316.88030307240933,False
451.70000000000005,294.13542750179874,0.9232265615985817,0.9231514750865594,316.8518233093519,False
451.8,294.13542750179874,0.9222697387731483,0.9240434540792085,316.82948208637464,False
451.90000000000003,294.13542750179874,0.92459669632182,0.9248556734405281,316.8121214348959,False
452.0,294.13542750179874,0.9276229875683739,0.9255937544258122,316.79878735969436,False
452.1,294.13542750179874,0.9270379107664533,0.9262632291418491,316.78869561680966,False
452.20000000000005,294.13542750179874,0.9281232440762806,0.926869462224658,316.7812029220162,False
452.3,294.13542750179874,0.925830246921133,0.9274175959047503,316.7757828143151,False
452.40000000000003,294.13542750179874,0.9225687327170247,0.9279125133497943,316.7720054798527,False
452.5,294.13542750179874,0.9261070225124395,0.9283588161938882,316.76952092601647,False
452.6,294.13542750179874,0.9292842963173908,0.9287608129811126,316.7680449768959,False
452.70000000000005,294.13542750179874,0.9267841396045663,0.929122515909762,316.76734763651194,False
452.8,294.13542750179874,0.9301897186414817,0.9294476437945328,316.76724343369494,False
452.90000000000003,294.13542750179874,0.9260561420840958,0.929739629592256,316.76758342182535,False
453.0,294.13542750179874,0.9296880036930427,0.9300016311824406,316.768248558094,False
453.1,294.13542750179874,0.9329008800163305,0.9302365443728381,316.7691442310738,False
453.20000000000005,294.13542750179874,0.9314524358284314,0.9304470173251596,316.77019574297026,False
453.3,294.13542750179874,0.9289363929868576,0.9306354657771925,316.7713445847186,False
453.40000000000003,294.13542750179874,0.9321622708393753,0.9308040885831116,316.77254536889495,False
453.5,294.13542750179874,0.9306885767685599,0.9309548832104368,316.7737633079135,False
453.6,294.13542750179874,0.9759155311992304,0.9310896609252688,316.77497214383243,True
453.70000000000005,294.13542750179874,0.9334597677851888,0.9312100614715463,316.7761524518539,False
453.8,294.13542750179874,0.9320772302629692,0.9313175671087001,316.77729025275795,False
453.90000000000003,294.13542750179874,0.9274941210105115,0.9314135159181639,316.7783758804828,False
454.0,294.13542750179874,0.9302170456220529,0.9314991143251397,316.77940306020093,False
454.1,294.13542750179874,0.9346609728332526,0.9315754488097493,316.78036815985195,False
454.20000000000005,294.13542750179874,0.9314129978575841,0.9316434968028454,316.7812695844232,False
454.3,294.13542750179874,0.9356639019558388,0.931704136777602,316.7821072875354,False
454.40000000000003,294.13542750179874,0.9332653216973468,0.931758157559623,316.78288237926694,False
454.5,297.78624473479664,0.9337035164369009,0.9318062668865681,316.7835968127925,False
454.6,297.78624473479664,0.9283096745350872,0.9316402777711676,317.4820355074087,False
454.70000000000005,297.78624473479664,0.9301592929742396,0.9311140120699196,318.06565688087073,False
454.8,297.78624473479664,0.9333275003359516,0.9303106308450929,318.55577301410756,False
454.90000000000003,297.78624473479664,0.9320465732601703,0.9293003408945423,318.96898052682087,False
455.0,297.78624473479664,0.9285342447815971,0.9281418051950211,319.31838051875286,False
455.1,297.78624473479664,0.9255562635869234,0.9268835573994667,319.6144482198737,False
455.20000000000005,297.78624473479664,0.9237698226440186,0.9255653433019695,319.8656598857092,False
455.3,297.78624473479664,0.9236748356931507,0.9242193519168465,320.07894979923157,False
455.40000000000003,297.78624473479664,0.9226575788359705,0.9228713219637908,320.26004719013014,False
455.5,297.78624473479664,0.9195801773178062,0.9215415225586001,320.41372744882864,False
455.6,297.78624473479664,0.9182984032515422,0.9202456138633629,320.5440015901283,False
455.70000000000005,297.78624473479664,0.9201289245111454,0.9189953968243098,320.65426081432804,False
455.8,297.78624473479664,0.9203344356812448,0.9177994624583907,320.7473881209931,False
455.90000000000003,297.78624473479664,0.9174932666141197,0.9166637513387632,320.82584552932957,False
456.0,297.78624473479664,0.9158253875108794,0.9155920335111037,320.8917430729146,False
456.1,297.78624473479664,0.9173182337646194,0.9145863183575563,320.9468940480143,False
456.20000000000005,297.78624473479664,0.9112437793540975,0.9136472030897688,320.9928597905404,False
456.3,297.78624473479664,0.9124489819664499,0.9127741676942536,321.0309863919357,False
456.40000000000003,297.78624473479664,0.9111713595001941,0.9119658233235206,321.06243513946697,False
456.5,297.78624473479664,0.9101726947429828,0.9112201203499174,321.0882080125634,False
456.6,297.78624473479664,0.9086154287300289,0.9105345215859777,321.1091692356608,False
456.70000000000005,297.78624473479664,0.9119067517038475,0.9099061455274418,321.1260636453439,False
456.8,297.78624473479664,0.9105147518828378,0.9093318838910377,321.139532451081,False
456.90000000000003,297.78624473479664,0.9083449068530386,0.9088084971947586,321.150126837029,False
457.0,297.78624473479664,0.9113961015748265,0.9083326916591797,321.1583197546395,False
457.1,297.78624473479664,0.9049133108449465,0.9079011802896383,321.1645161829379,False
457.20000000000005,297.78624473479664,0.9071358458816147,0.9075107306263445,321.1690620787144,False
457.3,297.78624473479664,0.9052853161094729,0.9071582013184608,321.17225219757677,False
457.40000000000003,297.78624473479664,0.910194371216313,0.9068405693849495,321.1743369353235,False
457.5,297.78624473479664,0.9061956371867347,0.9065549497659243,321.17552831478366,False
457.6,297.78624473479664,0.9069220150552194,0.9062986085400624,321.1760052242634,False
457.70000000000005,297.78624473479664,0.9053617658750777,0.9060689709831917,321.17591799863186,False
457.8,297.78624473479664,0.9080620762130557,0.9058636254677108,321.1753924218849,False
457.90000000000003,297.78624473479664,0.906776262554532,0.9056803240493732,321.17453322000307,False
458.0,297.78624473479664,0.906489555626364,0.9055169804548133,321.17342710454665,False
458.1,297.78624473479664,0.9056859567039932,0.9053716660677877,321.17214542032445,False
458.20000000000005,297.78624473479664,0.9069611115491708,0.9052426044124567,321.17074644435354,False
458.3,297.78624473479664,0.9061550201680586,0.905128164546313,321.16927737799745,False
458.40000000000003,292.978292042709,0.9062695007135884,0.9050268537019005,321.1677760694835,False
458.5,292.978292042709,0.9453188770260841,0.9053043506846636,320.22937895731013,True
458.6,292.978292042709,0.9086189403940484,0.9061775306942924,319.42340170118115,False
458.70000000000005,292.978292042709,0.9096437621031848,0.9074612703698227,318.7388159572263,False
458.8,292.978292042709,0.910403811513972,0.9090144057088136,318.16256363812204,False
458.90000000000003,292.978292042709,0.9101689204213309,0.9107303343104688,317.68108019332,False
459.0,292.978292042709,0.9126176078434457,0.9125293624213509,317.2812516741432,False
459.1,292.978292042709,0.9122152457397945,0.9143526188209038,316.9509589328949,False
459.20000000000005,292.978292042709,0.9152020494905284,0.9161572788040677,316.67933928383354,False
459.3,292.978292042709,0.9219212581620614,0.9179128424875469,316.4568655713821,False
459.40000000000003,292.978292042709,0.9193724942653909,0.9195982440961326,316.2753144207422,False
459.5,292.978292042709,0.9201052877213153,0.9211996091357173,316.1276727437739,False
459.6,292.978292042709,0.9233053121402391,0.9227085143022423,316.0080146471544,False
459.70000000000005,292.978292042709,0.9238896415093054,0.9241206370554275,315.91136889495937,False
459.8,292.978292042709,0.9233211428131408,0.9254347075188354,315.83358889774263,False
459.90000000000003,292.978292042709,0.9276485697274712,0.9266516954374252,315.77123180238357,False
460.0,292.978292042709,0.9269249730178079,0.9277741803522571,315.72144980946456,False
460.1,292.978292042709,0.9289357810517014,0.9288058649376608,315.68189472380936,False
460.20000000000005,292.978292042709,0.9321453348528783,0.9297512004375166,315.6506355016494,False
460.3,292.978292042709,0.9311680250893966,0.9306151000099411,315.6260878837537,False
460.40000000000003,292.978292042709,0.9341085786299888,0.9314027210632301,315.6069548868274,False
460.5,292.978292042709,0.933215930865214,0.9321193017326268,315.59217682540975,False
460.6,292.978292042709,0.931455214148203,0.9327700398007301,315.58088956209986,False
460.70000000000005,292.978292042709,0.9318544746806354,0.9333600048228249,315.57238977699365,False
460.8,292.978292042709,0.9340867334147753,0.9338940761453012,315.5661061715339,False
460.90000000000003,292.978292042709,0.9323301574764146,0.9343769010228269,315.56157565576285,False
461.0,292.978292042709,0.9357347903483257,0.9348128682400532,315.55842369873216,False
461.1,292.978292042709,0.9382213154183905,0.9352060935961365,315.55634814293285,False
461.20000000000005,292.978292042709,0.9351417505684281,0.935560414368436,315.55510589202987,False
461.3,292.978292042709,0.9356574443757161,0.935879390476444,315.55450197608366,False
461.40000000000003,292.978292042709,0.9400030361425676,0.936166310550022,315.55438058017234,False
461.5,292.978292042709,0.9382100506199086,0.9364242014921453,315.55461769191174,False
461.6,292.978292042709,0.9378102733122161,0.9366558404350844,315.5551150821071,False
461.70000000000005,292.978292042709,0.9388108316221058,0.9368637682356543,315.55579538203415,False
461.8,292.978292042709,0.9374102900140413,0.9370503038520782,315.5565980619658,False
461.90000000000003,292.978292042709,0.9403733964787708,0.9372175591018864,315.5574761497548,False
462.0,292.978292042709,0.9392585183816953,0.9373674534249424,315.55839355663835,False
462.1,292.978292042709,0.9328127411275491,0.9375017283744174,315.5593229008986,False
462.20000000000005,292.978292042709,0.9391510017655602,0.9376219616364023,315.5602437393957,False
462.3,292.978292042709,0.9385536260985464,0.9377295804399265,315.5611411329888,False
462.40000000000003,292.978292042709,0.9348107913975197,0.9378258742667517,315.5620044850473,False
462.5,292.978292042709,0.9402029411880403,0.937912006807104,315.5628266031154,False
462.6,292.978292042709,0.937897395803424,0.9379890271356507,315.5636029427387,False
462.70000000000005,292.978292042709,0.9369559186661047,0.9380578801032774,315.5643309998192,False
462.8,292.978292042709,0.9339887288143962,0.9381194159559904,315.56500982391964,False
462.90000000000003,292.978292042709,0.9381478179141093,0.9381743992037002,315.56563962991635,False
463.0,292.978292042709,0.9382462726671669,0.938223516769661,315.56622148949174,False
463.1,292.978292042709,0.939522937636785,0.9382673854566911,315.5667570873201,False
463.20000000000005,302.80136962439377,0.9388082652379218,0.9383065587695806,315.5672485295645,False
463.3,302.80136962439377,0.9377767550590842,0.9378129897420223,317.4387279255659,False
463.40000000000003,302.80136962439377,0.9348340499319291,0.9363587380157276,319.00282900446774,False
463.5,302.80136962439377,0.9334736189572415,0.9340901122508257,320.33090457169635,False
463.6,302.80136962439377,0.9322708869365651,0.9311433001477353,321.47462707036175,False
463.70000000000005,302.80136962439377,0.9242802227146952,0.9276415156455466,322.471937474167,False
463.8,302.80136962439377,0.9226826613965035,0.9236941512738169,323.35108675016767,False
463.90000000000003,302.80136962439377,0.9193955171447746,0.9193970758587006,324.13340286448744,False
464.0,302.80136962439377,0.9147581578033103,0.9148335305760523,324.83520447668474,False
464.1,302.80136962439377,0.9114356973841787,0.9100752926765611,325.46913960293614,False
464.20000000000005,302.80136962439377,0.9088244102563138,0.905183915608941,326.04513326090023,False
464.3,302.80136962439377,0.8995803058169258,0.9002119404204125,326.5710664264348,False
464.40000000000003,302.80136962439377,0.8947400872677095,0.8952040249669628,327.05326828713197,False
464.5,302.80136962439377,0.8894178275342931,0.8901979676305385,327.49687727295026,False
464.6,302.80136962439377,0.880967715276064,0.885225619312717,327.90610880499815,False
464.70000000000005,302.80136962439377,0.8827298571947533,0.8803136867150038,328.2844559927057,False
464.8,302.80136962439377,0.8761599329905532,0.875484434547308,328.63484161254485,False
464.90000000000003,302.80136962439377,0.872173479110718,0.8707562962774312,328.95973432064034,False
465.0,302.80136962439377,0.866223155038016,0.8661444035124902,329.26123834651634,False
465.1,302.80136962439377,0.8633788178179327,0.8616610437798504,329.54116333713745,False
465.20000000000005,302.80136962439377,0.8568587674771806,0.8573160557554007,329.8010792079677,False
465.3,302.80136962439377,0.8545359428697056,0.8531171701038005,330.0423595707616,False
465.40000000000003,302.80136962439377,0.8478460484109115,0.849070303178955,330.26621638498375,False
465.5,302.80136962439377,0.8476231525077129,0.8451798099528736,330.473727811843,False
465.6,302.80136962439377,0.8391534762126601,0.8414487017311025,330.6658607621507,False
465.70000000000005,302.80136962439377,0.8392921744277763,0.8378788334864457,330.84348926990907,False
465.8,302.80136962439377,0.8350115007840337,0.834471065001637,331.0074095566949,False
465.90000000000003,302.80136962439377,0.8328930354092534,0.8312253994518605,331.15835245219324,False
466.0,302.80136962439377,0.8276304304363764,0.8281411025724372,331.2969936856888,False
466.1,302.80136962439377,0.8238258127456684,0.8252168051374446,331.42396244907235,False
466.20000000000005,302.80136962439377,0.8214003897644738,0.8224505911131833,331.53984854470474,False
466.3,302.80136962439377,0.8192983720484083,0.8198400735384167,331.64520836455347,False
466.40000000000003,302.80136962439377,0.8171173765138399,0.8173824599139985,331.740569895438,False
466.5,302.80136962439377,0.8131827625426281,0.815074608651518,331.82643690535104,False
466.6,302.80136962439377,0.8123254990853235,0.8129130779283447,331.9032924349358,False
466.70000000000005,302.80136962439377,0.8072087329687657,0.8108941681201697,331.97160169427167,False
466.8,292.0704977093074,0.8082478032534433,0.8090139588277304,332.03181444659043,False
466.90000000000003,292.0704977093074,0.8086229535959357,0.8089758775419525,329.8196956592301,False
467.0,292.0704977093074,0.8157850547215341,0.8118719008742913,327.64369678484036,False
467.1,292.0704977093074,0.8200245877089055,0.8168494145623554,325.60254516428773,False
467.20000000000005,292.0704977093074,0.8256530513151936,0.8231947016703882,323.757619086211,False
467.3,292.0704977093074,0.8318860769121827,0.8303503521896103,322.137216046592,False
467.40000000000003,292.0704977093074,0.8378424188870754,0.8379018295684049,320.7451456616901,False
467.5,292.0704977093074,0.8421741576229231,0.8455519408451171,319.56952346756054,False
467.6,292.0704977093074,0.8524296311869618,0.8530941961834567,318.58987274328746,False
467.70000000000005,292.0704977093074,0.859571781775926,0.86038977512017,317.782125955789,False
467.8,292.0704977093074,0.8658950582372251,0.8673492866794874,317.1218020144193,False
467.90000000000003,300.4991412134793,0.8757233670554274,0.8739189666463382,316.5858285196934,False
468.0,300.4991412134793,0.8791250854767778,0.8796241411975768,317.7574330953821,False
468.1,300.4991412134793,0.8825698989921756,0.8841346586085981,318.74048420851847,False
468.20000000000005,300.4991412134793,0.8843439361936551,0.8876201004213436,319.5745663670002,False
468.3,300.4991412134793,0.892992604446341,0.8902316899824517,320.289160384899,False
468.40000000000003,300.4991412134793,0.8940587026828646,0.8921030216822338,320.9065205756635,False
468.5,300.4991412134793,0.8932648495764444,0.8933513233102824,321.44367382052184,False
468.6,300.4991412134793,0.8949516750920262,0.8940789432965438,321.91382236311426,False
468.70000000000005,300.4991412134793,0.8941764366254021,0.8943748829275578,322.3273386344386,False
468.8,300.4991412134793,0.895809096598058,0.8943162746210576,322.69247834669267,False
468.90000000000003,300.4991412134793,0.8946452722169058,0.8939697566192247,323.0158970440898,False
469.0,300.4991412134793,0.8925274691090693,0.8933927234863717,323.3030280861332,False
469.1,300.4991412134793,0.8914198152877972,0.8926344482771124,323.5583618986709,False
469.20000000000005,300.4991412134793,0.8892153012472916,0.8917370811214385,323.78565414347867,False
469.3,300.4991412134793,0.8900603423307335,0.8907365333419804,323.98808220052837,False
469.40000000000003,300.4991412134793,0.8919677430400412,0.8896632579710224,324.1683637088996,False
469.5,300.4991412134793,0.8850046644199971,0.8885429378203543,324.3288470101942,False
469.6,300.4991412134793,0.888328538617287,0.8873970917561351,324.4715806155611,False
469.70000000000005,300.4991412134793,0.8871615192392318,0.88624360895779,324.59836689823527,False
469.8,300.4991412134793,0.8838810132193287,0.885097219920497,324.7108038471974,False
469.90000000000003,300.4991412134793,0.8808202282059654,0.8839699119287183,324.8103177351093,False
470.0,300.4991412134793,0.881662777200346,0.8828712957534645,324.8981888401861,False
470.1,300.4991412134793,0.880610728650207,0.8818089294407737,324.975571838424,False
470.20000000000005,300.4991412134793,0.881922271175695,0.8807886042754014,325.04351209518006,False
470.3,300.4991412134793,0.8808178981001648,0.8798145973220043,325.10295879554576,False
470.40000000000003,300.4991412134793,0.8783316138587677,0.8788898943599213,325.15477563462156,False
470.5,300.4991412134793,0.8791884038170718,0.8780163865276386,325.19974962278894,False
470.6,300.4991412134793,0.8755589474083698,0.877195043568763,325.23859843390477,False
470.70000000000005,300.4991412134793,0.8765059586846776,0.8764260662123443,325.27197662629675,False
470.8,300.4991412134793,0.8922620702300194,0.8757090199168642,325.3004809904534,True
470.90000000000003,300.4991412134793,0.8744030373077729,0.8750429519502295,325.3246552181999,False
471.0,300.4991412134793,0.8742747995884056,0.8744264935598142,325.3449940420876,False
471.1,300.4991412134793,0.8711562787774895,0.8738579488002052,325.3619469578179,False
471.20000000000005,300.4991412134793,0.8729593518426811,0.873335371426065,325.37592161458133,False
471.3,300.4991412134793,0.8738223832437624,0.8728566311186214,325.3872869365414,False
471.40000000000003,300.4991412134793,0.8714702309843474,0.8724194701927727,325.39637602201594,False
471.5,300.4991412134793,0.8749408703889788,0.872021551824447,325.4034888541813,False
471.6,300.4991412134793,0.8729676490710294,0.8716605007420908,325.4088948475251,False
471.70000000000005,300.4991412134793,0.8714921751167258,0.8713339372399589,325.4128352471453,False
471.8,298.48857031153045,0.8729384674341973,0.8710395052926425,325.4155253928089,False
471.90000000000003,298.48857031153045,0.8734526707183391,0.8709869811090883,325.013902548791,False
472.0,298.48857031153045,0.873821395668179,0.871323508022198,324.6466433099112,False
472.1,298.48857031153045,0.8699918899413753,0.8719631559028435,324.3138410794741,False
472.20000000000005,298.48857031153045,0.871442582121572,0.8728328519522336,324.0146792210828,False
472.3,298.48857031153045,0.8739217948298214,0.8738711177033824,323.7476812046095,False
472.40000000000003,298.48857031153045,0.8735639661995188,0.8750267690633425,323.51092369989345,False
472.5,298.48857031153045,0.8801977217349688,0.8762576455335407,323.30221069412346,False
472.6,298.48857031153045,0.8737760596983487,0.8775294110272812,323.11921050432846,False
472.70000000000005,298.48857031153045,0.879220198531866,0.8788144506870501,322.95955969159246,False
472.8,298.48857031153045,0.8771527825290798,0.8800908751401347,322.82093881931195,False
472.90000000000003,298.48857031153045,0.8791813749613386,0.8813416347846879,322.7011251419253,False
473.0,298.48857031153045,0.8851431363767247,0.8825537409903839,322.5980269839278,False
473.1,298.48857031153045,0.8834860154356727,0.8837175876741518,322.50970400156774,False
473.20000000000005,298.48857031153045,0.8850690683051963,0.88482636488557,322.43437686400983,False
473.3,298.48857031153045,0.8868228983477016,0.885875555285122,322.3704292402471,False
473.40000000000003,298.48857031153045,0.8859199978521802,0.8868625043401451,322.31640438380225,False
473.5,298.48857031153045,0.8889745607116786,0.8877860554288968,322.27099809251416,False
473.6,298.48857031153045,0.8898623544080287,0.8886462416484587,322.23304939134954,False
473.70000000000005,298.48857031153045,0.8894642089572576,0.8894440268446737,322.20152993823933,False
473.8,298.48857031153045,0.8894615515269872,0.8901810891429806,322.17553287749735,False
473.90000000000003,298.48857031153045,0.8912893263262123,0.8908596410090163,322.1542616516447,False
474.0,298.48857031153045,0.8933994626481627,0.8914822805785888,322.1370191195826,False
474.1,298.48857031153045,0.8917425082224081,0.8920518696529004,322.12319720705324,False
474.20000000000005,298.48857031153045,0.8924130755300803,0.8925714343501655,322.1122672255321,False
474.3,298.48857031153045,0.8903900523125579,0.8930440849378383,322.1037709308487,False
474.40000000000003,298.48857031153045,0.8952287040685496,0.8934729518426006,322.09731234701917,False
474.5,298.48857031153045,0.8926129881230048,0.893861135251911,322.09255034928367,False
474.6,298.48857031153045,0.896069817718694,0.8942116660860143,322.0891919794792,False
474.70000000000005,298.48857031153045,0.8955806149776081,0.8945274764378881,322.0869864537846,False
474.8,298.48857031153045,0.8973588506404772,0.8948113778556966,322.0857198153854,False
474.90000000000003,298.48857031153045,0.8959237972263832,0.8950660460825882,322.08521018106654,False
475.0,298.48857031153045,0.8935304841529172,0.8952940110766121,322.0853035299437,False
475.1,298.48857031153045,0.9001960402080793,0.8954976513130619,322.0858699835781,False
475.20000000000005,298.48857031153045,0.8981715889030709,0.8956791915262808,322.0868005289379,False
475.3,298.48857031153045,0.8958826231860152,0.8958407031810843,322.08800413859734,False
475.40000000000003,298.48857031153045,0.9307596642779922,0.8959841070782668,322.0894052458705,True
475.5,298.48857031153045,0.8940084152032618,0.8961111775966538,322.0909415360314,False
475.6,298.48857031153045,0.8993416213022747,0.8962235481579999,322.0925620182189,False
475.70000000000005,298.48857031153045,0.8958746966549792,0.8963227175726157,322.09422534596297,False
475.8,298.48857031153045,0.8970934306585563,0.8964100569845921,322.0958983574301,False
475.90000000000003,298.48857031153045,0.8982084101102491,0.896486817187316,322.09755480944574,False
476.0,298.48857031153045,0.8971979561648968,0.8965541361238962,322.09917428207734,False
476.1,298.48857031153045,0.8977016603940582,0.8966130464242302,322.1007412330647,False
476.20000000000005,298.48857031153045,0.8964292836540908,0.896664482861697,322.1022441836585,False
476.3,298.48857031153045,0.8981756739892419,0.89670928963867,322.1036750194868,False
476.40000000000003,298.48857031153045,0.8988249047757645,0.8967482274319395,322.10502839192725,False
476.5,295.51649799910933,0.8966094918730322,0.8967819801473143,322.10630120713034,False
476.6,295.51649799910933,0.8977697624385466,0.8970564194594666,321.52474569016454,False
476.70000000000005,295.51649799910933,0.8970696011324161,0.897728980081701,321.01790949500514,False
476.8,295.51649799910933,0.8992502333728585,0.8986875194726451,320.5799178660289,False
476.90000000000003,295.51649799910933,0.9025577389520384,0.8998428538793424,320.20414128184547,False
477.0,295.51649799910933,0.9019070440359936,0.9011247488989848,319.8837407939535,False
477.1,295.51649799910933,0.9017770762166387,0.9024784625900867,319.6120357735784,False
477.20000000000005,295.51649799910933,0.9037647043625998,0.9038618264624018,319.3827342930096,False
477.3,295.51649799910933,0.9031271902369518,0.9052428147206993,319.19006246330713,False
477.40000000000003,295.51649799910933,0.9060860314624186,0.906597539088448,319.02882270788746,False
477.5,295.51649799910933,0.9104989148097578,0.9079086053987088,318.8944042913193,False
477.6,295.51649799910933,0.9123071923619406,0.9091637728907801,318.7827634593461,False
477.70000000000005,295.51649799910933,0.906900612250397,0.9103548642560705,318.6903856428303,False
477.8,295.51649799910933,0.9129399708170461,0.9114768820754091,318.614238362264,False
477.90000000000003,295.51649799910933,0.9129770755628377,0.9125272944595682,318.5517206147992,False
478.0,295.51649799910933,0.9101401823938207,0.9135054590596435,318.5006124562645,False
478.1,295.51649799910933,0.9152743957873904,0.9144121600519095,318.4590270309302,False
478.20000000000005,295.51649799910933,0.9160284057510991,0.9152492372592883,318.4253662989822,False
478.3,295.51649799910933,0.9173306945504992,0.9160192903442164,318.39828104189195,False
478.40000000000003,295.51649799910933,0.9142229542479001,0.9167254441084028,318.3766352932584,False
478.5,295.51649799910933,0.9164188802983823,0.9173711634738508,318.3594750754446,False
478.6,295.51649799910933,0.9188366003149666,0.9179601087950029,318.3460011679511,False
478.70000000000005,295.51649799910933,0.9153030481708893,0.918496023848185,318.33554555438457,False
478.8,295.51649799910933,0.9219712533465217,0.9189826502317544,318.32755116464824,False
478.90000000000003,295.51649799910933,0.9201451268917707,0.9194236630460269,318.32155452931227,False
479.0,295.51649799910933,0.9188950701933504,0.9198226236529441,318.3171709815872,False
479.1,295.51649799910933,0.9228821707279123,0.9201829460794166,318.3140820706347,False
479.20000000000005,295.51649799910933,0.9229310063159917,0.9205078742559913,318.312024882707,False
479.3,295.51649799910933,0.9200532334407504,0.9208004677986996,318.3107830004073,False
479.40000000000003,295.51649799910933,0.9192097367433336,0.9210635944667384,318.31017886313856,False
479.5,295.51649799910933,0.9228740559535351,0.9212999277783378,318.3100673224061,False
479.6,295.51649799910933,0.926973216794287,0.921511948555044,318.3103302134751,False
479.70000000000005,295.51649799910933,0.9222107189213546,0.9217019494015536,318.3108717897612,False
479.8,295.51649799910933,0.9211675953623499,0.9218720413230581,318.3116148882756,False
479.90000000000003,295.51649799910933,0.9198110176229851,0.9220241618421062,318.31249771361195,False
480.0,295.51649799910933,0.9069835777280729,0.9221600841082699,318.3134711445857,True
480.1,295.51649799910933,0.919760636787723,0.9222814266013778,318.3144964819671,False
480.20000000000005,295.51649799910933,0.9236585080611989,0.9223896631168628,318.31554356805424,False
480.3,295.51649799910933,0.9235310063470651,0.9224861327932552,318.31658921936463,False
480.40000000000003,295.51649799910933,0.9230775522057383,0.9225720499998659,318.3176159227077,False
480.5,295.51649799910933,0.9221437766541424,0.9226485139495842,318.31861075255665,False
480.6,295.51649799910933,0.9268950427723582,0.9227165179394142,318.3195644741466,False
480.70000000000005,295.51649799910933,0.9229369625921203,0.9227769581515026,318.32047080225425,False
480.8,295.51649799910933,0.9265194609659592,0.9228306419713233,318.32132579030286,False
480.90000000000003,295.51649799910933,0.9241270554028286,0.9228782957984943,318.32212732841265,False
481.0,295.51649799910933,0.9256705696313126,0.9229205723403392,318.3228747323835,False
481.1,295.51649799910933,0.9220539124340298,0.9229580573895401,318.32356840844716,False
481.20000000000005,295.51649799910933,0.9240376147858748,0.9229912760957065,318.3242095810365,False
481.3,295.51649799910933,0.9231473293381899,0.9230206987469265,318.32480007285943,False
481.40000000000003,295.51649799910933,0.9226601165426485,0.9230467460818127,318.32534212828625,False
481.5,295.51649799910933,0.9206648763054521,0.9230697941555797,318.3258382725144,False
481.6,295.51649799910933,0.9233305259847061,0.9230901787855634,318.32629120020187,False
481.70000000000005,295.51649799910933,0.9275753448239804,0.923108199602592,318.32670368829685,False
481.8,295.51649799910933,0.9267623437175964,0.9231241237349124,318.32707852866054,False
481.90000000000003,295.51649799910933,0.9228865118116578,0.9231381891511536,318.327418476819,False
482.0,295.51649799910933,0.9270583076890696,0.923150607688184,318.32772621379274,False
482.1,295.51649799910933,0.923552577577682,0.9231615677888035,318.32800431847636,False
482.20000000000005,295.51649799910933,0.9215830626411186,0.9231712369731044,318.3282552484729,False
482.3,295.51649799910933,0.9230795723824194,0.9231797640660763,318.3284813276545,False
482.40000000000003,299.3977929730856,0.9242250234865137,0.9231872812027035,318.328684739027,False
482.5,299.3977929730856,0.9244838975030747,0.9229434022631954,319.076275388032,False
482.6,299.3977929730856,0.922685761190234,0.922266827880812,319.71106324625345,False
482.70000000000005,299.3977929730856,0.9213257869960957,0.921250482185297,320.25327991823184,False
482.8,299.3977929730856,0.9212391969107652,0.9199738736065917,320.718640758136,False
482.90000000000003,299.3977929730856,0.9187817828471051,0.9185044658044311,321.1195276131154,False
483.0,299.3977929730856,0.9148914356292732,0.9168990550442863,321.46583141632317,False
483.1,299.3977929730856,0.9149604775404586,0.9152050797665805,321.7655588924235,False
483.20000000000005,299.3977929730856,0.9134899741892721,0.9134618268278143,322.02527397273855,False
483.3,299.3977929730856,0.9108194491649783,0.9117015212469052,322.25042218321306,False
483.40000000000003,299.3977929730856,0.9108634343689582,0.909950298704487,322.44557134239875,False
483.5,299.3977929730856,0.9085375340667232,0.9082290665190824,322.61459184060465,False
483.6,299.3977929730856,0.9052865369291495,0.9065542618413789,322.7607929151369,False
483.70000000000005,299.3977929730856,0.9075260151598954,0.9049385168666763,322.88702661741723,False
483.8,299.3977929730856,0.8803502586788562,0.903391240857427,322.9957678845812,True
483.90000000000003,299.3977929730856,0.9024253167856939,0.9019191282193153,323.08917681945474,False
484.0,299.3977929730856,0.9003087799803465,0.9005266010884027,323.16914764230046,False
484.1,299.3977929730856,0.8977486803585706,0.8992161940323588,323.23734760029566,False
484.20000000000005,299.3977929730856,0.8991099593893573,0.8979888876350074,323.2952482676999,False
484.3,299.3977929730856,0.8973400492534982,0.8968443969631322,323.34415104642665,False
484.40000000000003,299.3977929730856,0.8972522096231029,0.8957814202240426,323.3852082179742,False
484.5,299.3977929730856,0.8986317048889888,0.8947978523136615,323.41944055788167,False
484.6,299.3977929730856,0.9256356125626317,0.8938909674224612,323.44775227098813,True
484.70000000000005,299.3977929730856,0.892661270351323,0.8930575744018877,323.4709438169198,False
484.8,299.3977929730856,0.8865709159249032,0.8922941481876504,323.4897230539367,False
484.90000000000003,299.3977929730856,0.8926728396510422,0.8915969402195177,323.50471502350626,False
485.0,299.3977929730856,0.8896507370995309,0.8909620704822024,323.5164706188917,False
485.1,299.3977929730856,0.8889032908833595,0.8903856035118997,323.5254743220414,False
485.20000000000005,299.3977929730856,0.8887323909084404,0.8898636104626358,323.532151149208,False
485.3,299.3977929730856,0.8903091044117779,0.8893922191014526,323.53687291325707,False
485.40000000000003,299.3977929730856,0.8884305769677429,0.8889676533981858,323.5399638867228,False
485.5,299.3977929730856,0.8880833682190569,0.8885862641914365,323.54170593214866,False
485.6,299.3977929730856,0.8876319892554726,0.8882445522453118,323.5423431534912,False
485.70000000000005,299.3977929730856,0.887884801117998,0.8879391848598052,323.54208611308667,False
485.8,299.3977929730856,0.8870321164264211,0.8876670070600206,323.54111565195547,False
485.90000000000003,299.3977929730856,0.8859891165631258,0.8874250482646805,323.53958634631573,False
486.0,299.3977929730856,0.8850701787786616,0.8872105252215,323.5376296295719,False
486.1,299.3977929730856,0.8889069489092659,0.8870208418952094,323.5353566063364,False
486.20000000000005,299.3977929730856,0.862525375033102,0.886853586902467,323.5328605829468,True
486.3,299.3977929730856,0.8866330445791201,0.8867065290058758,323.53021933724847,False
486.40000000000003,299.3977929730856,0.8852568001655574,0.8865776111060892,323.52749714898397,False
486.5,299.3977929730856,0.8899028922465332,0.8864649431058966,323.52474661086,False
486.6,299.3977929730856,0.8855593393962025,0.8863667939625401,323.52201023919065,False
486.70000000000005,299.3977929730856,0.8876233501824103,0.8862815831937219,323.5193219018998,False
486.8,299.3977929730856,0.8838059683100531,0.8862078720581902,323.5167080805808,False
486.90000000000003,299.3977929730856,0.8883039006601008,0.8861443545928802,323.51418898225137,False
487.0,299.3977929730856,0.8874839542154082,0.8860898486547736,323.5117795153945,False
487.1,299.3977929730856,0.8842879233264863,0.8860432870864196,323.50949014385253,False
487.20000000000005,299.3977929730856,0.8861700605382663,0.8860037090989418,323.50732763113706,False
487.3,299.3977929730856,0.8839173670465541,0.8859702519448931,323.5052956867432,False
487.40000000000003,294.14618138302484,0.8853059446522188,0.8859421429350953,323.50339552511343,False
487.5,294.14618138302484,0.8838280082577793,0.8863926919937609,322.4639940860591,False
487.6,294.14618138302484,0.8879933118103381,0.8876124217023522,321.5480532490424,False
487.70000000000005,294.14618138302484,0.8913988848199932,0.8893702869897335,320.75248344110054,False
487.8,294.14618138302484,0.8901823780378223,0.8914861349842842,320.0695645672647,False
487.90000000000003,294.14618138302484,0.893043065513473,0.8938215084138713,319.4890016247531,False
488.0,294.14618138302484,0.8968969372123433,0.896271411836131,318.99941509496483,False
488.1,294.14618138302484,0.895194529125955,0.8987573358318652,318.5893444980601,False
488.20000000000005,294.14618138302484,0.9014690317275273,0.9012215368946169,318.247873002371,False
488.3,294.14618138302484,0.9026740382888049,0.9036224384475886,317.96497701118125,False
488.40000000000003,294.14618138302484,0.905987714926638,0.9059309766212391,317.7316871434863,False
488.5,294.14618138302484,0.9026615215656769,0.9081277167984245,317.540126682001,False
488.6,294.14618138302484,0.9080478327806312,0.9102005874570472,317.3834752003095,False
488.70000000000005,294.14618138302484,0.9114725596251058,0.91214310336761,317.2558903143834,False
488.8,294.14618138302484,0.9154674359045735,0.9139529747218299,317.1524094076572,False
488.90000000000003,294.14618138302484,0.912973547773354,0.9156310199966263,317.06884521961103,False
489.0,294.14618138302484,0.9492712181202655,0.9171803178015467,317.00168368023833,True
489.1,294.14618138302484,0.9179563940900508,0.9186055468910653,316.9479886795872,False
489.20000000000005,294.14618138302484,0.9188625704923401,0.9199124744835271,316.90531606123756,False
489.3,298.6246309401759,0.9215695688135351,0.9211075615857102,316.8716376228934,False
489.40000000000003,298.6246309401759,0.9203817695403127,0.9219417268897457,317.7012017317031,False
489.5,298.6246309401759,0.922340604636299,0.9222388697168379,318.39648338896694,False
489.6,298.6246309401759,0.9200252846520591,0.9221036427551577,318.9830865075485,False
489.70000000000005,298.6246309401759,0.921705133293554,0.9216260860340975,319.4806859262661,False
489.8,298.6246309401759,0.9226542853054954,0.9208829467422399,319.9046167194618,False
489.90000000000003,298.6246309401759,0.9187305412413891,0.9199391070646098,320.2669971008393,False
490.0,298.6246309401759,0.9178271496848956,0.9188489955593242,320.5775303722443,False
490.1,298.6246309401759,0.9204300699530136,0.9176579165501905,320.84408384829834,False
490.20000000000005,298.6246309401759,0.9146648642009794,0.9164032670665896,321.0731112387435,False
490.3,298.6246309401759,0.9129393953465168,0.9151156310526534,321.26996404850064,False
490.40000000000003,298.6246309401759,0.9105538689210043,0.9138197517243948,321.4391235301941,False
490.5,298.6246309401759,0.9107963932742369,0.9125353887453154,321.5843752367626,False
490.6,298.6246309401759,0.9109965209492034,0.9112780695567245,321.70894174053393,False
490.70000000000005,298.6246309401759,0.9090853454594331,0.9100597450892458,321.81558461180947,False
490.8,298.6246309401759,0.9450350793068198,0.9088893600125334,321.90668363100707,True
490.90000000000003,298.6246309401759,0.9060844397291701,0.9077733471204189,321.9842990118244,False
491.0,298.6246309401759,0.9047752157215646,0.9067160546711349,322.0502208512257,False
491.1,298.6246309401759,0.9054237802113527,0.9057201146581518,322.10600890200345,False
491.20000000000005,298.6246309401759,0.9070635271723043,0.904786759156662,322.15302495395474,False
491.3,298.6246309401759,0.9029635915519609,0.9039160911128373,322.19245952026483,False
491.40000000000003,298.6246309401759,0.9033764835431107,0.9031073152334045,322.22535409405026,False
491.5,298.6246309401759,0.9026854350860992,0.9023589339950301,322.2526199223997,False
491.6,298.6246309401759,0.9007553246293132,0.9016689132233581,322.2750540106538,False
491.70000000000005,298.6246309401759,0.9008851002401043,0.9010348211843956,322.2933528958966,False
491.8,298.6246309401759,0.8980471077461174,0.9004539446795886,322.3081245996592,False
491.90000000000003,298.6246309401759,0.8948091200952796,0.8999233852338213,322.31989907398076,False
492.0,298.6246309401759,0.8985000203220083,0.8994401381067978,322.3291373836573,False
492.1,298.6246309401759,0.9007048568598469,0.8990011565376748,322.33623981439956,False
492.20000000000005,298.6246309401759,0.8984414620229216,0.8986034033460242,322.3415530570163,False
492.3,298.6246309401759,0.8961019644125302,0.8982438917554975,322.3453765881431,False
492.40000000000003,298.6246309401759,0.8973051123752637,0.8979197170768077,322.34796834583597,False
492.5,298.6246309401759,0.9001448602255343,0.8976280806810987,322.3495497816062,False
492.6,298.6246309401759,0.895343833256757,0.8973663075111777,322.35031035773505,False
492.70000000000005,298.6246309401759,0.8972060698048617,0.8971318582143254,322.3504115489099,False
492.8,298.6246309401759,0.8970600437556234,0.8969223368346614,322.34999039956676,False
492.90000000000003,298.6246309401759,0.8984813687346066,0.8967354948736872,322.34916268223253,False
493.0,298.6246309401759,0.895240269867316,0.8965692324131164,322.3480256972075,False
493.1,298.6246309401759,0.89872127929019,0.8964215968930589,322.3466607498073,False
493.20000000000005,298.6246309401759,0.8953344010455162,0.8962907800497508,322.3451353378768,False
493.3,298.6246309401759,0.8975616082251429,0.8961751134391216,322.3435050792359,False
493.40000000000003,298.6246309401759,0.8981486922025083,0.8960730629044601,322.34181540601577,False
493.5,298.6246309401759,0.8993874971796622,0.8959832222872571,322.3401030504089,False
493.6,302.5866540243682,0.8994135665587105,0.8959043066290104,322.3383973441465,False
493.70000000000005,302.5866540243682,0.8935234972530994,0.8954895816076255,323.11725181046256,False
493.8,302.5866540243682,0.8973412592969552,0.8944686740493321,323.81089319042036,False
493.90000000000003,302.5866540243682,0.8898920696380002,0.8929443025622648,324.43348074872176,False
494.0,302.5866540243682,0.8899419869352998,0.8910061709878999,324.99602001998323,False
494.1,302.5866540243682,0.8892620316478246,0.8887323885371757,325.50716697947377,False
494.20000000000005,302.5866540243682,0.88354418718176,0.8861908114724026,325.97380778605503,False
494.3,302.5866540243682,0.8835634470345306,0.8834402727509936,326.4014814719901,False
494.40000000000003,302.5866540243682,0.8815144447795433,0.8805316880257824,326.794691514919,False
494.5,302.5866540243682,0.8792463577013644,0.8775090385902854,327.15713793207976,False
494.6,302.5866540243682,0.8740617757744814,0.8744102382230613,327.49189191931,False
494.70000000000005,302.5866540243682,0.8737570858278384,0.8712678938330668,327.8015285243681,False
494.8,302.5866540243682,0.8682073115540643,0.8681099708062245,328.08822836154167,False
494.90000000000003,302.5866540243682,0.8666359693225195,0.8649603738777867,328.3538562675707,False
495.0,302.5866540243682,0.8638612221622131,0.8618394537232444,328.60002262380146,False
495.1,302.5866540243682,0.8624648890736619,0.8587644485743751,328.8281315317304,False
495.20000000000005,302.5866540243682,0.855546948190129,0.8557498691981804,329.0394189315515,False
495.3,302.5866540243682,0.8539367245035242,0.852807834619004,329.23498296276404,False
495.40000000000003,302.5866540243682,0.8497580774548932,0.8499483650662283,329.41580829144516,False
495.5,302.5866540243682,0.8468216313936602,0.8471796378132102,329.58278570787934,False
495.6,302.5866540243682,0.8428310140396489,0.8445082108439165,329.7367279873837,False
495.70000000000005,302.5866540243682,0.8439362355813799,0.8419392186402299,329.87838277589486,False
495.8,302.5866540243682,0.8375828174751277,0.8394765438190868,330.00844308863196,False
495.90000000000003,302.5866540243682,0.8346895596858758,0.8371229678566421,330.12755587954274,False
496.0,302.5866540243682,0.8345534693953405,0.8348803037082458,330.23632904020843,False
496.1,302.5866540243682,0.8316510723279811,0.8327495127601396,330.33533711140893,False
496.20000000000005,302.5866540243682,0.8353018381501474,0.8307308082240821,330.42512593275313,False
496.3,302.5866540243682,0.8293452479279642,0.8288237468030202,330.506216411337,False
496.40000000000003,302.5866540243682,0.8314380855431517,0.8270273102087307,330.5791075560826,False
496.5,302.5866540243682,0.8225212594773251,0.8253399778961437,330.64427889781894,False
496.6,302.5866540243682,0.8223275944612104,0.8237597921896695,330.70219239446976,False
496.70000000000005,302.5866540243682,0.824995558874329,0.8222844168107674,330.75329390452623,False
496.8,302.5866540243682,0.8196462436449252,0.8209111896702775,330.7980142992377,False
496.90000000000003,302.5866540243682,0.818284473026151,0.8196371706612494,330.8367702738354,False
497.0,302.5866540243682,0.8195211380861351,0.8184591850760589,330.86996490997575,False
497.1,302.5866540243682,0.8159718377355033,0.8173738631738349,330.8979880349653,False
497.20000000000005,302.5866540243682,0.8149706429337474,0.8163776763391204,330.92121641782336,False
497.3,302.5866540243682,0.8170138837642577,0.8154669701990462,330.94001383756586,False
497.40000000000003,302.5866540243682,0.8140699763678761,0.8146379950030141,330.95473105503197,False
497.5,297.49970106024483,0.8141639850425204,0.8138869335149771,330.9657057159524,False
497.6,297.49970106024483,0.8162729420597293,0.8139796340041746,329.90740466043735,False
497.70000000000005,297.49970106024483,0.8179695148693313,0.8154779197225125,328.8636358067496,False
497.8,297.49970106024483,0.8198019088095831,0.8180849474399194,327.86139891348836,False
497.90000000000003,297.49970106024483,0.8255202204903906,0.821530464742239,326.9207876338651,False
498.0,297.49970106024483,0.8248510379898103,0.825577831069235,326.055033966686,False
498.1,297.49970106024483,0.8281826066876677,0.8300264678798506,325.2712766915698,False
498.20000000000005,297.49970106024483,0.8383495975844387,0.834711020791285,324.57169992238363,False
498.3,297.49970106024483,0.8402584379698197,0.8394985043446608,323.95476238101486,False
498.40000000000003,297.49970106024483,0.8437565507898649,0.84428444574666,323.4163380243719,False
498.5,297.49970106024483,0.8447272328725757,0.8489887317585697,322.950677185188,False
498.6,297.49970106024483,0.8556760142912797,0.8535515896321426,322.5511604374364,False
498.70000000000005,297.49970106024483,0.8596299815927838,0.8579299307282842,322.21085511438054,False
498.8,297.49970106024483,0.8606499098897866,0.862094151903982,321.92290275434056,False
498.90000000000003,300.18507227210915,0.8668215746531788,0.8660254097389368,321.6807715332196,False
499.0,300.18507227210915,0.8713595769410023,0.8695025186062898,322.00284551950125,False
499.1,300.18507227210915,0.8697048668498747,0.8723726991643104,322.29137201373095,False
499.20000000000005,300.18507227210915,0.8762259431682363,0.8747182718608276,322.5506355335344,False
499.3,300.18507227210915,0.8770593593293387,0.8766117256213264,322.7841582115124,False
499.40000000000003,300.18507227210915,0.8763060375860088,0.8781168264058155,322.9948699163068,False
499.5,300.18507227210915,0.8784909463838592,0.8792896027842408,323.1852364335716,False
499.6,300.18507227210915,0.8793573386804422,0.8801792209144584,323.3573567289979,False
499.70000000000005,300.18507227210915,0.8794419614103838,0.8808287609575097,323.5130372293736,False
499.8,300.18507227210915,0.8805751410039093,0.8812759061345863,323.6538488886347,False
499.90000000000003,300.18507227210915,0.8777738837552391,0.881553554591588,323.781171267458,False
500.0,300.18507227210915,0.8813304146222837,0.8816903631466064,323.8962267539067,False
500.1,300.18507227210915,0.8853286775641303,0.8817112309385479,324.0001072575467,False
500.20000000000005,296.2687340496297,0.8823276785089237,0.8816377300149206,324.0937951301848,False
500.3,296.2687340496297,0.8804691062177279,0.8818619560231502,323.4004537301043,False
500.40000000000003,296.2687340496297,0.8836016481389046,0.882647970822485,322.78159004124035,False
500.5,296.2687340496297,0.885160176571924,0.8838465296801448,322.23546026306957,False
500.6,296.2687340496297,0.8863314612389518,0.8853364991372099,321.7581582129013,False
500.70000000000005,296.2687340496297,0.8891977719288476,0.8870208063968801,321.34445153176824,False
500.8,296.2687340496297,0.8868292961684674,0.8888226080079114,320.9884261089338,False
500.90000000000003,296.2687340496297,0.8927143264538644,0.8906818422161109,320.68395506296946,False
501.0,296.2687340496297,0.8901912592356295,0.8925522247821097,320.42502095979376,False
501.1,296.2687340496297,0.8947274833668651,0.8943986871007142,320.20592268204877,False
501.20000000000005,296.2687340496297,0.8930038638460924,0.8961952236630538,320.0213959765347,False
501.3,296.2687340496297,0.898432079448518,0.89792310221596,319.86667213115135,False
501.40000000000003,296.2687340496297,0.8961247370480234,0.8995693866682167,319.7374941709521,False
501.5,296.2687340496297,0.9015032293302664,0.9011257249765843,319.6301052795926,False
501.6,296.2687340496297,0.9083045548911882,0.9025873589597884,319.5412202027647,False
501.70000000000005,296.2687340496297,0.9004084284984794,0.9039523185600794,319.46798724777284,False
501.8,296.2687340496297,0.9054353036613892,0.9052207686118874,319.4079460943746,False
501.90000000000003,296.2687340496297,0.9068029567447035,0.906394481261774,319.3589848584068,False
502.0,296.2687340496297,0.9073855451918951,0.907476411649751,319.31929857379436,False
502.1,296.2687340496297,0.9096810115696953,0.908470358283367,319.2873503636356,False
502.20000000000005,296.2687340496297,0.9065869891498527,0.909380692754092,319.2618359594714,False
502.3,296.2687340496297,0.913427940509478,0.910212146129416,319.24165182196896,False
502.40000000000003,296.2687340496297,0.9119773119150473,0.9109696415795525,319.22586685662054,False
502.5,296.2687340496297,0.9130401789668832,0.9116581646371349,319.213697560328,False
502.6,296.2687340496297,0.9121333666448624,0.9122826640064591,319.2044863465377,False
502.70000000000005,296.2687340496297,0.9145096437240682,0.9128479770912395,319.19768275470284,False
502.8,292.69185048300466,0.910633858288611,0.9133587754432266,319.1928272379203,False
502.90000000000003,292.69185048300466,0.9158846415350077,0.9140552070425916,318.49983496331737,False
503.0,292.69185048300466,0.9138739415026816,0.9150817990616044,317.9164942570886,False
503.1,292.69185048300466,0.9170405646825818,0.9163251090102333,317.42908873463796,False
503.20000000000005,292.69185048300466,0.919141921476712,0.9176995713182171,317.0243333464581,False
503.3,292.69185048300466,0.9205834356526803,0.9191412241936225,316.68994154859604,False
503.40000000000003,292.69185048300466,0.9223556995828198,0.9206027904009384,316.4148989239523,False
503.5,292.69185048300466,0.9229261084373445,0.9220498460045641,316.18954726528045,False
503.6,292.69185048300466,0.9207967948386503,0.9234578452249746,316.0055537390067,False
503.70000000000005,292.69185048300466,0.9269659600268402,0.9248098117701928,315.85581607931096,False
503.8,292.69185048300466,0.9267407449814267,0.9260945466158154,315.73433713351136,False
503.90000000000003,292.69185048300466,0.9278883425171298,0.9273052356223946,315.6360896108061,False
504.0,292.69185048300466,0.9256725175499013,0.9284383670976111,315.55688339802816,False
504.1,292.69185048300466,0.9294314854398787,0.9294928901934636,315.4932422156318,False
504.20000000000005,292.69185048300466,0.9314513170068854,0.9304695609663471,315.442292823942,False
504.3,292.69185048300466,0.932249791488659,0.9313704350749826,315.4016678023083,False
504.40000000000003,292.69185048300466,0.9325584003437681,0.9321984753391855,315.36942164623406,False
504.5,292.69185048300466,0.935207611306657,0.9329572494381236,315.3439592366781,False
504.6,292.69185048300466,0.9315525565594895,0.9336506984316054,315.3239754128512,False
504.70000000000005,292.96544675435433,0.9316896745385989,0.9342829609496238,315.30840427994684,False
504.8,292.96544675435433,0.9310100756568824,0.9348446369226868,315.348268813825,False
504.90000000000003,292.96544675435433,0.9358381933347502,0.9353313945411085,315.38157810018174,False
505.0,292.96544675435433,0.936813631641464,0.9357537260440345,315.4094416607127,False
505.1,292.96544675435433,0.9365171832605801,0.9361205864626502,315.4327754805363,False
505.20000000000005,292.96544675435433,0.9367226206306797,0.9364396272000733,315.4523370260257,False
505.3,292.96544675435433,0.9326338974153223,0.9367173932668683,315.46875361042527,False
505.40000000000003,292.96544675435433,0.9379135875645903,0.9369594898624594,315.4825454556872,False
505.5,292.96544675435433,0.9365482667668785,0.9371707231206562,315.4941445026984,False
505.6,292.96544675435433,0.9408353817408128,0.9373552190889118,315.50390979694293,False
505.70000000000005,292.96544675435433,0.9350277776001226,0.9375165243724556,315.5121401040571,False
505.8,292.96544675435433,0.9354537633772323,0.9376576913324562,315.5190842763002,False
505.90000000000003,292.96544675435433,0.9384848373857132,0.9377813502689056,315.52494978699696,False
506.0,292.96544675435433,0.9341759317967281,0.9378897706320997,315.52990976839953,False
506.1,292.96544675435433,0.9364020017785774,0.9379849129808707,315.53410882394076,False
506.20000000000005,292.96544675435433,0.9408774163748027,0.9380684731318162,315.53766783459315,False
506.3,292.96544675435433,0.9390226697300992,0.9381419197136666,315.54068793808034,False
506.40000000000003,292.96544675435433,0.9373986564677012,0.9382065261477558,315.54325382678235,False
506.5,292.96544675435433,0.941833514781397,0.9382633979134453,315.5454364836315,False
506.6,292.96544675435433,0.9391372517271462,0.9383134958213334,315.54729545379996,False
506.70000000000005,292.96544675435433,0.9389012869215287,0.9383576559029642,315.5488807325143,False
506.8,292.96544675435433,0.9373200328048767,0.9383966064299801,315.5502343350966,False
506.90000000000003,292.96544675435433,0.9410339615491301,0.938430982495294,315.55139160370317,False
507.0,292.96544675435433,0.9351211314346622,0.9384613385213575,315.55238229570494,False
507.1,292.96544675435433,0.9410034499944214,0.9384881590039162,315.55323149083813,False
507.20000000000005,292.96544675435433,0.9404288472073764,0.938511867751988,315.55396034782956,False
507.3,292.96544675435433,0.9386172528340703,0.9385328358447274,315.5545867359109,False
507.40000000000003,292.96544675435433,0.9426026422235853,0.9385513884921136,315.5551257622755,False
507.5,292.96544675435433,0.9391220717203118,0.9385678109579959,315.5555902129338,False
507.6,292.96544675435433,0.9392818190604258,0.9385823536800884,315.5559909214478,False
507.70000000000005,292.96544675435433,0.9368937406937775,0.9385952367013097,315.556337077569,False
507.8,292.96544675435433,0.9376735454809632,0.938606653509812,315.55663648576586,False
507.90000000000003,292.96544675435433,0.9398495110345947,0.9386167743706256,315.5568957819436,False
508.0,292.96544675435433,0.939838609216943,0.9386257492196605,315.55712061526077,False
508.1,292.96544675435433,0.9392871080024586,0.9386337101804729,315.5573158007885,False
508.20000000000005,292.96544675435433,0.939237954938314,0.9386407737554564,315.5574854477958,False
508.3,292.96544675435433,0.9412132667917168,0.9386470427356834,315.55763306764726,False
508.40000000000003,292.96544675435433,0.9381913303866428,0.9386526078673151,315.5577616646347,False
508.5,292.96544675435433,0.9394160698884889,0.9386575493071223,315.5578738125133,False
508.6,292.96544675435433,0.9355939443176603,0.938661937895093,315.5579717190548,False
508.70000000000005,292.96544675435433,0.9035342154856023,0.9386658362681951,315.5580572805471,True
508.8,292.96544675435433,0.9381298762166863,0.9386692998360426,315.55813212785387,False
508.90000000000003,292.96544675435433,0.9419033180092617,0.938672377636358,315.5581976653828,False
509.0,292.96544675435433,0.9399065009092399,0.938675113085694,315.5582551040886,False
509.1,292.96544675435433,0.9396109131490344,0.9386775446387893,315.55830548945636,False
509.20000000000005,292.96544675435433,0.935081588735676,0.9386797063681391,315.55834972525594,False
509.3,296.34600879193766,0.9356862774020791,0.9386816284738242,315.5583885937287,False
509.40000000000003,296.34600879193766,0.9382889448325019,0.9385078386985779,316.2010572336761,False
509.5,296.34600879193766,0.9367288764376875,0.9380381010449003,316.7317305958122,False
509.6,296.34600879193766,0.9362822290516966,0.9373453385743863,317.17174943238143,False
509.70000000000005,296.34600879193766,0.9357537608480294,0.9364902984473242,317.5377680490411,False
509.8,296.34600879193766,0.9338149432608406,0.9355229992381473,317.84294562979477,False
509.90000000000003,296.34600879193766,0.9362243972949937,0.9344841573335108,318.0977989228163,False
510.0,296.34600879193766,0.9342390779745869,0.9334065219632155,318.3108199255721,False
510.1,296.34600879193766,0.9354762158750642,0.9323160859564402,318.4889288607523,False
510.20000000000005,296.34600879193766,0.929214683859829,0.931233161218235,318.6378105219185,False
510.3,296.34600879193766,0.9344096816289331,0.9301733202153917,318.76216716963506,False
510.40000000000003,296.34600879193766,0.9280434383614747,0.9291482113002842,318.8659110888239,False
510.5,296.34600879193766,0.8902221147643152,0.9281662588027563,318.9523130493543,True
510.6,296.34600879193766,0.9311364078399937,0.9272332599439926,319.0241181873244,False
510.70000000000005,296.34600879193766,0.9285303010708066,0.9263528906292016,319.08363754630517,False
510.8,296.34600879193766,0.9224418175416483,0.925527131575235,319.132821224552,False
510.90000000000003,296.34600879193766,0.9264738505351087,0.9247566253304594,319.17331745742104,False
511.0,296.34600879193766,0.927113546497106,0.9240409737253393,319.2065208159637,False
511.1,296.34600879193766,0.9242641018680184,0.9233789842551069,319.2336118813711,False
511.20000000000005,296.34600879193766,0.924096174107056,0.9227688728968021,319.25559016341754,False
511.3,296.34600879193766,0.9202844582787932,0.9222084299310844,319.2733016020455,False
511.40000000000003,296.34600879193766,0.9216302967590239,0.9216951544878138,319.2874616778313,False
511.5,296.34600879193766,0.9202425346095039,0.9212263627674627,319.2986749263439,False
511.6,296.34600879193766,0.9181247535565172,0.9207992742066509,319.30745148010595,False
511.70000000000005,296.34600879193766,0.9188003492072087,0.920411079251251,319.3142211334961,False
511.8,296.34600879193766,0.9191701703456054,0.9200589918688908,319.3193453287388,False
511.90000000000003,296.34600879193766,0.9180602081134479,0.9197402894678949,319.3231273867111,False
512.0,296.34600879193766,0.917917430379272,0.9194523424852749,319.3258212486269,False
512.1,296.34600879193766,0.9178001624059942,0.9191926355559433,319.3276389493969,False
512.2,296.34600879193766,0.9217305207322785,0.9189587818728472,319.3287570074746,False
512.3000000000001,296.34600879193766,0.9216584828616775,0.9187485320876532,319.3293218870195,False
512.4,296.34600879193766,0.9233904121823525,0.9185597788787558,319.32945466457414,False
512.5,296.34600879193766,0.9168579322945097,0.9183905581230991,319.329255012965,False
512.6,296.34600879193766,0.9189503995889468,0.9182390474463903,319.32880459888884,False
512.7,296.34600879193766,0.9183448025810239,0.9181035627889792,319.3281699769915,False
512.8000000000001,296.34600879193766,0.9168639710839727,0.9179825535086468,319.3274050516671,False
512.9,296.34600879193766,0.9162877293237417,0.9178745964438375,319.32655316793637,False
513.0,296.34600879193766,0.9196075352473224,0.9177783892788978,319.3256488843035,False
513.1,296.34600879193766,0.9196254526821913,0.9176927434843691,319.32471947321164,False
513.2,296.34600879193766,0.9217156515016647,0.9176165770483566,319.32378618844047,False
513.3000000000001,296.34600879193766,0.9153043246298829,0.9175489071677294,319.3228653333609,False
513.4,296.34600879193766,0.9203336867813329,0.9174888430289254,319.32196915926545,False
513.5,296.34600879193766,0.9163983355057913,0.917435578776144,319.3211066189259,False
513.6,296.34600879193766,0.9153101832165061,0.9173883867386098,319.3202839970063,False
513.7,296.34600879193766,0.9191323861472412,0.9173466109674424,319.3195054359093,False
513.8000000000001,296.34600879193766,0.9171926256955957,0.9173096611156547,319.31877337299517,False
513.9,296.34600879193766,0.9205353544816632,0.9172770066812366,319.31808890282633,False
514.0,297.19530370425014,0.9136316758319873,0.9172481716225864,319.3174520761218,False
514.1,297.19530370425014,0.9194760907145277,0.9171645789918272,319.48105743112944,False
514.2,297.19530370425014,0.915061794038036,0.9169864539424387,319.6204758260285,False
514.3000000000001,297.19530370425014,0.9152730854254252,0.916737875512542,319.73929515926903,False
514.4,297.19530370425014,0.9123178262503645,0.9164386036817361,319.84053161375607,False
514.5,297.19530370425014,0.9173103414469757,0.9161047402284882,319.9267345635578,False
514.6,297.19530370425014,0.9149517921663008,0.9157492993516393,320.00006874306905,False
514.7,297.19530370425014,0.9178833006515736,0.9153826988512341,320.06237930781816,False
514.8000000000001,297.19530370425014,0.9155661191409733,0.915013181741065,320.1152439001072,False
514.9,297.19530370425014,0.9126971814081256,0.914647177175927,320.16001474786157,False
515.0,297.19530370425014,0.912215597800807,0.9142896086095169,320.1978530434448,False
515.1,297.19530370425014,0.9117009280860163,0.9139441561849486,320.229757281758,False
515.2,297.19530370425014,0.9109615455616601,0.9136134795231237,320.2565868225749,False
515.3000000000001,297.19530370425014,0.9143000155089578,0.913299406318451,320.2790816375808,False
515.4,297.19530370425014,0.9107997997155269,0.9130030914755499,320.2978789775572,False
515.5,297.19530370425014,0.9115039184142675,0.9127251509200175,320.3135275278906,False
515.6,297.19530370425014,0.912471919335492,0.9124657736849507,320.3264994955357,False
515.7,297.19530370425014,0.9116740147365047,0.9122248154061193,320.3372009765027,False
515.8000000000001,297.19530370425014,0.9121436634994811,0.9120018759460177,320.3459808817146,False
515.9,297.19530370425014,0.9131985101909176,0.9117963635044307,320.35313864476626,False
516.0,297.19530370425014,0.9125802110781479,0.9116075472550521,320.3589308933564,False
516.1,297.19530370425014,0.9092254939585379,0.9114346002690664,320.36357723377563,False
516.2,297.19530370425014,0.9112487823496945,0.9112766342429326,320.3672652724679,False
516.3000000000001,297.19530370425014,0.9081600319877334,0.911132727334828,320.37015497860483,False
516.4,297.19530370425014,0.9104016747895595,0.9110019462287404,320.372382475546,False
516.5,297.19530370425014,0.9117459568282866,0.9108833633837912,320.37406333605054,False
516.6,297.19530370425014,0.9100706355940764,0.9107760702861851,320.3752954454529,False
516.7,297.19530370425014,0.911553732692314,0.9106791873996526,320.3761614881923,False
516.8000000000001,297.19530370425014,0.9133867965757572,0.9105918714051023,320.3767311057006,False
516.9,297.19530370425014,0.9133203031709526,0.9105133202294245,320.37706276740556,False
517.0,297.19530370425014,0.9060485228407326,0.9104427762851821,320.37720539128145,False
517.1,297.19530370425014,0.9090091097327238,0.9103795282757097,320.3771997458005,False
517.2,297.19530370425014,0.9100663516113845,0.9103229118624953,320.3770796611746,False
517.3000000000001,297.19530370425014,0.912396057051088,0.910272309442416,320.37687307433436,False
517.4,297.19530370425014,0.9094483976095034,0.9102271492403291,320.376602929081,False
517.5,297.19530370425014,0.9136533096415412,0.9101869038867213,320.3762879502101,False
517.6,297.19530370425014,0.9113748285662029,0.9101510886197456,320.3759433080899,False
517.7,297.19530370425014,0.9083453996720284,0.9101192592252814,320.37558118813917,False
517.8000000000001,297.19530370425014,0.9083385436696811,0.9100910098069874,320.3752112778544,False
517.9,297.19530370425014,0.9085182923663154,0.9100659704601124,320.37484118245527,False
518.0,297.19530370425014,0.9067383065912857,0.9100438049075876,320.3744767788233,False
518.1,297.19530370425014,0.909469653980118,0.9100242081442242,320.3741225161824,False
518.2,297.19530370425014,0.9128025212641228,0.910006904124291,320.3737816708878,False
518.3000000000001,297.19530370425014,0.91083395658047,0.909991643519046,320.3734565617402,False
518.4,297.19530370425014,0.9123986470365123,0.9099782015636491,320.37314873140593,False
518.5,297.19530370425014,0.9087448200911591,0.9099663760070501,320.37285909879034,False
518.6,297.19530370425014,0.9083017757885096,0.9099559851737378,320.3725880865682,False
518.7,297.19530370425014,0.909114151444163,0.9099468661424381,320.37233572751103,False
518.8000000000001,297.19530370425014,0.9081267584411605,0.9099388730438578,320.37210175275834,False
518.9,297.19530370425014,0.9138609809983091,0.9099318754772072,320.37188566474964,False
519.0,297.19530370425014,0.9202455326957755,0.9099257570434269,320.3716867971575,True
519.1,297.19530370425014,0.9119535533262315,0.9099204139916724,320.3715043638349,False
519.2,297.19530370425014,0.9105601645031461,0.9099157539746112,320.3713374985061,False
519.3000000000001,297.19530370425014,0.9087873809204743,0.909911694907379,320.3711852866815,False
519.4,297.19530370425014,0.9119409417215818,0.9099081639245846,320.3710467910651,False
519.5,297.19530370425014,0.9110524488590307,0.9099050964294799,320.3709210715333,False
519.6,297.19530370425014,0.9106622905262677,0.9099024352292999,320.37080720060874,False
519.7,297.19530370425014,0.909869343126356,0.9099001297507827,320.37070427520877,False
519.8000000000001,297.19530370425014,0.9104498404422776,0.9098981353299801,320.3706114253336,False
519.9,302.0388412700497,0.9110250711253768,0.9098964125706371,320.37052782025273,False
520.0,302.0388412700497,0.9129951994511921,0.9095281516315346,321.3137575638056,False
520.1,302.0388412700497,0.9079590037377065,0.9085111783981927,322.1352331860196,False
520.2,302.0388412700497,0.906060748506798,0.9069609359683781,322.85719189516755,False
520.3000000000001,302.0388412700497,0.9026884492125962,0.9049784399470119,323.49660806177724,False
520.4,302.0388412700497,0.9024149266240715,0.902651562625659,324.06660887498725,False
520.5,302.0388412700497,0.900771492426815,0.9000563941022781,324.57747625088615,False
520.6,302.0388412700497,0.9008626737403672,0.8972585707120381,325.0373642043311,False
520.7,302.0388412700497,0.8921261243670311,0.8943145147877058,325.4528184274379,False
520.8000000000001,302.0388412700497,0.8871109007711203,0.8912725613045774,325.8291568336704,False
520.9,302.0388412700497,0.8870919104508082,0.8881739649282819,326.1707512690536,False
521.0,302.0388412700497,0.8845200077670881,0.8850537907571294,326.48123818430577,False
521.1,302.0388412700497,0.8804937170780599,0.8819416969785226,326.76367768803823,False
521.2,302.0388412700497,0.8834184028668451,0.8788626197749332,327.02067469386685,False
521.3000000000001,302.0388412700497,0.8701043515810738,0.8758373713412356,327.2544719450126,False
521.4,302.0388412700497,0.8706380840386803,0.8728831615408958,327.4670219675795,False
521.5,302.0388412700497,0.8689356149971973,0.8700140529621537,327.6600430848897,False
521.6,302.0388412700497,0.8681382101893045,0.8672413581846692,327.83506326492477,False
521.7,302.0388412700497,0.8661418421695307,0.8645739870716397,327.99345459967054,False
521.8000000000001,302.0388412700497,0.8621196959962873,0.8620187509374868,328.1364605127299,False
521.9,302.0388412700497,0.8607550227875388,0.8595806295445582,328.2652172803192,False
522.0,302.0388412700497,0.8566120128920999,0.8572630060699233,328.38077107563385,False
522.1,302.0388412700497,0.8517014688867789,0.8550678744591972,328.4840914691235,False
522.2,302.0388412700497,0.8530031756035235,0.8529960229458459,328.5760821103802,False
522.3000000000001,302.0388412700497,0.8488432364010169,0.8510471969559226,328.65758916188287,False
522.4,302.0388412700497,0.8446475097820979,0.8492202441326526,328.72940793697916,False
522.5,302.0388412700497,0.8457888950057741,0.8475132437954642,328.7922881042836,False
522.6,302.0388412700497,0.845091110222537,0.8459236227869664,328.84693775091483,False
522.7,302.0388412700497,0.8443929533470176,0.8444482593524814,328.8940265424189,False
522.8000000000001,302.0388412700497,0.8430887354190545,0.8430835764341105,328.93418817398015,False
522.9,302.0388412700497,0.8420480328614115,0.8418256255395558,328.96802227277846,False
523.0,302.0388412700497,0.8438094647802445,0.8406701621601294,328.9960958830387,False
523.1,302.0388412700497,0.840160982386708,0.8396127135581277,329.01894464192554,False
523.2,302.0388412700497,0.8391699069685836,0.8386486396169469,329.03707373484525,False
523.3000000000001,302.0388412700497,0.8406666276004797,0.8377731873442638,329.05095870213876,False
523.4,302.0388412700497,0.8393011801600454,0.8369815395358849,329.0610461549884,False
523.5,302.0388412700497,0.834601611306898,0.8362688580423637,329.06775444620723,False
523.6,302.0388412700497,0.8364177649803995,0.8356303220293503,329.07147433112186,False
523.7,302.0388412700497,0.8334774172918301,0.8350611615832861,329.072569644778,False
523.8000000000001,302.0388412700497,0.834645169961888,0.8345566869842307,329.0713780140204,False
523.9,302.0388412700497,0.8653510409767147,0.8341123139451969,329.06821161649646,True
524.0,302.0388412700497,0.8339783486795751,0.8337235851006443,329.0633579931954,False
524.1,302.0388412700497,0.8326830211876495,0.833386188014191,329.05708091666116,False
524.2,302.0388412700497,0.8304465084559105,0.8330959699658769,329.0496213134276,False
524.3000000000001,302.0388412700497,0.8336299013388904,0.832848949771381,329.04119823641975,False
524.4,302.0388412700497,0.8324610964989083,0.8326413268786407,329.0320098809738,False
524.5,302.0388412700497,0.8341303193287303,0.8324694879806738,329.02223463665695,False
524.6,302.0388412700497,0.8338085731439261,0.8323300113766162,329.0120321661368,False
524.7,302.0388412700497,0.833767696655674,0.8322196693057082,329.00154450188506,False
524.8000000000001,302.0388412700497,0.8344922227567048,0.8321354284710146,328.9908971514123,False
524.9,302.0388412700497,0.8317889744920642,0.8320744489609457,328.9802002019599,False
525.0,302.0388412700497,0.8347785480282156,0.8320340817671379,328.96954941604633,False
525.1,302.0388412700497,0.7890422230334364,0.8320118650870224,328.9590273099205,True
525.2,302.0388412700497,0.834315308956074,0.8320055195885427,328.94870420776,False
525.3000000000001,302.06856356122944,0.8298652774640695,0.8320129428031041,328.93863926531924,False
525.4,302.06856356122944,0.8284981570059381,0.83202818429189,328.93501574657347,False
525.5,302.06856356122944,0.8316042667752378,0.8320462297398588,328.9315523316626,False
525.6,302.06856356122944,0.831494013529364,0.8320665513468425,328.9282557816045,False
525.7,302.06856356122944,0.8339126172698229,0.8320886741386515,328.9251305613339,False
525.8000000000001,302.06856356122944,0.8305619829173757,0.8321121727240853,328.92217911398757,False
525.9,302.06856356122944,0.8297258033495595,0.8321366680806843,328.9194021150757,False
526.0,302.06856356122944,0.8324197312869541,0.8321618243920249,328.9167987070638,False
526.1,302.06856356122944,0.8331484059357152,0.8321873459559013,328.9143667149943,False
526.2,302.06856356122944,0.8305424379722676,0.8322129741795494,328.91210284386443,False
526.3000000000001,302.06856356122944,0.8324895612479754,0.8322384846751768,328.91000285854295,False
526.4,302.06856356122944,0.8298720376556061,0.8322636844664248,328.9080617470595,False
526.5,302.06856356122944,0.832541010775379,0.8322884093140243,328.9062738681355,False
526.6,302.06856356122944,0.8322511758528373,0.8323125211667771,328.9046330838468,False
526.7,302.06856356122944,0.8273446641595184,0.8323359057421077,328.90313287832026,False
526.8000000000001,302.06856356122944,0.8333094634643766,0.8323584702387533,328.90176646336397,False
526.9,293.401433099538,0.8319985471949244,0.8323801411826955,328.9005268719254,False
527.0,293.401433099538,0.8315478406122107,0.8335163258619391,327.1218199629256,False
527.1,293.401433099538,0.8402223917809892,0.8364637827830271,325.45455962018065,False
527.2,293.401433099538,0.8416083521223936,0.8406720067893562,323.9404468588721,False
527.3000000000001,293.401433099538,0.8448079522543821,0.8456986593539039,322.59951162673553,False
527.4,293.401433099538,0.8499710247522549,0.8512023784931914,321.4353297230937,False
527.5,293.401433099538,0.8574478561653108,0.856927746071219,320.4404421867126,False
527.6,293.401433099538,0.8644047529303572,0.8626885610346068,319.60091088112256,False
527.7,293.401433099538,0.8686082489755332,0.868352495893797,318.8996955298901,False
527.8000000000001,293.401433099538,0.8749549404851592,0.8738282579368654,318.3189327660664,False
527.9,293.401433099538,0.8771519750226292,0.8790553669776763,317.8413450131655,False
528.0,293.401433099538,0.8835675766831936,0.8839962396832455,317.45102297167546,False
528.1,293.401433099538,0.8906959676892554,0.8886301536587888,317.1337877349996,False
528.2,293.401433099538,0.8931825390609067,0.8929486822019693,316.8772878380135,False
528.3000000000001,293.401433099538,0.8981624578374907,0.8969522552259445,316.67094029874556,False
528.4,293.401433099538,0.9000795494131852,0.9006475735367047,316.505788339202,False
528.5,293.401433099538,0.9066517285986863,0.9040456671418962,316.3743220583255,False
528.6,293.401433099538,0.9058546040087035,0.9071604395062001,316.27029012357684,False
528.7,293.401433099538,0.9083991822164927,0.9100075791555795,316.18851848217963,False
528.8000000000001,293.401433099538,0.9099694538898951,0.9126037497518188,316.12474436936196,False
528.9,293.401433099538,0.8937170853457621,0.9149659918757441,316.0754691201732,True
529.0,293.401433099538,0.9168400510760671,0.9171112861556255,316.0378304695159,False
529.1,293.401433099538,0.9207396279270914,0.9190562395477165,316.00949345526817,False
529.2,293.401433099538,0.9198695012468394,0.9208168656453192,315.988558252465,False
529.3000000000001,293.401433099538,0.9192553219467436,0.9224084366912785,315.97348295362144,False
529.4,293.401433099538,0.9239302647035192,0.9238453901002868,315.963019272424,False
529.5,293.401433099538,0.9233507980572719,0.9251412761989363,315.9561592597428,False
529.6,293.401433099538,0.9249998899247619,0.9263087368788873,315.9520913049417,False
529.7,293.401433099538,0.9294715504555434,0.927359507161719,315.9501639058582,False
529.8000000000001,293.401433099538,0.9292091815018161,0.9283044334601529,315.9498559012695,False
529.9,293.401433099538,0.9282309584030252,0.929153503712695,315.9507520562567,False
530.0,293.401433099538,0.9298377948883924,0.9299158856586793,315.9525230671656,False
530.1,293.401433099538,0.9282091917073434,0.9305999703765866,315.95490920679475,False
530.2,293.401433099538,0.928472726013039,0.9312134188820628,315.9577069624287,False
530.3000000000001,293.401433099538,0.9328637348810146,0.9317632101126724,315.9607581310633,False
530.4,293.401433099538,0.9345545831425207,0.9322556890444262,315.9639409298788,False
530.5,293.401433099538,0.9334935254128166,0.9326966140140555,315.9671627580868,False
530.6,293.401433099538,0.9309873085037923,0.9330912025792475,315.97035431100375,False
530.7,293.401433099538,0.933189169276944,0.9334441754510802,315.9734648006742,False
530.8000000000001,293.401433099538,0.9335658299809575,0.9337597981901394,315.976458081432,False
530.9,293.401433099538,0.9339175625269122,0.9340419204793764,315.9793095150337,False
531.0,293.401433099538,0.931627121373686,0.9342940128799087,315.98200343978107,False
531.1,293.401433099538,0.9354451241012396,0.934519201046516,315.9845311324976,False
531.2,293.401433099538,0.9343214551703756,0.934720297432174,315.98688917229083,False
531.3000000000001,293.401433099538,0.9326519087312645,0.9348998305493614,315.9890781314913,False
531.4,293.401433099538,0.9313547858505394,0.9350600718830742,315.9911015326641,False
531.5,293.401433099538,0.9327629468678449,0.9352030605688977,315.9929650216681,False
531.6,293.401433099538,0.9337591114914109,0.9353306259610837,315.99467571582426,False
531.7,293.401433099538,0.9358965560227047,0.9354444082218912,315.99624169371583,False
531.8000000000001,292.7735887892614,0.9370877017028099,0.9355458770657502,315.99767159925733,False
531.9,292.7735887892614,0.9062055576912365,0.9356693334427535,315.87954892418355,True
532.0,292.7735887892614,0.9371678524455472,0.9358363063732499,315.7824313513374,False
532.1,292.7735887892614,0.9376177507050435,0.936032040827024,315.70273198275413,False
532.2,292.7735887892614,0.9347250508919691,0.9362451787009091,315.6374424589467,False
532.3000000000001,292.7735887892614,0.9349273324923616,0.936467060515107,315.5840497404187,False
532.4,292.7735887892614,0.9404124850461815,0.9366911658164894,315.54046141314063,False
532.5,292.7735887892614,0.9364286353727996,0.9369126645676538,315.5049399854337,False
532.6,292.7735887892614,0.9383196156692402,0.9371280575206171,315.4760459390754,False
532.7,292.7735887892614,0.9366265543398381,0.9373348880612893,315.4525889099359,False
532.8000000000001,292.7735887892614,0.9369386474895507,0.9375315115398831,315.43358618901897,False
532.9,292.7735887892614,0.9347483722743586,0.9377169108868848,315.4182276760969,False
533.0,292.7735887892614,0.9374388730075299,0.9378905495211334,315.40584643420715,False
533.1,292.7735887892614,0.9356872553962926,0.9380522543115258,315.39589405044586,False
533.2,292.7735887892614,0.9362784907804391,0.9382021227552471,315.38792008561643,False
533.3000000000001,292.7735887892614,0.9393096430764509,0.9383404496583437,315.38155497922867,False
533.4,292.7735887892614,0.9373590689834174,0.938467669507059,315.37649585931507,False
533.5,292.7735887892614,0.9428970276998446,0.9385843114458446,315.3724947842389,False
533.6,292.7735887892614,0.9381618140821513,0.9386909643656723,315.3693490139936,False
533.7,292.7735887892614,0.9404050689017261,0.93878825008193,315.3668929706873,False
533.8000000000001,292.7735887892614,0.9396129984511439,0.9388768029667429,315.36499160200185,False
533.9,292.7735887892614,0.9360288839253574,0.9389572547134111,315.36353490791345,False
534.0,292.7735887892614,0.9345320094388668,0.9390302231646969,315.36243343055514,False
534.1,292.7735887892614,0.9357312311680136,0.939096304343085,315.361614540597,False
534.2,292.7735887892614,0.9387517649272137,0.9391560669888105,315.3610193816924,False
534.3000000000001,292.7735887892614,0.9413557598528701,0.9392100490476625,315.36060035814586,False
534.4,292.7735887892614,0.9379586798047752,0.9392587556611667,315.36031907066575,False
534.5,292.7735887892614,0.9396072545455176,0.9393026583014844,315.3601446214845,False
534.6,292.7735887892614,0.939672416401185,0.9393421947661021,315.36005222376934,False
534.7,292.7735887892614,0.944668419632775,0.9393777698062731,315.3600220615692,False
534.8000000000001,292.7735887892614,0.9383051484871483,0.9394097562107655,315.36003835592516,False
534.9,292.7735887892614,0.9383902400753549,0.939438496204877,315.3600886005345,False
535.0,292.7735887892614,0.9393421099644621,0.9394643030555883,315.3601629367841,False
535.1,292.7735887892614,0.9397438894315527,0.9394874627985563,315.3602536432726,False
535.2,292.7735887892614,0.9348868027964776,0.9395082360225175,315.36035471932684,False
535.3000000000001,292.7735887892614,0.9394801458990393,0.9395268596625327,315.36046154563564,False
535.4,292.7735887892614,0.9383303033248919,0.9395435487660992,315.3605706081096,False
535.5,292.7735887892614,0.9392496949435949,0.9395584982061169,315.36067927353855,False
535.6,292.7735887892614,0.9375994086804558,0.9395718843225271,315.3607856076493,False
535.7,292.7735887892614,0.9411897977028603,0.9395838664805573,315.3608882278376,False
535.8000000000001,301.5573972378205,0.9417107945523315,0.939594588538237,315.3609861842308,False
535.9,301.5573972378205,0.9402360180162956,0.9391417258071603,317.0321580914125,False
536.0,301.5573972378205,0.9396064661720844,0.937861324264592,318.4232880068939,False
536.1,301.5573972378205,0.9341120387445954,0.9358944155163741,319.5970695226534,False
536.2,301.5573972378205,0.9316268503057705,0.9333701144327305,320.5992498610448,False
536.3000000000001,301.5573972378205,0.9291700377594969,0.9304038262768166,321.4636848629024,False
536.4,301.5573972378205,0.9284980743578077,0.9270970075897157,322.21579014517584,False
536.5,301.5573972378205,0.9254203762768417,0.9235377847544478,322.8749179138012,False
536.6,301.5573972378205,0.9216109989511856,0.9198019965161837,323.45601121898346,False
536.7,301.5573972378205,0.9162889110173896,0.9159544028914508,323.97076855221337,False
536.8000000000001,301.5573972378205,0.912616730718024,0.9120499145695802,324.42847338821815,False
536.9,301.5573972378205,0.9097843772334411,0.9081347651622765,324.8365919630927,False
537.0,301.5573972378205,0.9028565077285818,0.9042475891602143,325.20120889880747,False
537.1,297.4622886317874,0.8997026034489234,0.9004203918152777,325.5273480555293,False
537.2,297.4622886317874,0.897921192032824,0.8971320083547335,324.9938294733783,False
537.3000000000001,297.4622886317874,0.8978665598767513,0.8947301565482794,324.4939787441608,False
537.4,297.4622886317874,0.8943137250551731,0.8930609328315368,324.0319760555303,False
537.5,297.4622886317874,0.8919258484347651,0.8919902130714591,323.60991557156837,False
537.6,297.4622886317874,0.8904088004826687,0.891402505223918,323.228223273041,False
537.7,297.4622886317874,0.8914838406323697,0.8911994004090427,322.88605963829343,False
537.8000000000001,297.4622886317874,0.8858299234078594,0.8912978289469318,322.5816794857755,False
537.9,297.4622886317874,0.8930595374832674,0.8916282706497025,322.31273577367017,False
538.0,297.4622886317874,0.8931060864008109,0.8921330189136001,322.0765243702226,False
538.1,297.4622886317874,0.8910589838759231,0.8927645590609871,321.8701731817448,False
538.2,297.4622886317874,0.8941576251558062,0.893484092844594,321.6907824109773,False
538.3000000000001,297.4622886317874,0.8943841996666074,0.8942602214485424,321.5355240262963,False
538.4,297.4622886317874,0.8930061781429416,0.895067786683213,321.40170852634327,False
538.5,297.4622886317874,0.8986276319315526,0.8958868624731663,321.2868263652534,False
538.6,297.4622886317874,0.8970506361483365,0.8967018846336221,321.1885703567786,False
538.7,297.4622886317874,0.8954172767140729,0.8975009051123618,321.10484424843435,False
538.8000000000001,297.4622886317874,0.9026157493953708,0.8982749565165343,321.03376158987567,False
538.9,297.4622886317874,0.8989270845086624,0.8990175132430474,320.9736380812712,False
539.0,297.4622886317874,0.8983797571681591,0.8997240365027114,320.9229798012963,False
539.1,297.4622886317874,0.901886762533367,0.9003915917199808,320.88046907874025,False
539.2,297.4622886317874,0.9028010433271524,0.9010185280464558,320.8449492718319,False
539.3000000000001,297.4622886317874,0.9022333750406445,0.9016042109554392,320.8154093352118,False
539.4,297.4622886317874,0.8963345299589076,0.9021488000362868,320.79096876518247,False
539.5,297.4622886317874,0.9025434299364324,0.9026530651566602,320.77086330018074,False
539.6,297.4622886317874,0.902970028223572,0.9031182350997008,320.754431598609,False
539.7,297.4622886317874,0.9033324620140912,0.9035458736125818,320.74110300635346,False
539.8000000000001,297.4622886317874,0.905183803467305,0.9039377785290303,320.73038645033347,False
539.9,297.4622886317874,0.9047948183493671,0.90429590025999,320.7218604434643,False
540.0,297.4622886317874,0.9041376250336518,0.9046222764932806,320.71516415369155,False
540.1,297.4622886317874,0.9019942094004104,0.9049189804146366,320.7099894701035,False
540.2,297.4622886317874,0.9065407034839787,0.9051880801680667,320.7060739886855,False
540.3000000000001,297.4622886317874,0.9049309715360231,0.9054316076215668,320.7031948361763,False
540.4,297.4622886317874,0.9059739247276491,0.9056515348024257,320.70116325063634,False
540.5,297.4622886317874,0.9081699819011696,0.9058497566214705,320.6998198402259,False
540.6,297.4622886317874,0.9444182878077992,0.9060280787235225,320.69903044624704,True
540.7,297.4622886317874,0.9065692964527651,0.906188209487244,320.69868254196973,False
540.8000000000001,297.4622886317874,0.904538763650224,0.9063317553559663,320.69868210463346,False
540.9,297.4622886317874,0.9047628442319748,0.9064602188158782,320.69895090392845,False
541.0,297.4622886317874,0.9039764470975121,0.9065749984524679,320.6994241560137,False
541.1,297.4622886317874,0.905567689349346,0.9066773906132725,320.70004849756424,False
541.2,297.4622886317874,0.9103247812860594,0.9067685922872628,320.7007802393954,False
541.3000000000001,297.4622886317874,0.906658223040372,0.9068497048807459,320.70158386384776,False
541.4,297.4622886317874,0.9068592048932687,0.9069217386283317,320.7024307343199,False
541.5,293.79897757816127,0.9071222071555112,0.9069856174268841,320.7032979891257,False
541.6,293.79897757816127,0.9084668696929769,0.9073136359647109,319.9919214667491,False
541.7,293.79897757816127,0.910453378870975,0.9080722173262368,319.38275684121595,False
541.8000000000001,293.79897757816127,0.9087121442810923,0.9091301100815687,318.8656271824913,False
541.9,293.79897757816127,0.9119976762242078,0.9103859650121989,318.4297813493923,False
542.0,293.79897757816127,0.9179704336410861,0.9117622174124842,318.06466370600236,False
542.1,293.79897757816127,0.9081699439112645,0.9132000901319908,317.7603772976396,False
542.2,293.79897757816127,0.9140451307417066,0.9146555736754166,317.50792919316405,False
542.3000000000001,293.79897757816127,0.9159506958433316,0.9160962211367977,317.2993290741126,False
542.4,293.79897757816127,0.9175671565709194,0.9174986057043835,317.12759422600567,False
542.5,293.79897757816127,0.9192389645163366,0.918846309222706,316.9866987415942,False
542.6,293.79897757816127,0.9188148443845292,0.9201283331053544,316.8714927374713,False
542.7,293.79897757816127,0.9276279124228544,0.9213378439121775,316.77760850726037,False
542.8000000000001,293.79897757816127,0.9218669735841051,0.9224711837954578,316.7013642329098,False
542.9,293.79897757816127,0.9239775342408334,0.9235270906310433,316.6396715489102,False
543.0,293.79897757816127,0.9240631666726505,0.9245060843137836,316.5899503723757,False
543.1,293.79897757816127,0.9264773248916797,0.9254099848940763,316.550052552175,False
543.2,293.79897757816127,0.9273035753372625,0.9262415354442282,316.51819473433886,False
543.3000000000001,293.79897757816127,0.9276236096605703,0.9270041081893887,316.49290015807514,False
543.4,293.79897757816127,0.9305308318335965,0.9277014768625059,316.4729487242334,False
543.5,293.79897757816127,0.9280576240445453,0.9283376417192732,316.45733450386643,False
543.6,293.79897757816127,0.9309365038667218,0.9289166963900851,316.44522980283267,False
543.7,293.79897757816127,0.9264981760081591,0.9294427279155153,316.43595491891926,False
543.8000000000001,293.79897757816127,0.9319581380972736,0.9299197430356632,316.42895278807,False
543.9,293.79897757816127,0.9314323456519444,0.9303516151784875,316.4237677952522,False
544.0,293.79897757816127,0.9318964778819807,0.9307420476923125,316.42002811053857,False
544.1,293.79897757816127,0.9313754292241239,0.9310945497504615,316.4174309946045,False
544.2,293.79897757816127,0.9307595621095789,0.9314124220661074,316.4157305959295,False
544.3000000000001,293.79897757816127,0.9270099087065324,0.9316987501276511,316.41472783253585,False
544.4,293.79897757816127,0.9308232677070258,0.9319564031267251,316.4142620134412,False
544.5,293.79897757816127,0.9316854571596793,0.9321880371238144,316.4142039092272,False
544.6,293.79897757816127,0.9308596690457609,0.9323961012976822,316.4144500277465,False
544.7,293.79897757816127,0.9334150041294588,0.9325828463680145,316.4149178907409,False
544.8000000000001,293.79897757816127,0.932008627911174,0.9327503344769263,316.41554214080804,False
544.9,293.79897757816127,0.9339772859826498,0.9329004499731011,316.4162713365323,False
545.0,293.79897757816127,0.9318517282860079,0.933034910669483,316.41706531742255,False
545.1,293.79897757816127,0.9340747703851098,0.9331552792474563,316.41789304025065,False
545.2,293.79897757816127,0.9334347222990709,0.9332629745620038,316.4187308050505,False
545.3000000000001,293.79897757816127,0.9330396558647848,0.933359282667306,316.41956080293784,False
545.4,293.79897757816127,0.9312036841239631,0.9334453674337396,316.4203699294864,False
545.5,293.79897757816127,0.9361234693072576,0.9335222806678142,316.421148817027,False
545.6,293.79897757816127,0.9328431771079602,0.9335909716783309,316.4218910472424,False
545.7,295.49819126630376,0.9311919808701861,0.9336522962566739,316.422592512082,False
545.8000000000001,295.49819126630376,0.9362900420930778,0.9336135367462484,316.7472949419831,False
545.9,295.49819126630376,0.9317220920641367,0.9334134294071714,317.016752286235,False
546.0,295.49819126630376,0.9313128781008783,0.933093412216159,317.2407386672661,False
546.1,295.49819126630376,0.9330103319894644,0.9326872510961453,317.4271321648122,False
546.2,295.49819126630376,0.9293569114698035,0.9322222216129216,317.5823337858232,False
546.3000000000001,295.49819126630376,0.9303919496711078,0.9317201479242595,317.7115807681419,False
546.4,295.49819126630376,0.9275973089915902,0.9311983046898671,317.8191837879995,False
546.5,295.49819126630376,0.9268719842439938,0.9306701925774207,317.908708752072,False
546.6,295.49819126630376,0.9301214640103952,0.9301462000816295,317.9831177757651,False
546.7,295.49819126630376,0.9292130848612422,0.9296341648172142,318.04487975579906,False
546.8000000000001,295.49819126630376,0.9764138806625791,0.9291398469952484,318.0960580283096,True
546.9,295.49819126630376,0.9322760746041405,0.9286673268748551,318.1383805571201,False
547.0,295.49819126630376,0.9543662391746586,0.9282193368606051,318.1732966492091,True
547.1,295.49819126630376,0.9286209600161937,0.9277975377402591,318.20202316206064,False
547.2,295.49819126630376,0.9250261063616534,0.9274027474106193,318.22558242526475,False
547.3000000000001,295.49819126630376,0.9261257801452409,0.9270351293658592,318.2448335604743,False
547.4,295.49819126630376,0.9268912930109466,0.9266943472436341,318.26049849013464,False
547.5,295.49819126630376,0.9496795585569239,0.9263796908466171,318.2731836348261,True
547.6,295.49819126630376,0.9577736409331049,0.926090178279954,318.2833980825345,True
547.7,295.49819126630376,0.9254868173185862,0.9258246381632673,318.291568850185,False
547.8000000000001,295.49819126630376,0.9252076428927923,0.925581775281798,318.2980537338066,False
547.9,295.49819126630376,0.9237217843964578,0.9253602225266973,318.3031521483604,False
548.0,299.8196784959254,0.9223361491183164,0.9251585815308633,318.30711428413304,False
548.1,299.8196784959254,0.9228818357222306,0.9246957432431034,319.1424810311818,False
548.2,299.8196784959254,0.9236337372077092,0.923765352750909,319.85222011087353,False
548.3000000000001,299.8196784959254,0.9229100850314543,0.9224670526202963,320.45933014811004,False
548.4,299.8196784959254,0.9204476926837208,0.9208865824312352,320.98152939213145,False
548.5,299.8196784959254,0.9196749202103413,0.9190970615910736,321.43266688329436,False
548.6,299.8196784959254,0.920776387273363,0.9171603444337307,321.8237219511196,False
548.7,299.8196784959254,0.9155596764407709,0.9151283430743528,322.1635198294149,False
548.8000000000001,299.8196784959254,0.9124310243775391,0.9130442647060287,322.4592494512189,False
548.9,299.8196784959254,0.9107211612422793,0.9109437400433191,322.7168419180406,False
549.0,299.8196784959254,0.9048248003157997,0.9088558366463637,322.9412498083719,False
549.1,299.8196784959254,0.9079175557919515,0.9068039600293653,323.1366552004252,False
549.2,299.8196784959254,0.9052656136856303,0.9048066500176346,323.3066259652404,False
549.3000000000001,299.8196784959254,0.9033665538851763,0.9028782817170165,323.4542341969767,False
549.4,299.8196784959254,0.8992500700216723,0.901029680879331,323.5821467143463,False
549.5,299.8196784959254,0.8976529336814991,0.899268663088115,323.6926948186878,False
549.6,299.8196784959254,0.8947784955117317,0.8976005054593708,323.7879285523655,False
549.7,299.8196784959254,0.8961121660302003,0.8960283586850788,323.8696593144519,False
549.8000000000001,299.8196784959254,0.9002377125763372,0.894553606370191,323.9394936899784,False
549.9,299.8196784959254,0.8940674927325025,0.8931761777914367,323.99886061981306,False
550.0,299.8196784959254,0.8959773170449146,0.891894819466888,324.04903350198,False
550.1,299.8196784959254,0.8890983799178279,0.8907073302765895,324.0911484177265,False
550.2,299.8196784959254,0.8899108108615341,0.889610764313407,324.1262193789874,False
550.3000000000001,299.8196784959254,0.8906509216624593,0.8886016051609738,324.15515127132545,False
550.4,299.8196784959254,0.8900900196581069,0.8876759148816101,324.17875099883884,False
550.5,299.8196784959254,0.8833024070728115,0.8868294606406085,324.1977372110977,False
550.6,299.8196784959254,0.8850940516945426,0.8860578215844195,324.21274889679097,False
550.7,299.8196784959254,0.8873154435845217,0.8853564783204599,324.22435305694313,False
550.8000000000001,299.8196784959254,0.8880124576480127,0.8847208871083128,324.2330516166784,False
550.9,299.8196784959254,0.8827686511433197,0.8841465406602294,324.23928769431524,False
551.0,299.8196784959254,0.8820205620235071,0.8836290172585345,324.2434513168185,False
551.1,299.8196784959254,0.8802930293035163,0.8831640197252014,324.2458846488107,False
551.2,299.8196784959254,0.8824246688269944,0.8827474056219671,324.2468867865252,False
551.3000000000001,299.8196784959254,0.8808815265958349,0.882375209915802,324.2467181567611,False
551.4,299.8196784959254,0.8854470153742627,0.8820436612129051,324.24560455292607,False
551.5,299.8196784959254,0.884566781903835,0.8817491925435499,324.2437408347226,False
551.6,299.8196784959254,0.8818669957728118,0.881488447569214,324.24129431426945,False
551.7,299.8196784959254,0.8839441924780908,0.8812582829818164,324.23840784892343,False
551.8000000000001,299.8196784959254,0.8825556421200358,0.881055767772006,324.23520265939,False
551.9,299.8196784959254,0.8809816157279327,0.8808781799588077,324.23178089059144,False
552.0,299.8196784959254,0.8821814739355779,0.8807230012960893,324.22822793198884,False
552.1,299.8196784959254,0.8820658805747579,0.8805879104018204,324.2246145134763,False
552.2,299.8196784959254,0.8805207858646904,0.8804707746935323,324.2209985924843,False
552.3000000000001,299.8196784959254,0.8791128796502551,0.8803696414573143,324.2174270474703,False
552.4,297.5821684659898,0.8798366880189407,0.8802827283276711,324.2139371925036,False
552.5,297.5821684659898,0.8808526176288163,0.8804244657220744,323.7656951187949,False
552.6,297.5821684659898,0.8836283977007167,0.880940521972382,323.3635343262533,False
552.7,297.5821684659898,0.8804833786059386,0.881739059429401,323.0058056619945,False
552.8000000000001,297.5821684659898,0.8824266345205305,0.882743900314696,322.6899914417086,False
552.9,297.5821684659898,0.88628619802946,0.8838925140876013,322.4130356617343,False
553.0,297.5821684659898,0.8841322239814884,0.8851341101274961,322.1716024238706,False
553.1,297.5821684659898,0.8883179661157212,0.8864278904106264,321.96226952828926,False
553.2,297.5821684659898,0.8856849199464247,0.8877414865597796,321.7816670570245,False
553.3000000000001,297.5821684659898,0.888356307238677,0.8890495859665766,321.6265714197303,False
553.4,297.5821684659898,0.9060764810510469,0.8903327397632709,321.4939646999548,True
553.5,300.6863230570586,0.8944583727204959,0.8915763388869442,321.3810678784959,False
553.6,300.6863230570586,0.8927011911636044,0.8925230570537008,321.89216912281603,False
553.7,300.6863230570586,0.8904813493645741,0.8929854555670407,322.34175090882934,False
553.8000000000001,300.6863230570586,0.8905423652538483,0.8930475827535632,322.7390084645623,False
553.9,300.6863230570586,0.8967175703318251,0.8927822637310868,323.0913004079492,False
554.0,300.6863230570586,0.8933316729802133,0.892252414959059,323.4045905933283,False
554.1,300.6863230570586,0.8906053669925531,0.8915122308675825,323.6837730261579,False
554.2,300.6863230570586,0.8922874757813276,0.8906082435498361,323.93291303430357,False
554.3000000000001,300.6863230570586,0.8882235434004826,0.8895802628855032,324.15542784441,False
554.4,300.6863230570586,0.8892271276447626,0.888462207375636,324.35422287883523,False
554.5,300.6863230570586,0.886016140830405,0.8872828368975909,324.53179539300993,False
554.6,300.6863230570586,0.8863253646002177,0.8860663984247714,324.6903138142944,False
554.7,300.6863230570586,0.8824602062170548,0.8848331950304105,324.83167885922376,False
554.8000000000001,300.6863230570586,0.8843724972521017,0.8836000875235867,324.9575708888192,False
554.9,300.6863230570586,0.8844840484075173,0.882380937018174,325.06948680547475,False
555.0,300.6863230570586,0.8808249970426845,0.8811869957152721,325.1687689600375,False
555.1,300.6863230570586,0.8812083431898194,0.880027252234135,325.25662792891774,False
555.2,300.6863230570586,0.8773877273139712,0.8789087369780766,325.3341605728126,False
555.3000000000001,300.6863230570586,0.8773225279618087,0.8778367922761872,325.4023644553691,False
555.4,300.6863230570586,0.8772118245814949,0.8768153113959448,325.4621494500098,False
555.5,300.6863230570586,0.8775166624998363,0.875846949968369,325.51434717372393,False
555.6,300.6863230570586,0.8750706268458821,0.8749333128965348,325.55971874192875,False
555.7,300.6863230570586,0.873080299818097,0.8740751194197496,325.5989612271051,False
555.8000000000001,300.6863230570586,0.870978268457214,0.8732723486694268,325.6327131175469,False
555.9,300.6863230570586,0.8261120050086251,0.8725243677692861,325.6615590052384,True
556.0,300.6863230570586,0.8695091515238978,0.8718300442934975,325.6860336791712,False
556.1,300.6863230570586,0.8727945645927414,0.8711878446942986,325.70662575905493,False
556.2,300.6863230570586,0.8670267884011977,0.8705959201389715,325.723780971908,False
556.3000000000001,300.6863230570586,0.8705123636095136,0.8700521810493606,325.7379051485628,False
556.4,300.6863230570586,0.869058182092678,0.8695543615107016,325.74936699724634,False
556.5,300.6863230570586,0.8685185709561064,0.869100074606583,325.7585006959781,False
556.6,300.6863230570586,0.8686304103849658,0.8686868596402364,325.765608333671,False
556.7,300.6863230570586,0.8695825674166006,0.8683122221165233,325.77096222082065,False
556.8000000000001,298.36634353655853,0.8685929413301366,0.8679736672819414,325.7748070839474,False
556.9,298.36634353655853,0.8652337910557923,0.8679193762873908,325.3108928739072,False
557.0,298.36634353655853,0.8704288521283445,0.8683233486977148,324.88488492624475,False
557.1,298.36634353655853,0.867031664677068,0.869083867017349,324.497672151337,False
557.2,298.36634353655853,0.8696422440017137,0.8701143181203802,324.148880481851,False
557.3000000000001,298.36634353655853,0.8724963365911886,0.8713418266507517,323.8371963805293,False
557.4,298.36634353655853,0.872463607107176,0.8727057770666788,323.56064960256316,False
557.5,298.36634353655853,0.8723254076641711,0.8741563280399391,323.31684853145595,False
557.6,298.36634353655853,0.8741725255732704,0.8756529876754714,323.10316796926196,False
557.7,298.36634353655853,0.8761995339094698,0.8771632906615477,322.9168932196152,False
557.8000000000001,298.36634353655853,0.8815767517075357,0.8786615985306251,322.7553262937673,False
557.9,298.36634353655853,0.8774526232027243,0.880128030502863,322.6158607175874,False
558.0,298.36634353655853,0.8836458259715,0.8815475234773652,322.49603123434923,False
558.1,298.36634353655853,0.8802440817760123,0.8829090143381307,322.39354406298213,False
558.2,298.36634353655853,0.8831476385491975,0.8842047347935212,322.30629254128894,False
558.3000000000001,298.36634353655853,0.8864069726218845,0.8854296076595868,322.2323621188996,False
558.4,298.36634353655853,0.885010136225077,0.8865807332396682,322.17002785608634,False
558.5,298.36634353655853,0.8874649913960349,0.8876569548327727,322.1177468758511,False
558.6,298.36634353655853,0.8452708974695324,0.8886584931418701,322.074147622424,True
558.7,298.36634353655853,0.887669919270809,0.8895866402670222,322.0380172970927,False
558.8000000000001,298.36634353655853,0.893730526413196,0.8904435049407974,322.0082884610236,False
558.9,294.1695844202546,0.8908834907459618,0.8912318016239772,321.98402549981455,False
559.0,294.1695844202546,0.8953694351319101,0.892292852218879,321.1431357536557,False
559.1,294.1695844202546,0.8895910300926692,0.8938371652982325,320.4158349499038,False
559.2,294.1695844202546,0.8978683426986069,0.8957043436297869,319.79346821164216,False
559.3000000000001,294.1695844202546,0.8977334219065081,0.8977710156827771,319.2655807865809,False
559.4,294.1695844202546,0.8996804482697647,0.8999434488305696,318.8211259134884,False
559.5,294.1695844202546,0.9043835423093007,0.9021513662384019,318.44925633648757,False
559.6,294.1695844202546,0.9061635354167642,0.9043429049216731,318.1398007900304,False
559.7,294.1695844202546,0.908969582243744,0.9064805690572052,317.8835164853603,False
559.8000000000001,294.1695844202546,0.910190993570942,0.908538012806775,317.67219065709713,False
559.9,294.1695844202546,0.9099959831180511,0.9104974968556927,317.4986458423639,False
560.0,294.1695844202546,0.911454986765029,0.9123478840962933,317.3566877891161,False
560.1,294.1695844202546,0.9130467596626196,0.9140830632961935,317.2410225339355,False
560.2,294.1695844202546,0.9133712689004504,0.9157007111773404,317.1471600512091,False
560.3000000000001,297.3773063974219,0.9192207932869968,0.917201321701516,317.0713153904622,False
560.4,297.3773063974219,0.9200039619422489,0.9184034628228721,317.6235033349103,False
560.5,297.3773063974219,0.9198382060029004,0.9191847196250035,318.08664134680464,False
560.6,297.3773063974219,0.9188103035655057,0.9196256535107385,318.476769263283,False
560.7,297.3773063974219,0.9182101305262683,0.9197945811931953,318.80652563423246,False
560.8000000000001,297.3773063974219,0.9189346842901553,0.9197490653068361,319.0859905742223,False
560.9,297.3773063974219,0.9190916003745287,0.9195373135512449,319.3232950870607,False
561.0,297.3773063974219,0.920228259168625,0.9191994547796973,319.52506651759217,False
561.1,297.3773063974219,0.9200561709706236,0.9187686815797297,319.69675786147184,False
561.2,297.3773063974219,0.9151307444945176,0.9182722606796837,319.84289394661454,False
561.3000000000001,297.3773063974219,0.9179041957859571,0.917732418696553,319.9672575377979,False
561.4,297.3773063974219,0.9174753467346748,0.9171671136277697,320.0730316104189,False
561.5,297.3773063974219,0.9172018041171164,0.9165907034889775,320.16290934648026,False
561.6,297.3773063974219,0.9139035260908756,0.9160145234514134,320.2391801392427,False
561.7,297.3773063974219,0.9159275890139377,0.9154473822367131,320.3037975985927,False
561.8000000000001,297.3773063974219,0.9142446081959731,0.9148959876764139,320.3584339239699,False
561.9,297.3773063974219,0.9153814894662242,0.9143653103967366,320.4045238510186,False
562.0,297.3773063974219,0.9145773156092443,0.91385889364329,320.44330054331925,False
562.1,297.3773063974219,0.9147642569117487,0.9133791163598969,320.47582519598853,False
562.2,297.3773063974219,0.9158977208110562,0.9129274158034684,320.50301167741355,False
562.3000000000001,297.3773063974219,0.9134640353613028,0.9125044752208314,320.5256472125519,False
562.4,297.3773063974219,0.9132592659130384,0.9121103814340132,320.5444098733593,False
562.5,297.3773063974219,0.9136196471862257,0.9117447565741338,320.55988346570564,False
562.6,297.3773063974219,0.9097523596980361,0.9114068676653656,320.57257027091805,False
562.7,297.3773063974219,0.9100890826532713,0.9110957172833666,320.5829020018083,False
562.8000000000001,297.3773063974219,0.9107518356436105,0.9108101180911484,320.59124925896634,False
562.9,297.3773063974219,0.9099028038318249,0.9105487536837764,320.5979297168865,False
563.0,297.3773063974219,0.9135299372659186,0.9103102278463051,320.60321522648474,False
563.1,297.3773063974219,0.9101921540119235,0.9100931040421114,320.6073379873691,False
563.2,297.3773063974219,0.9074520795100158,0.9098959366969184,320.6104959173357,False
563.3000000000001,297.3773063974219,0.9064094109400849,0.9097172956233852,320.61285732615204,False
563.4,297.3773063974219,0.9148740378194093,0.9095557847386151,320.6145649843929,False
563.5,297.3773063974219,0.9093871940123435,0.9094100560591558,320.6157396649272,False
563.6,297.3773063974219,0.9112829705484773,0.9092788198121403,320.61648322386964,False
563.7,297.3773063974219,0.9104933785014472,0.9091608513746301,320.616881278872,False
563.8000000000001,297.3773063974219,0.9126021649094583,0.9090549956436441,320.6170055351275,False
563.9,297.3773063974219,0.9088506237221932,0.9089601693447522,320.61691580309616,False
564.0,297.3773063974219,0.904118351576489,0.9088753617056456,320.6166617465086,False
564.1,297.3773063974219,0.9062923129504402,0.9087996338511285,320.61628439449584,False
564.2,297.3773063974219,0.9083125485068171,0.908732117216053,320.61581744759684,False
564.3000000000001,297.3773063974219,0.9075080872825398,0.9086720112215545,320.61528840381214,False
564.4,297.3773063974219,0.9098578286296355,0.9086185804163779,320.61471952772666,False
564.5,297.3773063974219,0.9076113410368806,0.9085711512481264,320.6141286829516,False
564.6,297.3773063974219,0.9123015385836432,0.9085291085980038,320.61353004568724,False
564.7,297.3773063974219,0.9072389307363128,0.9084918921862859,320.6129347150448,False
564.8000000000001,297.3773063974219,0.9092746802672821,0.9084589929336514,320.61235123385086,False
564.9,297.3773063974219,0.9054135387564692,0.9084299493450374,320.61178603196316,False
565.0,302.875648667046,0.9104080892716238,0.9084043439673211,320.6112438026282,False
565.1,302.875648667046,0.9047864653573691,0.9079562819204424,321.6833558656594,False
565.2,302.875648667046,0.90696734404174,0.9067509778590849,322.6213988432225,False
565.3000000000001,302.875648667046,0.9045801019268911,0.9049129903872798,323.45111310837825,False
565.4,302.875648667046,0.8999792613672244,0.9025519161744394,324.1919822698606,False
565.5,302.875648667046,0.898011133752343,0.8997635483435095,324.8589462118052,False
565.6,302.875648667046,0.8974624171275735,0.8966312136168744,325.46360445056104,False
565.7,302.875648667046,0.8918831856533133,0.8932271324670539,326.01507136868224,False
565.8000000000001,302.875648667046,0.8907537891447508,0.8896137185589622,326.52059118672844,False
565.9,302.875648667046,0.8848875112417485,0.8858447767480256,326.9859852823975,False
566.0,302.875648667046,0.8825242168592294,0.8819665838214221,327.4159812107094,False
566.1,302.875648667046,0.8767836532902522,0.8780188501157635,327.81445732151883,False
566.2,302.875648667046,0.8756250393500571,0.8740355675363518,328.18462650409305,False
566.3000000000001,302.875648667046,0.8691744459370342,0.8700457530524313,328.52917556761565,False
566.4,302.875648667046,0.8636378021903266,0.8660740980863877,328.85037196291006,False
566.5,302.875648667046,0.8627078559797712,0.8621415343337884,329.15014623016043,False
566.6,302.875648667046,0.8602746830178084,0.8582657260261645,329.43015623851466,False
566.7,302.875648667046,0.8531095710394019,0.8544614978184761,329.69183764773527,False
566.8000000000001,302.875648667046,0.8505285399134082,0.8507412065420887,329.93644385694313,False
566.9,302.875648667046,0.8463955173000738,0.8471150641190365,330.1650778677079,False
567.0,302.875648667046,0.845524210434547,0.8435914180403523,330.3787178808011,False
567.1,302.875648667046,0.8388380351640153,0.8401769949964163,330.578238000898,False
567.2,302.875648667046,0.8352277263515349,0.836877112519653,330.76442509498406,False
567.3000000000001,302.875648667046,0.8322852062399769,0.833695862859111,330.9379926057294,False
567.4,302.875648667046,0.8322483463975465,0.8306362727471996,331.0995919377383,False
567.5,302.875648667046,0.8273313105185396,0.8277004422336307,331.2498218960571,False
567.6,302.875648667046,0.826641435120538,0.8248896653421469,331.3892365509469,False
567.7,302.875648667046,0.8217722040537521,0.8222045349437567,331.51835182223925,False
567.8000000000001,302.875648667046,0.81966888513224,0.8196450339283011,331.63765101443414,False
567.9,302.875648667046,0.8153994884566343,0.8172106144873275,331.74758948555666,False
568.0,302.875648667046,0.814660804797245,0.8149002670892878,331.8485985953133,False
568.1,302.875648667046,0.8096116325545413,0.8127125805276529,331.94108904880346,False
568.2,302.875648667046,0.8108929380526888,0.8106457942489422,332.02545372907866,False
568.3000000000001,302.875648667046,0.758828443491265,0.8086978440169129,332.10207009379883,True
568.4,302.875648667046,0.806930946912109,0.8068664018377815,332.1713021970412,False
568.5,302.875648667046,0.8054239411570578,0.8051489109564169,332.23350238615734,False
568.6,302.875648667046,0.8046646523462,0.8035426166324775,332.28901271481277,False
568.7,302.875648667046,0.819466498204099,0.8020445933163444,332.3381661064908,True
568.8000000000001,302.875648667046,0.79973556502281,0.8006517687656864,332.3812872974083,False
568.9,302.875648667046,0.8037963894950864,0.7993609455730952,332.4186935836679,False
569.0,302.875648667046,0.800809263010764,0.798168820512255,332.4506953943097,False
569.1,302.875648667046,0.7978370911579801,0.7970720020535685,332.47759670952314,False
569.2,302.875648667046,0.7940220591217716,0.7960670263492416,332.49969534146885,False
569.3000000000001,302.875648667046,0.796125990849375,0.7951503719419082,332.51728309380525,False
569.4,302.875648667046,0.7925159441991538,0.7943184734094431,332.5306458149961,False
569.5,302.875648667046,0.795425351968359,0.7935677341212724,332.5400633596974,False
569.6,302.875648667046,0.7923068044494824,0.7928945382479541,332.5458094719077,False
569.7,302.875648667046,0.79203858515364,0.7922952621358179,332.54815160304105,False
569.8000000000001,302.875648667046,0.7952213821856127,0.7917662851318561,332.54735067759896,False
569.9,302.875648667046,0.7938908150422254,0.7913039999206866,332.5436608186305,False
570.0,302.875648667046,0.7918622184773635,0.7909048224151406,332.53732904464323,False
570.1,302.59321054136694,0.7900928936759103,0.7905652012247378,332.52859494904556,False
570.2,302.59321054136694,0.7879397648179556,0.7903298176641731,332.45743987894633,False
570.3000000000001,302.59321054136694,0.7921614221380653,0.7902374518583078,332.38239486063316,False
570.4,302.59321054136694,0.790182774580485,0.790275890406646,332.3042335287143,False
570.5,302.59321054136694,0.7903434873162253,0.7904331700114076,332.2236960193814,False
570.6,302.59321054136694,0.7866131388089652,0.7906976237266049,332.14148462084904,False
570.7,302.59321054136694,0.7888649853261847,0.7910579260741468,332.0582599666517,False
570.8000000000001,302.59321054136694,0.7875124049903294,0.7915031359107662,331.974637858861,False
570.9,302.59321054136694,0.7921573168624509,0.7920227360617343,331.89118678008714,False
571.0,302.59321054136694,0.7923692050971414,0.792606668895081,331.80842612523554,False
571.1,302.59321054136694,0.7895851871122237,0.7932453671836976,331.72682515769054,False
571.2,302.59321054136694,0.7938118139901444,0.7939297797829601,331.6468026709577,False
571.3000000000001,302.59321054136694,0.7928606721434365,0.794651391829737,331.56872731658865,False
571.4,302.59321054136694,0.7905226067572207,0.7954022393378105,331.49291854293153,False
571.5,302.59321054136694,0.7972110790943283,0.7961749182189425,331.41964807709286,False
571.6,302.59321054136694,0.8007788964689798,0.7969625878939894,331.3491418744136,False
571.7,302.59321054136694,0.7964580923049192,0.7977589697720512,331.2815824554945,False
571.8000000000001,302.59321054136694,0.7998048951934489,0.7985583409664732,331.2171115499375,False
571.9,302.59321054136694,0.7992884231632731,0.7993555236847137,331.155832967986,False
572.0,302.59321054136694,0.7993282255527172,0.8001458707757081,331.0978156255794,False
572.1,302.59321054136694,0.8051894013404829,0.8009252479452409,331.0430966544133,False
572.2,302.59321054136694,0.7993314062306898,0.8016900131592881,330.99168453586344,False
572.3000000000001,302.59321054136694,0.8037626177076447,0.8024369937499066,330.9435622055999,False
572.4,302.59321054136694,0.8005664095114996,0.8031634617207245,330.8986900839534,False
572.5,302.59321054136694,0.8016618358030385,0.8038671077220543,330.8570089952487,False
572.6,302.59321054136694,0.8059776960686766,0.8045460141315899,330.8184429471156,False
572.7,302.59321054136694,0.8032086462203152,0.8051986276377955,330.7829017480247,False
572.8000000000001,302.59321054136694,0.8057897791105341,0.8058237316814045,330.7502834478363,False
572.9,302.59321054136694,0.8053349670917208,0.8064204190675826,330.72047659192265,False
573.0,302.59321054136694,0.8074233049789658,0.8069880650186197,330.6933622843914,False
573.1,302.59321054136694,0.8060757327792482,0.807526300895586,330.668816060116,False
573.2,302.59321054136694,0.8089974603372722,0.8080349887780086,330.64670956869423,False
573.3000000000001,302.59321054136694,0.8066607617965209,0.8085141970539077,330.6269120761734,False
573.4,302.59321054136694,0.8088953413861311,0.8089641771388162,330.60929179245915,False
573.5,302.59321054136694,0.8086721248871789,0.8093853414119508,330.59371703384494,False
573.6,300.8100874026947,0.8075121814826497,0.8097782424305517,330.58005723113524,False
573.7,300.8100874026947,0.807662854223023,0.8104083186757126,330.1955416069197,False
573.8000000000001,300.8100874026947,0.8102374988542438,0.8114876983667475,329.8170984361032,False
573.9,300.8100874026947,0.8081869170488138,0.8129403401537945,329.4494158487246,False
574.0,300.8100874026947,0.8193157813202656,0.8146953244046199,329.096330699833,False
574.1,300.8100874026947,0.818515407076431,0.8166875539008461,328.76083098523657,False
574.2,300.8100874026947,0.8197128108123,0.8188581785824802,328.4450972145384,False
574.3000000000001,300.8100874026947,0.8245751973341496,0.821154771514825,328.1505721510675,False
574.4,300.8100874026947,0.819099259650354,0.8235312946638165,327.87804851790605,False
574.5,300.8100874026947,0.8273493733365778,0.8259478976902319,327.6277654840341,False
574.6,300.8100874026947,0.8252166459830398,0.8283705925201701,327.3995065090383,False
574.7,300.8100874026947,0.8314350218387129,0.8307708426805643,327.1926930509187,False
574.8000000000001,300.8100874026947,0.8329993514514225,0.8331251008211968,327.0064704596589,False
574.9,300.8100874026947,0.8321576385344425,0.8354143216298775,326.8397839336159,False
575.0,300.8100874026947,0.8389506684590018,0.8376234712626213,326.69144364208614,False
575.1,300.8100874026947,0.8420031964669035,0.8397410489151523,326.56017901440447,False
575.2,300.8100874026947,0.8423016668028126,0.8417586314753716,326.44468279966225,False
575.3000000000001,300.8100874026947,0.8440264504316191,0.8436704483749873,326.34364586474794,False
575.4,300.8100874026947,0.8458010875860269,0.8454729907593239,326.2557838785788,False
575.5,300.948874705976,0.844493554348713,0.8471646568221296,326.1798570792587,False
575.6,300.948874705976,0.8486181771885248,0.8487301646743144,326.1426439193359,False
575.7,300.948874705976,0.8515762855978499,0.8501593756556788,326.1129497714741,False
575.8000000000001,300.948874705976,0.8520632014158795,0.8514598345170982,326.0897977491953,False
575.9,300.948874705976,0.8557603630815374,0.8526392368042247,326.0723068622417,False
576.0,300.948874705976,0.8540935614109495,0.8537053107527351,326.0596860962513,False
576.1,300.948874705976,0.8528542480034905,0.8546657206273011,326.05122813995,False
576.2,300.948874705976,0.8563528905766206,0.8555279886800253,326.04630300178655,False
576.3000000000001,300.948874705976,0.8576029256699742,0.856299433186013,326.0443516910362,False
576.4,300.948874705976,0.8560489347019575,0.8569871202855313,326.0448800861515,False
576.5,300.948874705976,0.8587993360663774,0.8575978276181374,326.0474530729307,False
576.6,300.948874705976,0.8597758273604239,0.8581380179709357,326.05168900457596,False
576.7,300.948874705976,0.8574428181000954,0.8586138213794482,326.05725451295,False
576.8000000000001,300.948874705976,0.8606445095381241,0.8590310243152539,326.0638596836427,False
576.9,300.948874705976,0.8760604767023358,0.8593950647701857,326.07125359548013,True
577.0,300.948874705976,0.8573380791433777,0.8597110322035513,326.07922021673755,False
577.1,300.948874705976,0.8599279632585571,0.8599836714579231,326.0875746446852,False
577.2,300.948874705976,0.8617657254683063,0.8602173898719951,326.09615967150626,False
577.3000000000001,300.948874705976,0.860615892451706,0.8604162669273422,326.10484265754457,False
577.4,300.948874705976,0.8621532888036468,0.8605840658610989,326.11351269184786,False
577.5,300.948874705976,0.8598264364725103,0.8607242467600095,326.12207801975325,False
577.6,300.948874705976,0.8447848886029673,0.8608399807242669,326.13046371757787,True
577.7,300.948874705976,0.8611891634544222,0.8609341647532632,326.1386095951475,False
577.8000000000001,300.948874705976,0.857065356125587,0.8610094370608808,326.14646830779145,False
577.9,300.948874705976,0.8616182867567255,0.8610681925762452,326.15400366045304,False
578.0,300.948874705976,0.8640999870069639,0.8611125984277901,326.16118908764895,False
578.1,300.948874705976,0.8619198555421477,0.8611446092448339,326.1680062941066,False
578.2,300.948874705976,0.8603382280463707,0.8611659821423069,326.17444404198636,False
578.3000000000001,300.948874705976,0.8599504913241796,0.8611782912814028,326.180497071634,False
578.4,300.948874705976,0.8611122612918496,0.8611829419222932,326.1861651437973,False
578.5,300.948874705976,0.8653139709389772,0.861181183905089,326.1914521921706,False
578.6,300.948874705976,0.8627515321881005,0.8611741245123847,326.19636557600114,False
578.7,300.948874705976,0.8609368490658293,0.861162740681325,326.2009154233044,False
578.8000000000001,300.948874705976,0.8604331415883913,0.8611478905455127,326.2051140559849,False
578.9,300.948874705976,0.8615378481370737,0.861130324297503,326.2089754888628,False
579.0,300.948874705976,0.8648152736432091,0.8611106943713503,326.21251499525124,False
579.1,300.948874705976,0.8590682279435673,0.8610895649519054,326.2157487323307,False
579.2,300.948874705976,0.8596845326363909,0.8610674208234768,326.2186934201254,False
579.3000000000001,300.948874705976,0.8599807891871136,0.8610446755752769,326.22136606840087,False
579.4,300.948874705976,0.860896437247698,0.8610216791848639,326.2237837462836,False
579.5,300.948874705976,0.8616601416284505,0.86099872500374,326.22596338984886,False
579.6,300.948874705976,0.8648669212681184,0.860976056171473,326.22792164333646,False
579.7,300.948874705976,0.8623439612105708,0.8609538714862756,326.2296747300391,False
579.8000000000001,298.6313379576523,0.8576436326215493,0.8609323307609938,326.2312383492665,False
579.9,298.6313379576523,0.8584006309920966,0.8611692289448782,325.76522409962865,False
580.0,298.6313379576523,0.8613587596569742,0.8618478873838322,325.33555436851714,False
580.1,298.6313379576523,0.8629738079927118,0.8628682304517364,324.94352143911925,False
580.2,298.6313379576523,0.8649117721327428,0.8641447431340232,324.5891201796871,False
580.3000000000001,298.6313379576523,0.8642768410600706,0.8656052760077664,324.27135812443566,False
580.4,298.6313379576523,0.8666806287179306,0.8671896994968482,323.9885327382709,False
580.5,298.6313379576523,0.8665363536544274,0.8688485159441618,323.7384668616682,False
580.6,298.6313379576523,0.8685022934764438,0.8705415040808713,323.5187001875549,False
580.7,298.6313379576523,0.8720882140961674,0.8722364431118752,323.32663901255347,False
580.8000000000001,298.6313379576523,0.8758885276199151,0.8739079430462294,323.1596689378751,False
580.9,298.6313379576523,0.8729518243918029,0.8755363932773151,323.01523622600456,False
581.0,298.6313379576523,0.8792555828384451,0.8771070315715771,322.8909036374388,False
581.1,298.6313379576523,0.8780913129088785,0.8786091293841762,322.7843861562762,False
581.2,298.6313379576523,0.8782950526823506,0.8800352857684762,322.69357133324405,False
581.3000000000001,298.6313379576523,0.8828221490248905,0.8813808202783353,322.61652820553667,False
581.4,298.6313379576523,0.8820597859568986,0.8826432545738073,322.5515080000047,False
581.5,298.6313379576523,0.8841882283097031,0.8838218724979673,322.4969391459401,False
581.6,298.6313379576523,0.8845343186689656,0.8849173488936031,322.4514185400096,False
581.7,298.6313379576523,0.8855789039886446,0.8859314381703207,322.4137005233252,False
581.8000000000001,298.6313379576523,0.8864888908028943,0.8868667144825206,322.3826846429281,False
581.9,298.6313379576523,0.8887820141664508,0.8877263562531023,322.3574029656396,False
582.0,298.6313379576523,0.886857679886123,0.8885139686262964,322.3370074781256,False
582.1,298.6313379576523,0.9309222919653369,0.8892334382274639,322.3207579302278,True
582.2,298.6313379576523,0.8916868054296052,0.8898888153340805,322.30801034745616,False
582.3000000000001,298.6313379576523,0.891916341393247,0.8904842192155062,322.29820634303195,False
582.4,298.6313379576523,0.8918219711881252,0.8910237629800355,322.29086329172526,False
582.5,298.6313379576523,0.8919536600048837,0.89151149477978,322.28556538028465,False
582.6,298.6313379576523,0.8944478393137851,0.8919513526724452,322.28195551722854,False
582.7,298.6313379576523,0.8940702666172222,0.89234713083005,322.27972806407394,False
582.8000000000001,298.6313379576523,0.8932300506111355,0.8927024551241315,322.2786223375751,False
582.9,298.6313379576523,0.8938147803459888,0.8930207664109334,322.27841682587007,False
583.0,298.6313379576523,0.8964751979084697,0.8933053100939721,322.2789240588187,False
583.1,298.6313379576523,0.8968332408625057,0.8935591307601868,322.2799860729526,False
583.2,302.05059838978127,0.8967025976676264,0.8937850708741318,322.28147041340077,False
583.3000000000001,302.05059838978127,0.893365257145411,0.8936904474662835,322.9563015711063,False
583.4,302.05059838978127,0.8960043720502244,0.8930508662891425,323.5562547553728,False
583.5,302.05059838978127,0.8914877916818171,0.8919614068105906,324.09308314888773,False
583.6,302.05059838978127,0.8923022964195544,0.8905049145374004,324.57601576239216,False
583.7,302.05059838978127,0.8899796397299523,0.8887533850421213,325.01238708604086,False
583.8000000000001,302.05059838978127,0.8867026073199191,0.8867692390301636,325.4080950830455,False
583.9,302.05059838978127,0.8859789414314143,0.8846064733420455,325.7679379457365,False
584.0,302.05059838978127,0.8839211279476489,0.8823116867165401,326.09586428329516,False
584.1,302.05059838978127,0.8794450260605711,0.8799249865254066,326.3951608271099,False
584.2,302.05059838978127,0.8777803352692395,0.8774807862230096,326.66859456170323,False
584.3000000000001,302.05059838978127,0.8731331589701121,0.8750085045705879,326.91852127277247,False
584.4,302.05059838978127,0.8776269607962084,0.8725331777733194,327.14696910323835,False
584.5,302.05059838978127,0.8685470559080327,0.8700759950966538,327.35570333257147,False
584.6,302.05059838978127,0.8686052197788141,0.8676547676460854,327.5462769191636,False
584.7,302.05059838978127,0.865546251750555,0.8652843389977843,327.7200701527487,False
584.8000000000001,302.05059838978127,0.8650575941487975,0.8629769453649183,327.87832190715295,False
584.9,302.05059838978127,0.8597557498292254,0.8607425320331833,328.02215436299895,False
585.0,302.05059838978127,0.860601519110728,0.8585890319259833,328.1525926166587,False
585.1,302.05059838978127,0.8592911419235162,0.8565226113746898,328.27058025800943,False
585.2,302.05059838978127,0.8552370849290492,0.8545478874728147,328.37699175195877,False
585.3000000000001,302.05059838978127,0.8520198714155367,0.8526681207802269,328.47264227363337,False
585.4,302.05059838978127,0.8521368941444781,0.8508853866079311,328.558295507722,False
585.5,302.05059838978127,0.8469006419392204,0.8492007276479078,328.6346698166197,False
585.6,302.05059838978127,0.8479459050824062,0.84761429030859,328.7024431009733,False
585.7,302.05059838978127,0.8487614008962417,0.8461254467677328,328.7622566135905,False
585.8000000000001,302.05059838978127,0.8451603692511228,0.8447329044543065,328.81471793876784,False
585.9,302.05059838978127,0.8389608523498335,0.843434804413893,328.86040331047553,False
586.0,302.05059838978127,0.8407931477318386,0.8422288097927441,328.89985941196335,False
586.1,302.05059838978127,0.8410313417527273,0.8411121854896173,328.93360477434885,False
586.2,302.05059838978127,0.8392628280001895,0.8400818698676519,328.9621308712278,False
586.3000000000001,302.05059838978127,0.8353270596503127,0.8391345392872062,328.98590298928326,False
586.4,302.05059838978127,0.8357989299735386,0.8382666661114492,329.00536094051057,False
586.5,302.05059838978127,0.8390613804868076,0.8374745707465648,329.020919669475,False
586.6,302.05059838978127,0.8076251388370912,0.836754468204977,329.03296979856304,True
586.7,302.05059838978127,0.8308331588944126,0.8361025096205537,329.04187814519616,False
586.8000000000001,302.05059838978127,0.8374844855016815,0.8355148190970602,329.0479882372184,False
586.9,302.05059838978127,0.8345245858034447,0.834987526233215,329.05162084599556,False
587.0,302.05059838978127,0.834290660106458,0.8345167946376753,329.05307455104617,False
587.1,302.05059838978127,0.8314990276849678,0.834098846723689,329.0526263451684,False
587.2,302.05059838978127,0.8346652802141071,0.8337299850544638,329.05053228495166,False
587.3000000000001,302.05059838978127,0.8319595105709368,0.8334066104954051,329.0470281881949,False
587.4,302.05059838978127,0.8324682853055052,0.8331252374172272,329.042330377035,False
587.5,302.05059838978127,0.8305731962343226,0.8328825061837094,329.0366364634478,False
587.6,302.05059838978127,0.8283182549260595,0.8326751931488573,329.0301261721699,False
587.7,302.05059838978127,0.8351247109970329,0.8325002183799198,329.0229621949342,False
587.8000000000001,302.05059838978127,0.8301664391999952,0.8323546513146834,329.0152910691617,False
587.9,302.05059838978127,0.8306586214728144,0.8322357145534327,329.007244073847,False
588.0,292.7179745805242,0.8320081858770207,0.8321407859777235,328.9989381352634,False
588.1,292.7179745805242,0.8346819618721997,0.8332728830651747,327.0755605050193,False
588.2,292.7179745805242,0.8352015619515811,0.8363669407454998,325.2738652525028,False
588.3000000000001,292.7179745805242,0.8417914370731755,0.8408091645175905,323.64204945653165,False
588.4,292.7179745805242,0.8497592490214575,0.8461120070351984,322.2026294157315,False
588.5,292.7179745805242,0.852705232142611,0.8519043369705324,320.9589066274199,False
588.6,292.7179745805242,0.85659930687079,0.8579125132432185,319.9015816948434,False
588.7,292.7179745805242,0.8662422222705444,0.8639400647454784,319.0141971525494,False
588.8000000000001,292.7179745805242,0.8681026801386732,0.8698495691602365,318.2770753435126,False
588.9,292.7179745805242,0.8746880665315082,0.8755478579293076,317.669903931709,False
589.0,292.7179745805242,0.9171191571223618,0.8809744903330949,317.17328194151787,True
589.1,292.7179745805242,0.8869478937545123,0.8860929996431712,316.7695387552142,False
589.2,292.7179745805242,0.8877683458966243,0.8908843323017303,316.44307918204925,False
589.3000000000001,292.7179745805242,0.8994298840269086,0.895341961585324,316.1804391153776,False
589.4,292.7179745805242,0.9006996791444932,0.899468257332507,315.9701775515374,False
589.5,292.7179745805242,0.9059125302771537,0.903271790687944,315.8026864186919,False
589.6,292.7179745805242,0.9067794304634874,0.9067653336663674,315.6699685226865,False
589.7,292.7179745805242,0.9129434336529362,0.9099643758939981,315.5654130651782,False
589.8000000000001,292.7179745805242,0.911729423597613,0.9128860276070053,315.4835847462926,False
589.9,292.7179745805242,0.8890215221637009,0.9155482122856502,315.4200340981838,True
590.0,292.7179745805242,0.9178927648605918,0.9179690773079119,315.3711316893575,False
590.1,292.7179745805242,0.9216811488613119,0.9201665692257138,315.3339259932099,False
590.2,292.7179745805242,0.919419365103553,0.9221581335883818,315.3060232196967,False
590.3000000000001,292.7179745805242,0.925704955509005,0.9239605090374454,315.28548673578894,False
590.4,292.7179745805242,0.9248952223616702,0.925589592660123,315.2707535076317,False
590.5,292.7179745805242,0.9259034585972373,0.9270603590169789,315.26056507092335,False
590.6,292.7179745805242,0.9289662336269764,0.9283868193500633,315.25391074437044,False
590.7,292.7179745805242,0.9256617448055161,0.9295820105857047,315.24998106561145,False
590.8000000000001,292.7179745805242,0.9318523744827973,0.9306580061249051,315.2481297047274,False
590.9,292.7179745805242,0.9299481754175467,0.9316259422467958,315.2478423730011,False
591.0,292.7179745805242,0.9333182479830799,0.9324960553701275,315.2487114822049,False
591.1,292.7179745805242,0.9343135129502128,0.9332777265221869,315.25041551798915,False
591.2,292.7179745805242,0.9402559702110188,0.9339795302265712,315.25270226968,False
591.3000000000001,292.7179745805242,0.9292810556843141,0.9346092856955025,315.25537520989906,False
591.4,292.7179745805242,0.933360098923697,0.9351741087402,315.2582824438216,False
591.5,292.7179745805242,0.939584635630211,0.9356804632259224,315.2613077528222,False
591.6,292.7179745805242,0.9341789382338072,0.9361342112210839,315.2643633438824,False
591.7,292.7179745805242,0.9361474785428554,0.9365406612413671,315.2673839873627,False
591.8000000000001,292.7179745805242,0.9363800391201944,0.9369046141848838,315.27032228413475,False
591.9,292.7179745805242,0.9359667076176055,0.9372304067049138,315.2731448508488,False
592.0,292.7179745805242,0.9414458232840031,0.937521951881862,315.2758292511455,False
592.1,292.7179745805242,0.9377821969522211,0.9377827771431876,315.2783615324881,False
592.2,292.7179745805242,0.9371404792711303,0.9380160594450517,315.2807342542815,False
592.3000000000001,296.1999625796286,0.9409756517172262,0.9382246577769963,315.28294491415176,False
592.4,296.1999625796286,0.9372727498678092,0.9382344769633987,315.94610907266457,False
592.5,296.1999625796286,0.9376858308902672,0.9379267819696777,316.49259904660227,False
592.6,296.1999625796286,0.936990069871095,0.9373771026787711,316.94489519203717,False
592.7,296.1999625796286,0.9403169219474102,0.9366485184027614,317.3204934786166,False
592.8000000000001,296.1999625796286,0.9349063944164797,0.9357931038657801,317.6331811773585,False
592.9,296.1999625796286,0.9321970766399624,0.9348533719324682,317.8939481874349,False
593.0,296.1999625796286,0.9686274402831043,0.9338636331764804,318.1116459394577,True
593.1,296.1999625796286,0.9308310247212681,0.9328512338727162,318.2934696869454,False
593.2,296.1999625796286,0.9304580220681247,0.9318376583490008,318.44531595488644,False
593.3000000000001,296.1999625796286,0.9314326534151288,0.9308394954212561,318.57205081146765,False
593.4,296.1999625796286,0.8842885534692242,0.9298692760420028,318.67771376022284,True
593.5,296.1999625796286,0.926431547224538,0.9289361929068506,318.76567465149566,False
593.6,296.1999625796286,0.9279958849690968,0.928046714158484,318.83875593125146,False
593.7,296.1999625796286,0.9249301191361812,0.9272051034700459,318.8993290267295,False
593.8000000000001,296.1999625796286,0.9266744883375054,0.9264138582474134,318.9493912112546,False
593.9,296.1999625796286,0.9233242889475447,0.9256740768033299,318.99062756102916,False
594.0,296.1999625796286,0.9242463576158931,0.9249857643247056,319.02446139020043,False
594.1,296.1999625796286,0.9279219531646475,0.9243480863919747,319.0520956743184,False
594.2,296.1999625796286,0.9220317743941784,0.9237595777798882,319.0745473419015,False
594.3000000000001,296.1999625796286,0.9232558257652426,0.9232183133060194,319.0926758569694,False
594.4,296.1999625796286,0.9248338702882236,0.9227220466122001,319.10720718181994,False
594.5,296.1999625796286,0.9244766429171768,0.9222683219702414,319.118753963799,False
594.6,296.1999625796286,0.9231593110534709,0.9218545634958228,319.1278326075202,False
594.7,296.1999625796286,0.921393118975077,0.9214781455291589,319.1348777573601,False
594.8000000000001,296.1999625796286,0.92347643464922,0.9211364473921108,319.1402546115784,False
594.9,296.1999625796286,0.9200182545482245,0.9208268952521403,319.14426941016046,False
595.0,296.1999625796286,0.9246655832615477,0.9205469934070668,319.14717837704796,False
595.1,296.1999625796286,0.9207154761424068,0.9202943469443097,319.1491953492157,False
595.2,296.1999625796286,0.9169356356903701,0.9200666774178092,319.1504982867253,False
595.3000000000001,296.1999625796286,0.9001218648463104,0.919861832919258,319.1512348270526,True
595.4,296.1999625796286,0.9187607414673336,0.9196777936922091,319.15152702186305,False
595.5,296.1999625796286,0.9203998347936714,0.919512674243174,319.151475373725,False
595.6,296.1999625796286,0.9212119482802619,0.9193647227385872,319.15116227304605,False
595.7,296.1999625796286,0.9213038826605978,0.9192323183365765,319.15065492108084,False
595.8000000000001,296.1999625796286,0.9176352269311009,0.919113966984359,319.1500078126573,False
595.9,296.1999625796286,0.9179498350635039,0.9190082961127335,319.14926484189317,False
596.0,295.58100177710776,0.9190861200872629,0.9189140485758652,319.1484610853076,False
596.1,295.58100177710776,0.9248383897528446,0.9188716108770064,319.02812605967114,False
596.2,295.58100177710776,0.9198481039561981,0.9189068510702427,318.92591511014143,False
596.3000000000001,295.58100177710776,0.9189182482305018,0.9190001409642725,318.83931468082756,False
596.4,295.58100177710776,0.9196273829395955,0.919135667970548,318.7661125068699,False
596.5,295.58100177710776,0.9212160630832283,0.9193007697811988,318.704374466527,False
596.6,295.58100177710776,0.9230587495204069,0.9194853783454553,318.65241891786764,False
596.7,295.58100177710776,0.9194410890620741,0.919681555992421,318.6087904627791,False
596.8000000000001,295.58100177710776,0.918653096845101,0.919883109056287,318.5722343987785,False
596.9,295.58100177710776,0.9188984058653027,0.9200852665725316,318.54167262918475,False
597.0,295.58100177710776,0.919117675233613,0.9202844135329797,318.5161814584215,False
597.1,295.58100177710776,0.9222593217366627,0.9204778698332334,318.4949714639737,False
597.2,295.58100177710776,0.9216592170469523,0.9206637074467959,318.47736948041916,False
597.3000000000001,295.58100177710776,0.9222666790885349,0.9208405995479225,318.4628026316336,False
597.4,295.58100177710776,0.9245114702782544,0.9210076963081487,318.45078428777725,False
597.5,295.58100177710776,0.9207181140484523,0.9211645229371547,318.44090179167904,False
597.6,295.58100177710776,0.9235085952108146,0.9213108962508759,318.43280578574473,False
597.7,295.58100177710776,0.9223747454847834,0.9214468566491884,318.42620096910446,False
597.8000000000001,295.58100177710776,0.9206689796972541,0.921572612889777,318.42083812086685,False
597.9,295.58100177710776,0.9207173099427208,0.9216884974689307,318.41650723592113,False
598.0,295.58100177710776,0.9211638470622943,0.9217949307766787,318.41303163260307,False
598.1,295.58100177710776,0.9220849306841663,0.9218923924935843,318.41026290529305,False
598.2,295.58100177710776,0.9238802758606481,0.9219813989486152,318.40807660874117,False
598.3000000000001,295.58100177710776,0.9241209416571818,0.9220624853693951,318.40636857404894,False
598.4,295.58100177710776,0.9227739281706443,0.9221361921341444,318.4050517684661,False
598.5,295.58100177710776,0.9243185244733386,0.9222030542841017,318.40405362231917,False
598.6,295.58100177710776,0.9228003641213282,0.9222635936806642,318.4033137564295,False
598.7,295.58100177710776,0.9230194198650455,0.9223183132967049,318.4027820523141,False
598.8000000000001,295.58100177710776,0.9221217960914716,0.9223676932196744,318.40241701534734,False
598.9,295.58100177710776,0.9264172331239898,0.9224121880179084,318.4021843879772,False
599.0,295.58100177710776,0.9257200646180376,0.9224522251832596,318.40205597611885,False
599.1,295.58100177710776,0.9215056147930044,0.9224882044147146,318.4020086570891,False
599.2,295.58100177710776,0.9242624001370501,0.922520497550618,318.4020235419787,False
599.3000000000001,295.58100177710776,0.9230299694988799,0.9225494489929023,318.40208526927654,False
599.4,295.58100177710776,0.922121753066463,0.9225753764964364,318.4021814099313,False
599.5,295.58100177710776,0.9240789003316581,0.9225985722212551,318.4023019669373,False
599.6,295.58100177710776,0.9229803973404738,0.9226193039658115,318.4024389550196,False
599.7,295.58100177710776,0.9229575072678317,0.9226378165162172,318.40258604812857,False
599.8000000000001,295.58100177710776,0.9222016658603032,0.9226543330602669,318.4027382842802,False
599.9,295.58100177710776,0.9224819391596959,0.9226690566263851,318.4028918188427,False
600.0,295.58100177710776,0.9199784422576656,0.9226821715168991,318.40304371870525,False
600.1,295.58100177710776,0.9213687004860344,0.9226938447125702,318.4031917909051,False
600.2,295.58100177710776,0.9225406265531357,0.9227042272314129,318.4033344402631,False
600.3000000000001,295.58100177710776,0.9244722974946458,0.9227134554297342,318.4034705514071,False
600.4,295.58100177710776,0.9259298394243912,0.9227216522372382,318.40359939126984,False
600.5,295.58100177710776,0.9234483107030936,0.922728928321152,318.40372052874983,False
600.6,295.58100177710776,0.9203630510719936,0.9227353831767576,318.4038337687353,False
600.7,295.58100177710776,0.9212810865608733,0.9227411061436097,318.4039390981273,False
600.8000000000001,295.58100177710776,0.9236033797631958,0.9227461773481581,318.4040366418682,False
600.9,295.58100177710776,0.9217628681338079,0.9227506685745738,318.40412662729403,False
601.0,295.58100177710776,0.9205542877213111,0.9227546440663654,318.40420935539794,False
601.1,295.58100177710776,0.9221431139133504,0.9227581612619252,318.4042851778151,False
601.2,300.59309552284014,0.9227320792942618,0.9227612714675048,318.404354478533,False
601.3000000000001,300.59309552284014,0.9232578954607538,0.9224366318853745,319.37034913021154,False
601.4,300.59309552284014,0.9196894312021934,0.9215396643151244,320.19329010213363,False
601.5,300.59309552284014,0.9199003371368812,0.9201831344512114,320.9002123857747,False
601.6,300.59309552284014,0.9197347172544508,0.9184651961281874,321.51169592930796,False
601.7,300.59309552284014,0.9178508485965792,0.9164705071968141,322.04363314711895,False
601.8000000000001,300.59309552284014,0.9165428846502989,0.9142715302757218,322.50847186519525,False
601.9,300.59309552284014,0.912983185545318,0.9119298625375942,322.9160991275364,False
602.0,300.59309552284014,0.909721911030659,0.9094975106655782,323.2744765747332,False
602.1,300.59309552284014,0.9113019131616052,0.9070180701301462,323.5901020909934,False
602.2,300.59309552284014,0.904432025371111,0.9045277928798695,323.86834860453246,False
602.3000000000001,300.59309552284014,0.9053496380116961,0.9020565414468242,324.1137150705034,False
602.4,300.59309552284014,0.8985880838227233,0.8996286347787672,324.3300140153301,False
602.5,300.59309552284014,0.8995816059953109,0.8972635945570023,324.52051279796376,False
602.6,300.59309552284014,0.8920745950699388,0.8949768019940674,324.6880407942122,False
602.7,300.59309552284014,0.8942847734666193,0.8927800751238384,324.8350712831811,False
602.8000000000001,300.59309552284014,0.889382624317518,0.8906821759881212,324.96378441630407,False
602.9,300.59309552284014,0.8880574349714587,0.8886892562326613,325.0761159524997,False
603.0,300.59309552284014,0.8862866531988699,0.8868052486481218,325.1737952293119,False
603.1,300.59309552284014,0.8838190128764906,0.8850322112354697,325.2583749623333,False
603.2,300.59309552284014,0.8778496904354259,0.8833706294949955,325.3312548237748,False
603.3000000000001,300.59309552284014,0.8857396897327617,0.8818196818573883,325.3937002771832,False
603.4,300.59309552284014,0.8796086507387355,0.8803774724995034,325.44685779163626,False
603.5,300.59309552284014,0.8762771627937849,0.8790412352124176,325.4917672922469,False
603.6,300.59309552284014,0.8802299408859282,0.8778075115057188,325.52937250125495,False
603.7,300.59309552284014,0.8800044688020395,0.876672305728191,325.56052966892423,False
603.8000000000001,300.59309552284014,0.8754984566795534,0.8756312196491858,325.58601507407946,False
603.9,300.59309552284014,0.8742619904411885,0.8746795686655542,325.60653158187233,False
604.0,300.59309552284014,0.8713567453672649,0.8738124815657055,325.62271447498176,False
604.1,300.59309552284014,0.8738168043719885,0.8730249855860792,325.6351367192651,False
604.2,300.59309552284014,0.8702950116244194,0.8723120783283865,325.6443137823611,False
604.3000000000001,300.59309552284014,0.8755067426590672,0.871668787962055,325.65070809120317,False
604.4,300.59309552284014,0.8707670245848177,0.8710902230103164,325.6547331897258,False
604.5,300.59309552284014,0.8716384674252532,0.8705716129061775,325.65675763958416,False
604.6,300.59309552284014,0.868358306564811,0.8701083404032628,325.657108693134,False
604.7,300.59309552284014,0.8685168605262295,0.8696959668336709,325.656075758169,False
604.8000000000001,300.59309552284014,0.8700995920175116,0.869330251119066,325.6539136671321,False
604.9,300.59309552284014,0.8668503024143214,0.8690071633610048,325.6508457590041,False
605.0,300.59309552284014,0.8704174206539406,0.868722893761228,325.64706677927035,False
605.1,300.59309552284014,0.866864810018003,0.8684738575518278,325.6427456018208,False
605.2,300.59309552284014,0.8688727579132491,0.8682566965485498,325.63802777599074,False
605.3000000000001,300.59309552284014,0.8662342121997237,0.868068277877831,325.63303790191475,False
605.4,300.59309552284014,0.8697188589043053,0.8679056903694473,325.627881837729,False
605.5,300.59309552284014,0.8648721120798225,0.8677662390517733,325.6226487427426,False
605.6,300.59309552284014,0.8675054504887089,0.8676474381356495,325.61741296139263,False
605.7,297.34088652657545,0.8673174850748125,0.8675470028256328,325.6122357534993,False
605.8000000000001,297.34088652657545,0.863995772956559,0.8678075668215574,324.95456234913524,False
605.9,297.34088652657545,0.8670740671846922,0.8686620362209456,324.35512868533823,False
606.0,297.34088652657545,0.8702123998023611,0.8699633047814206,323.81554100157376,False
606.1,297.34088652657545,0.8693986556407632,0.8715887065813654,323.3350036561718,False
606.2,297.34088652657545,0.8728667524001612,0.8734374439386118,322.9110064364506,False
606.3000000000001,297.34088652657545,0.8699872563649519,0.8754278197376669,322.5399114557077,False
606.4,297.34088652657545,0.8776154276818586,0.8774945156741542,322.21742448137445,False
606.5,297.34088652657545,0.8776770577193908,0.8795860573160742,321.9389541838008,False
606.6,297.34088652657545,0.879303490927573,0.8816625359120535,321.6998726884668,False
606.7,297.34088652657545,0.8820926291045044,0.8836936106407366,321.49569468493905,False
606.8000000000001,297.34088652657545,0.8848445378419774,0.885656787174158,321.3221925535757,False
606.9,297.34088652657545,0.8864163609682656,0.8875359532303809,321.1754632478719,False
607.0,297.34088652657545,0.8899380297564855,0.8893201447365643,321.05196014867147,False
607.1,297.34088652657545,0.8927760193240144,0.8910025141140245,320.948500454056,False
607.2,297.34088652657545,0.893462267431454,0.8925794728927474,320.86225623364913,False
607.3000000000001,297.34088652657545,0.8935650283174738,0.8940499830029335,320.7907352058729,False
607.4,297.34088652657545,0.8978492153479881,0.8954149738484656,320.731755623636,False
607.5,297.34088652657545,0.8947696792263594,0.8966768651640515,320.6834183508971,False
607.6,297.34088652657545,0.8969768354138771,0.8978391784362603,320.6440782269309,False
607.7,297.34088652657545,0.8929239851851667,0.8989062222039309,320.6123160879635,False
607.8000000000001,297.34088652657545,0.8998340736126053,0.8998828387982158,320.5869122915485,False
607.9,297.34088652657545,0.8997367718854364,0.9007742020325533,320.5668222196108,False
608.0,297.34088652657545,0.9038508470642186,0.901585657025933,320.5511539821916,False
608.1,297.34088652657545,0.9013625234630935,0.902322594766637,320.53914837457677,False
608.2,297.34088652657545,0.9017640148021745,0.90299035522887,320.53016103186184,False
608.3000000000001,297.34088652657545,0.9081829333076087,0.9035941538713873,320.52364665920607,False
608.4,297.34088652657545,0.9049751097829029,0.9041390272029766,320.51914517983,False
608.5,297.34088652657545,0.9030523216087494,0.9046297938189846,320.51626962662004,False
608.6,297.34088652657545,0.9019192298961077,0.90507102791715,320.51469560013214,False
608.7,297.34088652657545,0.9027804777117678,0.9054670428080474,320.51415212099295,False
608.8000000000001,297.34088652657545,0.9080619766157514,0.9058218823608645,320.5144137148128,False
608.9,297.34088652657545,0.9202646016442508,0.9061393186819943,320.51529358046105,True
609.0,297.34088652657545,0.9074541071999509,0.906422854622978,320.51663770637947,False
609.1,297.34088652657545,0.9073309820235012,0.9066757299648595,320.51831981354525,False
609.2,297.34088652657545,0.9055590636028963,0.9069009303357058,320.52023701712534,False
609.3000000000001,297.34088652657545,0.9059218133217506,0.9071011980933866,320.5223061114394,False
609.4,297.34088652657545,0.9088357472560877,0.9072790445521056,320.52446039438837,False
609.5,297.34088652657545,0.9068709182705023,0.9074367630532272,320.5266469579423,False
609.6,297.34088652657545,0.9068571363057101,0.9075764424824647,320.5288243806208,False
609.7,297.34088652657545,0.9071292777200801,0.9076999809197488,320.53096076619175,False
609.8000000000001,297.34088652657545,0.9079403797049895,0.9078090991777981,320.5330320801326,False
609.9,297.34088652657545,0.9105760730709103,0.9079053540428846,320.5350207418248,False
610.0,297.34088652657545,0.9087250849163343,0.9079901510784671,320.5369144360804,False
610.1,297.34088652657545,0.9098748096467734,0.9080647568909095,320.53870511251273,False
610.2,297.34088652657545,0.9060189257817944,0.9081303107878059,320.54038814554207,False
610.3000000000001,297.34088652657545,0.9062249962777796,0.9081878357846769,320.54196163155126,False
610.4,297.34088652657545,0.9107311937940518,0.9082382489359797,320.5434258029395,False
610.5,297.34088652657545,0.9091924109807474,0.9082823709823479,320.5447825416307,False
610.6,297.34088652657545,0.9089243930881942,0.9083209353184369,320.5460349770242,False
610.7,297.34088652657545,0.9079558029339443,0.9083545962953301,320.54718715548734,False
610.8000000000001,297.34088652657545,0.9115216158451602,0.9083839368786426,320.5482437703121,False
610.9,297.34088652657545,0.9091457368154061,0.9084094756886997,320.54920994264046,False
611.0,297.34088652657545,0.9076526823362586,0.9084316734528026,320.550091045226,False
611.1,297.34088652657545,0.9076599262358493,0.9084509389019536,320.5508925620834,False
611.2,297.34088652657545,0.9079098823000777,0.9084676341457283,320.5516199780918,False
611.3000000000001,297.34088652657545,0.9102556506973295,0.9084820795594896,320.5522786935005,False
611.4,297.34088652657545,0.9097782276447783,0.9084945582179899,320.55287395904077,False
611.5,297.34088652657545,0.9096173973844692,0.908505319908777,320.5534108279995,False
611.6,297.34088652657545,0.9123318281397502,0.9085145847578039,320.55389412217204,False
611.7,301.65281796458976,0.9094547893347465,0.9085225464983581,320.55432840909094,False
611.8000000000001,301.65281796458976,0.9083817805843101,0.9081993207830724,321.3951783952783,False
611.9,301.65281796458976,0.908699913657621,0.9072938589400596,322.1281286120558,False
612.0,301.65281796458976,0.9071312076177498,0.9059134436430474,322.7720792676864,False
612.1,301.65281796458976,0.9008398353448068,0.9041515156482136,323.3415907859978,False
612.2,301.65281796458976,0.9000559846180243,0.9020890374677429,323.84802868562014,False
612.3000000000001,301.65281796458976,0.9013423248661281,0.8997958561858473,324.3003798871523,False
612.4,301.65281796458976,0.8990813939322463,0.8973319930562683,324.70584140579115,False
612.5,301.65281796458976,0.8942622078203437,0.8947488259643175,325.07024962010934,False
612.6,301.65281796458976,0.8912176472455515,0.8920901530040268,325.3983966207728,False
612.7,292.95496359436385,0.8867793429911529,0.8893931377171926,325.69426568121463,False
612.8000000000001,292.95496359436385,0.8879303111507783,0.8876268192189172,324.2128255171053,False
612.9,292.95496359436385,0.8880707520534268,0.887407340915171,322.865675029511,False
613.0,292.95496359436385,0.8896548905916996,0.8883099866807683,321.66941344676576,False
613.1,292.95496359436385,0.8892187075422315,0.8899992002950421,320.627013641847,False
613.2,292.95496359436385,0.8910833685752856,0.8922159458131769,319.7322459306875,False
613.3000000000001,292.95496359436385,0.8967470336304201,0.8947637151109636,318.9733984111786,False
613.4,292.95496359436385,0.8972721911089129,0.8974955704145446,318.33605886275615,False
613.5,292.95496359436385,0.9005323018236752,0.9003031429295563,317.80501808140343,False
613.6,292.95496359436385,0.899857947438348,0.9031077257774772,317.3654685659711,False
613.7,292.95496359436385,0.9049033691287933,0.9058532536762983,317.00368821446335,False
613.8000000000001,292.95496359436385,0.911131003035767,0.9085008517605029,316.70737233040325,False
613.9,292.95496359436385,0.9137007195183432,0.9110246357750823,316.4657393338853,False
614.0,292.95496359436385,0.9129060792120269,0.9134084880399256,316.26949989081834,False
614.1,292.95496359436385,0.9165914392023679,0.9156435856200112,316.11075041221847,False
614.2,292.95496359436385,0.9178655279912346,0.9177265055514883,315.9828305384757,False
614.3000000000001,292.95496359436385,0.9238196539550483,0.9196577723539073,315.88016921764915,False
614.4000000000001,292.95496359436385,0.9163342051067586,0.9214407449909564,315.7981338436217,False
614.5,292.95496359436385,0.9229296015993995,0.9230807650018841,315.73289029195047,False
614.6,292.95496359436385,0.9180401208949233,0.924584506153332,315.6812775032783,False
614.7,292.95496359436385,0.927456364712109,0.9259594800084523,315.640697718558,False
614.8000000000001,292.95496359436385,0.9303585748089398,0.9272136623968179,315.609022001356,False
614.9000000000001,292.95496359436385,0.9281405295933134,0.9283552137684488,315.5845099013223,False
615.0,292.95496359436385,0.9296985696635514,0.9293922724885305,315.56574175868275,False
615.1,292.95496359436385,0.9313577748198615,0.9303328047667401,315.55156205097387,False
615.2,292.95496359436385,0.9335850415219719,0.9311844984781813,315.54103222990216,False
615.3000000000001,292.95496359436385,0.9276916319847787,0.9319546908878121,315.53339161871946,False
615.4000000000001,292.95496359436385,0.9319591566642916,0.932650322432868,315.52802509628793,False
615.5,292.95496359436385,0.9339093379208216,0.9332779103933284,315.524436457919,False
615.6,292.95496359436385,0.9330769137424736,0.9338435375967377,315.52222650094353,False
615.7,292.95496359436385,0.9330332405479458,0.9343528523419706,315.5210750276435,False
615.8000000000001,300.6807008607566,0.9330128062646903,0.9348110765479521,315.52072608657915,False
615.9000000000001,300.6807008607566,0.9342369044610596,0.9348152008100141,316.9909642263953,False
616.0,300.6807008607566,0.9345319303324721,0.9340562215576903,318.2141826455328,False
616.1,300.6807008607566,0.8905411213228797,0.9326711351197403,319.24390458555547,True
616.2,300.6807008607566,0.9309848973763565,0.9307832268309114,320.1195543603888,False
616.3000000000001,300.6807008607566,0.9266853742339681,0.9285012979230348,320.8705958074869,False
616.4000000000001,300.6807008607566,0.9261782274147522,0.92592001381492,321.5193736221698,False
616.5,300.6807008607566,0.9252444410701486,0.9231208402098549,322.08308267038376,False
616.6,300.6807008607566,0.9190906974081586,0.9201732424221155,322.57514758521296,False
616.7,300.6807008607566,0.91696598669219,0.9171359595863836,323.0062000998895,False
616.8000000000001,300.6807008607566,0.9156072985103004,0.9140582501651637,323.38477917386183,False
616.9000000000001,300.6807008607566,0.9097496048060998,0.9109810562427754,323.7178379846487,False
617.0,300.6807008607566,0.9076397301036531,0.9079380639285309,324.01111484047703,False
617.1,300.6807008607566,0.9050083851965243,0.9049566540466721,324.2694071408409,False
617.2,300.6807008607566,0.9030784134983061,0.9020587463420688,324.49677551433086,False
617.3000000000001,300.6807008607566,0.8953599868937052,0.8992615448832715,324.6966971567767,False
617.4000000000001,300.6807008607566,0.8970675202984677,0.8965781941473278,324.8721818595869,False
617.5,300.6807008607566,0.8931850465396777,0.8940183555963239,325.02586040124703,False
617.6,300.6807008607566,0.8914125137854868,0.8915887141017191,325.16005231332946,False
617.7,300.6807008607566,0.891290869187323,0.8892934227488853,325.2768181559178,False
617.8000000000001,300.6807008607566,0.888231882686856,0.887134493596481,325.37800009966116,False
617.9000000000001,300.6807008607566,0.8896041411516442,0.8851121410043846,325.46525364730275,False
618.0,300.6807008607566,0.8842487034126981,0.8832250832483594,325.54007262442195,False
618.1,300.6807008607566,0.8775625435851085,0.8814708073408787,325.6038090507456,False
618.2,300.6807008607566,0.8786301442907016,0.879845801285548,325.6576891170231,False
618.3000000000001,300.6807008607566,0.8791040356343096,0.8783457574051124,325.7028262015293,False
618.4000000000001,300.6807008607566,0.8771614951673621,0.8769657498915077,325.7402316391425,False
618.5,300.6807008607566,0.8782188171364155,0.8757003893191802,325.7708237865552,False
618.6,300.6807008607566,0.8708490790634914,0.8745439565274541,325.795435796612,False
618.7,300.6807008607566,0.8743461106908536,0.8734905180018291,325.8148224137195,False
618.8000000000001,300.6807008607566,0.8727925067266317,0.8725340246565474,325.8296660239439,False
618.9000000000001,300.6807008607566,0.8720978013878086,0.8716683957316714,325.84058213275483,False
619.0,300.6807008607566,0.8705057218574586,0.8708875893588436,325.84812439659044,False
619.1,300.6807008607566,0.8797388847723988,0.8701856612139246,325.85278929858777,True
619.2,300.6807008607566,0.8666866941193131,0.8695568125561242,325.85502053167636,False
619.3000000000001,300.6807008607566,0.8726050746808484,0.8689954288478902,325.85521313197034,False
619.4000000000001,300.6807008607566,0.8665545541840627,0.8684961100541687,325.85371739056626,False
619.5,300.6807008607566,0.8700489168971554,0.8680536936314375,325.8508425612992,False
619.6,300.6807008607566,0.8672365505402729,0.8676632711344031,325.8468603747718,False
619.7,300.6807008607566,0.866989229098413,0.8673201992903278,325.8420083642761,False
619.8000000000001,300.6807008607566,0.87076430723966,0.8670201063169336,325.8364930064472,False
619.9000000000001,300.6807008607566,0.8663681802687424,0.8667588941893488,325.83049267810827,False
620.0,300.6807008607566,0.8688265313105662,0.8665327374944553,325.8241604303841,False
620.1,300.6807008607566,0.8661070825001366,0.8663380794472569,325.81762658144834,False
620.2,300.6807008607566,0.8673453010018877,0.8661716255835711,325.8110011299811,False
620.3000000000001,300.6807008607566,0.8652453272968633,0.8660303355865362,325.80437599235347,False
620.4000000000001,300.6807008607566,0.8638740645418862,0.865911413651236,325.7978270675871,False
620.5,300.6807008607566,0.8643762661421522,0.8658122977422074,325.7914161351535,False
620.6,300.6807008607566,0.8673370995658756,0.8657306480527781,325.7851925916147,False
620.7,300.6807008607566,0.8665848155918964,0.8656643349330606,325.7791950329181,False
620.8000000000001,300.6807008607566,0.8663047052192248,0.8656114265149555,325.77345268981935,False
620.9000000000001,300.79116017687727,0.8651749045830051,0.8655701762276132,325.7679867244122,False
621.0,300.79116017687727,0.8659805255638817,0.8655269633406741,325.7850436408378,False
621.1,300.79116017687727,0.8672609881738861,0.8654713061921204,325.8006893149372,False
621.2,300.79116017687727,0.8657846836688482,0.8654059907597232,325.8149965751268,False
621.3000000000001,300.79116017687727,0.8657511829622208,0.8653334262511027,325.8280399836049,False
621.4000000000001,300.79116017687727,0.8624600659712318,0.8652556840266175,325.83989479275726,False
621.5,300.79116017687727,0.8639384166956023,0.8651745334194254,325.85063606590876,False
621.6,300.79116017687727,0.8637255825958113,0.8650914746161998,325.86033794357206,False
621.7,300.79116017687727,0.8632533058323827,0.8650077687624638,325.8690730383366,False
621.8000000000001,300.79116017687727,0.8654252936348976,0.8649244654554427,325.8769119432771,False
621.9000000000001,300.79116017687727,0.8684641694208559,0.8648424277851045,325.88392284027594,False
622.0,300.79116017687727,0.8674587468241237,0.8647623550808421,325.8901711959948,False
622.1,300.79116017687727,0.8657721778759907,0.8646848035172184,325.8957195344238,False
622.2,300.79116017687727,0.8626515638983233,0.8646102047275148,325.90062727601094,False
622.3000000000001,300.79116017687727,0.8657503291047848,0.864538882568608,325.90495063434423,False
622.4000000000001,300.79116017687727,0.8677482667207824,0.8644710681750777,325.9087425622444,False
622.5,300.79116017687727,0.8622401423531709,0.8644069134345062,325.91205273993603,False
622.6,300.79116017687727,0.8627582782858894,0.864346503009764,325.9149275987093,False
622.7,300.79116017687727,0.8590488499715749,0.8642898650277588,325.9174103741696,False
622.8000000000001,300.79116017687727,0.8611544189897871,0.864236980547719,325.91954118380556,False
622.9000000000001,300.79116017687727,0.868078591853951,0.8641877919156652,325.9213571241888,False
623.0,300.79116017687727,0.8680448117251869,0.8641422101053253,325.92289238365765,False
623.1,300.79116017687727,0.8657114966582813,0.8641001211394321,325.92417836683234,False
623.2,300.79116017687727,0.864885413538263,0.8640613916791414,325.9252438277629,False
623.3000000000001,300.79116017687727,0.862930917570602,0.8640258738632607,325.92611500893094,False
623.4000000000001,300.79116017687727,0.8656945345409433,0.8639934094731075,325.92681578370343,False
623.5,300.79116017687727,0.8636023284222698,0.8639638334931528,325.9273678001861,False
623.6,300.79116017687727,0.8679270886840503,0.8639369771321626,325.9277906247357,False
623.7,300.79116017687727,0.8658954550379534,0.8639126703643532,325.9281018836732,False
623.8000000000001,300.79116017687727,0.8659911186955702,0.8638907440451193,325.92831740199546,False
623.9000000000001,300.79116017687727,0.864229106378584,0.8638710316512055,325.9284513381065,False
624.0,300.79116017687727,0.8626217629522591,0.8638533706907576,325.92851631379335,False
624.1,300.79116017687727,0.8662646786738731,0.8638376038245272,325.9285235388462,False
624.2,300.79116017687727,0.8630440552081444,0.8638235797355951,325.92848292987986,False
624.3000000000001,300.79116017687727,0.8611818511344234,0.8638111537813374,325.9284032230473,False
624.4000000000001,300.79116017687727,0.866299550030737,0.8638001884579678,325.92829208045333,False
624.5,300.79116017687727,0.8654630612609902,0.863790553704844,325.9281561901755,False
624.6,300.79116017687727,0.8638052219994228,0.8637821270728289,325.9280013598857,False
624.7,300.79116017687727,0.8647644533498711,0.8637747937783139,325.9278326041336,False
624.8000000000001,300.79116017687727,0.8689380802916816,0.863768446662071,325.92765422541476,False
624.9000000000001,300.79116017687727,0.8590776649090196,0.8637629860698418,325.9274698891908,False
625.0,300.79116017687727,0.8636175576951323,0.8637583196695388,325.9272826930693,False
625.1,300.79116017687727,0.8646554911001288,0.8637543622180638,325.92709523037763,False
625.2,300.79116017687727,0.8632068439217376,0.8637510352890725,325.9269096483895,False
625.3000000000001,300.79116017687727,0.8621094497178531,0.8637482669714884,325.9267277014751,False
625.4000000000001,300.79116017687727,0.8668098188987046,0.863745991547206,325.92655079945825,False
625.5,300.7630310102066,0.8683782403149597,0.8637441491551932,325.926380051467,False
625.6,300.7630310102066,0.8657597805913702,0.8637457847900619,325.9205485653586,False
625.7,300.7630310102066,0.8664007314430345,0.8637531848243689,325.91515041033074,False
625.8000000000001,300.7630310102066,0.8623934663549312,0.8637652652233049,325.91017148744396,False
625.9000000000001,300.7630310102066,0.8389090362983012,0.8637810773040666,325.90559535889776,True
626.0,300.7630310102066,0.8645573817277226,0.8637997949832208,325.9014038473633,False
626.1,300.7630310102066,0.8655378828613564,0.8638207028412593,325.8975775506098,False
626.2,300.7630310102066,0.863339208197896,0.863843184999938,325.8940962801141,False
626.3000000000001,300.7630310102066,0.8666067615200088,0.8638667147991906,325.89093943177244,False
626.4000000000001,300.7630310102066,0.864666066335024,0.8638908452533018,325.8880862962518,False
626.5,300.7630310102066,0.8657537542523347,0.8639152002604154,325.8855163159378,False
626.6,300.7630310102066,0.8671623184804057,0.8639394665351536,325.8832092948632,False
626.7,300.7630310102066,0.8652387239565619,0.863963386230937,325.88114556744625,False
626.8000000000001,300.7630310102066,0.862241460527209,0.8639867502163794,325.8793061313374,False
626.9000000000001,300.7630310102066,0.8615756792144481,0.8640093919687407,325.87767274916354,False
627.0,300.7630310102066,0.8628378727813223,0.8640311820467182,325.87622802348557,False
627.1,300.7630310102066,0.8638882002782654,0.8640520231047287,325.8749554488348,False
627.2,300.7630310102066,0.8639797982576582,0.8640718454111842,325.8738394442828,False
627.3000000000001,300.7630310102066,0.8632435984096826,0.8640906028339985,325.8728653696119,False
627.4000000000001,300.7630310102066,0.8646990733833906,0.8641082692576009,325.8720195278039,False
627.5,300.7630310102066,0.8643395570529329,0.8641248353970106,325.87128915624055,False
627.6,300.7630310102066,0.8652748260374915,0.8641403059759889,325.8706624087159,False
627.7,300.7630310102066,0.8632807117367249,0.8641546972378705,325.87012833009436,False
627.8000000000001,300.7630310102066,0.8664460016432466,0.8641680347593549,325.86967682520844,False
627.9000000000001,300.7630310102066,0.8596150256237971,0.8641803515392648,325.86929862337223,False
628.0,300.7630310102066,0.8648819619497182,0.8641916863360296,325.8689852396941,False
628.1,300.7630310102066,0.8643769245719081,0.864202082229397,325.8687289341993,False
628.2,300.7630310102066,0.865413072053102,0.8642115853835975,325.8685226696171,False
628.3000000000001,300.7630310102066,0.8677964509883377,0.8642202439908735,325.86836006855333,False
628.4000000000001,300.7630310102066,0.8660767980148613,0.8642281073759076,325.86823537064635,False
628.5,300.7630310102066,0.8646760684388232,0.8642352252432625,325.86814339020026,False
628.6,300.7630310102066,0.8634166232637986,0.8642416470514345,325.86807947469555,False
628.7,300.7630310102066,0.865598262520972,0.8642474214985504,325.86803946449635,False
628.8000000000001,300.7630310102066,0.8638208990131405,0.8642525961060826,325.86801965400485,False
628.9000000000001,300.7630310102066,0.8634013016459536,0.8642572168882212,325.86801675444997,False
629.0,300.7630310102066,0.8666042697091958,0.8642613280957282,325.8680278584488,False
629.1,300.7630310102066,0.8648290596379979,0.8642649720242024,325.86805040643225,False
629.2,300.7630310102066,0.865104271445237,0.864268188877712,325.86808215499065,False
629.3000000000001,300.7630310102066,0.8643239905648247,0.8642710166796979,325.8681211471623,False
629.4000000000001,300.7630310102066,0.8626114311509896,0.8642734912239315,325.8681656846623,False
629.5,300.7630310102066,0.8602044443660346,0.8642756460591109,325.8682143020275,False
629.6,300.7630310102066,0.8652873648094969,0.8642775125014184,325.86826574263586,False
629.7,300.7630310102066,0.865649965074701,0.8642791196700365,325.86831893654363,False
629.8000000000001,300.7630310102066,0.8647382372728591,0.864280494541227,325.86837298007526,False
629.9000000000001,300.7630310102066,0.8621390390201898,0.864281662017139,325.86842711708977,False
630.0,294.4786128606323,0.8633481877567378,0.864282645006007,325.8684807218437,False
630.1,294.4786128606323,0.864834499072211,0.8649502354594317,324.6073792101945,False
630.2,294.4786128606323,0.863822292488924,0.8667023850895329,323.46536035748517,False
630.3000000000001,294.4786128606323,0.8689284948060929,0.8692192706749418,322.45159567845474,False
630.4000000000001,294.4786128606323,0.8726504327999292,0.8722468321090034,321.5661415592465,False
630.5,294.4786128606323,0.8755641017218392,0.8755876834690689,320.80290707195195,False
630.6,294.4786128606323,0.8767292883627898,0.8790913305786316,320.152121488852,False
630.7,294.4786128606323,0.8819888617314099,0.8826450514320275,319.6021932196534,False
630.8000000000001,294.4786128606323,0.9218021912210692,0.8861660073358782,319.1410044138434,True
630.9000000000001,294.4786128606323,0.8870727527514523,0.8895947070057343,318.7567469925324,False
631.0,294.4786128606323,0.8901896511484423,0.8928897300668794,318.43841586612115,False
631.1,294.4786128606323,0.8958649022325091,0.8960235336015719,318.1760613809006,False
631.2,294.4786128606323,0.8974801765666688,0.898979150789449,317.9608816937694,False
631.3000000000001,294.4786128606323,0.9058095846028326,0.9017476065713432,317.78521468223585,False
631.4000000000001,294.4786128606323,0.9045595661822952,0.9043259017119276,317.6424712707821,False
631.5,294.4786128606323,0.9072834873132065,0.9067154441353981,317.52703838659767,False
631.6,294.4786128606323,0.9088320745211768,0.9089208310189615,317.4341697839662,False
631.7,294.4786128606323,0.9096407294580483,0.9109489056627771,317.3598759860396,False
631.8000000000001,294.4786128606323,0.9144147177004801,0.912808029662353,317.30081985342304,False
631.9000000000001,294.4786128606323,0.9155573629941651,0.9145075239138271,317.25422117469634,False
632.0,294.4786128606323,0.9172687031108274,0.9160572421208212,317.2177716948966,False
632.1,294.4786128606323,0.9183069780331907,0.9174672483406011,317.1895607909102,False
632.2,294.4786128606323,0.9151633199558636,0.9187475762115687,317.16801130793317,False
632.3000000000001,294.4786128606323,0.9210511397479684,0.9199080522482713,317.15182470782486,False
632.4000000000001,294.4786128606323,0.9205087444189591,0.9209581692895059,317.1399345251394,False
632.5,294.4786128606323,0.921958554593447,0.9219069990816747,317.1314670976431,False
632.6,296.5919292342482,0.9247167356039987,0.9227631352576012,317.12570858140066,False
632.7,296.5919292342482,0.9228444304614574,0.9234125099268463,317.5262419511578,False
632.8000000000001,296.5919292342482,0.9212577970771908,0.9237799150771088,317.8617693001662,False
632.9000000000001,296.5919292342482,0.924853441940918,0.9239237847856302,318.1436184895927,False
633.0,296.5919292342482,0.9280311534812233,0.9238929410498804,318.38086926514495,False
633.1,296.5919292342482,0.9211767319080977,0.9237279239216497,318.58087262330037,False
633.2,296.5919292342482,0.9241326844951218,0.9234621860188361,318.749633820756,False
633.3000000000001,296.5919292342482,0.9223946525931045,0.9231231490259406,318.8920981517262,False
633.4000000000001,296.5919292342482,0.9252070246350402,0.9227331281754823,319.01236668413094,False
633.5,296.5919292342482,0.9223195135651993,0.9223101348605927,319.1138610282499,False
633.6,296.5919292342482,0.9192729241675941,0.9218685692255396,319.1994506401357,False
633.7,296.5919292342482,0.9173570111966394,0.9214198148823244,319.27155230378264,False
633.8000000000001,296.5919292342482,0.923866672043258,0.9209727474463945,319.3322087405174,False
633.9000000000001,296.5919292342482,0.9204918777143739,0.9205341677452753,319.38315139462907,False
634.0,296.5919292342482,0.9186141636132962,0.9201091695592171,319.42585109560264,False
634.1,296.5919292342482,0.9193356224196316,0.9197014507150527,319.4615593317778,False
634.2,296.5919292342482,0.9193101918913098,0.9193135753497068,319.49134217440564,False
634.3000000000001,296.5919292342482,0.917334921331914,0.9189471942196932,319.5161083859435,False
634.4000000000001,296.5919292342482,0.9181563930269535,0.9186032290734952,319.5366328772555,False
634.5,296.5919292342482,0.9197302671337555,0.9182820263294562,319.55357640673736,False
634.6,296.5919292342482,0.9154735974485174,0.9179834846111695,319.5675022130813,False
634.7,296.5919292342482,0.9198691228810544,0.917707160080673,319.5788901231346,False
634.8000000000001,296.5919292342482,0.9161869323476811,0.9174523529708307,319.5881485632468,False
634.9000000000001,296.5919292342482,0.9177135461022329,0.9172181782454435,319.5956248167192,False
635.0,296.5919292342482,0.9199682783771858,0.9170036229021801,319.6016138042816,False
635.1,296.5919292342482,0.9147704031551261,0.916807592072979,319.6063656137257,False
635.2,296.5919292342482,0.9165650499158078,0.9166289457631787,319.610091965127,False
635.3000000000001,296.5919292342482,0.9173529174564826,0.9164665277988355,319.612971766731,False
635.4000000000001,296.5919292342482,0.9181709311831837,0.9163191883165351,319.6151558915221,False
635.5,296.5919292342482,0.9145612788744155,0.9161858009270172,319.61677128425754,False
635.6,296.5919292342482,0.9189622131618502,0.9160652755091375,319.6179244922167,False
635.7,297.9555098199318,0.912078174127592,0.9159565674405062,319.6187046992771,False
635.8000000000001,297.9555098199318,0.9162312984573382,0.9157628282169143,319.8832974205462,False
635.9000000000001,297.9555098199318,0.9132656431548493,0.9154168952086609,320.10970019503696,False
636.0,297.9555098199318,0.9146266766375205,0.9149567816294767,320.3036309342388,False
636.1,297.9555098199318,0.915995329621382,0.9144139857859434,320.46983359222406,False
636.2,297.9555098199318,0.913291520688107,0.9138144259130591,320.61227775422924,False
636.3000000000001,297.9555098199318,0.9152146588883526,0.9131792593752828,320.73431018810163,False
636.4000000000001,297.9555098199318,0.9129188843743568,0.9125255970823699,320.83877115883325,False
636.5,297.9555098199318,0.9131563237700854,0.9118671241696165,320.92808467161905,False
636.6,297.9555098199318,0.9122553845404009,0.91121463753117,321.00432926048535,False
636.7,297.9555098199318,0.9063321069755176,0.9105765100230218,321.06929413673316,False
636.8000000000001,297.9555098199318,0.9132142073734946,0.9099590902509841,321.1245242247232,False
636.9000000000001,297.9555098199318,0.9063157069715049,0.9093670459445533,321.17135668714815,False
637.0,297.9555098199318,0.9092452101956233,0.9088036580418984,321.21095087155186,False
637.1,297.9555098199318,0.9089246186704584,0.9082710718008881,321.24431312110465,False
637.2,297.9555098199318,0.9044487572894975,0.9077705105154742,321.27231753430345,False
637.3000000000001,297.9555098199318,0.8659008965801319,0.9073024567563922,321.29572349422193,True
637.4000000000001,297.9555098199318,0.9057234274477071,0.9068668054660762,321.31519059252065,False
637.5,297.9555098199318,0.9047181244623829,0.9064629927140507,321.3312914282089,False
637.6,297.9555098199318,0.9067034160861965,0.9060901034544272,321.34452265282727,False
637.7,297.9555098199318,0.9062073756464633,0.9057469612152229,321.3553145525971,False
637.8000000000001,297.9555098199318,0.905595898404419,0.9054322022842495,321.3640393970799,False
637.9000000000001,297.9555098199318,0.9055634001361383,0.9051443366330516,321.37101873778994,False
638.0,297.9555098199318,0.9021662590206749,0.9048817975342228,321.37652980517186,False
638.1,297.9555098199318,0.9054718146855664,0.9046429815742855,321.380811125543,False
638.2,297.9555098199318,0.9020559270998846,0.9044262805406265,321.3840674589131,False
638.3000000000001,297.9555098199318,0.9033852632169674,0.9042301064635425,321.38647414246645,False
638.4000000000001,297.9555098199318,0.9029473759593881,0.9040529109204525,321.3881809117784,False
638.5,296.47642580703234,0.9011130736191937,0.9038931995562753,321.3893152616752,False
638.6,296.47642580703234,0.9050147245191631,0.9038664654142213,321.10097595253535,False
638.7,296.47642580703234,0.9072124807644919,0.9040483454919421,320.85047520092456,False
638.8000000000001,296.47642580703234,0.9037397544512541,0.9043861377968787,320.6339436719303,False
638.9000000000001,296.47642580703234,0.906226221904969,0.9048370574856401,320.44761653931295,False
639.0,296.47642580703234,0.9038058165305245,0.9053666204183802,320.28793266020006,False
639.1,296.47642580703234,0.9070541495834702,0.9059472544577006,320.1515933860783,False
639.2,296.47642580703234,0.9098612142105063,0.9065571163513206,320.0355918557822,False
639.3000000000001,296.47642580703234,0.9086927593364444,0.9071790901430892,319.9372214796779,False
639.4000000000001,296.47642580703234,0.9056743487251531,0.9077999434615925,319.8540703589455,False
639.5,296.47642580703234,0.9086167988238494,0.9084096196650786,319.78400670496205,False
639.6,296.47642580703234,0.9082798205358954,0.9090006460034119,319.72515895789206,False
639.7,296.47642580703234,0.9090201098220976,0.9095676403082845,319.67589323194863,False
639.8000000000001,296.47642580703234,0.913914766289899,0.910106901012732,319.6347898972431,False
639.9000000000001,296.47642580703234,0.9095024379067495,0.9106160674207805,319.6006204993909,False
640.0,296.47642580703234,0.9095473595964502,0.9110938390487865,319.57232577462696,False
640.1,296.47642580703234,0.9129012241651786,0.9115397445302569,319.5489952021551,False
640.2,296.47642580703234,0.9102449267478411,0.9119539520242437,319.5298483154163,False
640.3000000000001,296.47642580703234,0.9101543360769456,0.9123371143121186,319.5142178448775,False
640.4000000000001,296.47642580703234,0.9085508418810404,0.9126902428308759,319.50153466739476,False
640.5,296.47642580703234,0.9103833905060844,0.9130146057958182,319.49131447644385,False
640.6,296.47642580703234,0.9120232936132292,0.9133116463331078,319.48314605253205,False
640.7,296.47642580703234,0.9122339840821432,0.9135829171927647,319.47668099581585,False
640.8000000000001,296.47642580703234,0.9147397475825696,0.9138300291625522,319.4716247775005,False
640.9000000000001,296.47642580703234,0.9144104628117075,0.9140546107678357,319.46772896879565,False
641.0,296.47642580703234,0.9172325387807143,0.9142582772348632,319.4647845131113,False
641.1,296.47642580703234,0.9154977328134591,0.9144426070260335,319.46261591675466,False
641.2,296.47642580703234,0.9140153243131931,0.9146091245349977,319.46107624425457,False
641.3000000000001,296.47642580703234,0.9149764236378573,0.9147592877648384,319.4600428156765,False
641.4000000000001,296.47642580703234,0.9193369426660526,0.9148944800108607,319.4594135143147,False
641.5,296.47642580703234,0.9154302925177299,0.9150160047364004,319.45910362360394,False
641.6,296.47642580703234,0.9167669387492637,0.9151250829703748,319.459043121781,False
641.7,296.47642580703234,0.9180657824456959,0.9152228526731467,319.4591743716591,False
641.8000000000001,296.47642580703234,0.9142839554100309,0.9153103696161219,319.4594501508277,False
641.9000000000001,296.47642580703234,0.9170211934662583,0.9153886094032773,319.45983197468166,False
642.0,296.47642580703234,0.9164161573540217,0.9154584703320361,319.4602886709641,False
642.1,296.47642580703234,0.9148927525649467,0.9155207768486445,319.4607951700339,False
642.2,296.47642580703234,0.9185482660807651,0.9155762834012847,319.46133147991867,False
642.3000000000001,296.47642580703234,0.9139217762607643,0.9156256785340668,319.4618818194434,False
642.4000000000001,292.00330759117617,0.9151432115450283,0.9156695890980906,319.46243388641665,False
642.5,292.00330759117617,0.9153803001679188,0.9160093233172224,318.59929299198643,False
642.6,292.00330759117617,0.9141746234879173,0.9168205415778962,317.8708507533189,False
642.7,292.00330759117617,0.9201384204243364,0.9179503335231142,317.2616250415818,False
642.8000000000001,292.00330759117617,0.9188524938636261,0.9192838670519203,316.75582167523766,False
642.9000000000001,292.00330759117617,0.9182620505337938,0.920735560532515,316.33839760852766,False
643.0,292.00330759117617,0.9209943473654711,0.9222422062743071,315.9956317697958,False
643.1,292.00330759117617,0.9222136116384964,0.9237576711445581,315.7153702364144,False
643.2,292.00330759117617,0.9280568721317196,0.9252488316823867,315.48706872063383,False
643.3000000000001,292.00330759117617,0.9279649744416381,0.9266924596973795,315.3017176606772,False
643.4000000000001,292.00330759117617,0.9305024542020578,0.9280728342749347,315.1517063039045,False
643.5,292.00330759117617,0.929800683321959,0.9293799078189077,315.0306614388972,False
643.6,292.00330759117617,0.9315223327739143,0.9306078951683708,314.93328224124747,False
643.7,292.00330759117617,0.929923173581896,0.931754186736645,314.8551833286686,False
643.8000000000001,292.00330759117617,0.9341919498505123,0.9328185107426865,314.7927521387851,False
643.9000000000001,301.3706350345768,0.9330829064929261,0.9338022876817244,314.7430230577988,False
644.0,301.3706350345768,0.9352316218084701,0.9342422750086363,316.4803185300997,False
644.1,301.3706350345768,0.933510606874549,0.9337758990983899,317.9188297296824,False
644.2,301.3706350345768,0.9304147459523062,0.932550522684165,319.1264524786298,False
644.3000000000001,301.3706350345768,0.9337738833485822,0.9307019025281604,320.15258159138705,False
644.4000000000001,301.3706350345768,0.9275838825020344,0.9283519461946615,321.0336583210866,False
644.5,301.3706350345768,0.9299253932933246,0.9256082216218788,321.7969536355025,False
644.6,301.3706350345768,0.922907493187921,0.9225644538987495,322.4631689916594,False
644.7,301.3706350345768,0.9195306276322761,0.9193015251304951,323.0482423166909,False
644.8000000000001,301.3706350345768,0.9171208291301467,0.9158886864973494,323.5646161499369,False
644.9000000000001,301.3706350345768,0.9138130149704221,0.9123848157014935,324.02213846881784,False
645.0,301.3706350345768,0.9102416629465288,0.9088396295051508,324.4287099969668,False
645.1,301.3706350345768,0.9054236851197978,0.9052948068190654,324.79075456034656,False
645.2,301.3706350345768,0.9028861638361523,0.9017850043738393,325.11356450645565,False
645.3000000000001,301.3706350345768,0.8969115676014453,0.8983387619083935,325.4015568961979,False
645.4000000000001,301.3706350345768,0.892621921675013,0.8949793017244186,325.65846525287776,False
645.5,301.3706350345768,0.8953095923589993,0.8917252312641837,325.8874842618337,False
645.6,301.3706350345768,0.8897854501250931,0.8885911588159239,326.09137976366367,False
645.7,301.3706350345768,0.8857926106499304,0.8855882325824576,326.2725728973754,False
645.8000000000001,301.3706350345768,0.8797702239798505,0.8827246127859271,326.43320481816403,False
645.9000000000001,301.3706350345768,0.882636730078121,0.8800058855890796,326.5751867013568,False
646.0,301.3706350345768,0.8774810817848604,0.8774354266013602,326.7002385247952,False
646.1,301.3706350345768,0.8724278014919694,0.8750147207240118,326.80991924525523,False
646.2,301.3706350345768,0.8721003964781723,0.872743644135193,326.90565034758714,False
646.3000000000001,301.3706350345768,0.8722138562603051,0.8706207133542825,326.9887342775267,False
646.4000000000001,301.3706350345768,0.8691657582287,0.8686433055656164,327.0603689218026,False
646.5,301.3706350345768,0.8691973516604431,0.8668078537266783,327.12165903824103,False
646.6,301.3706350345768,0.8583668502571845,0.8651100194290204,327.17362534020117,False
646.7,301.3706350345768,0.8658344936210685,0.8635448460135969,327.2172117870407,False
646.8000000000001,301.3706350345768,0.8610465579540918,0.8621068940559573,327.2532915134801,False
646.9000000000001,301.3706350345768,0.8615581605579163,0.8607903610206766,327.28267173719917,False
647.0,301.3706350345768,0.8589657512636801,0.8595891866284635,327.3060979096723,False
647.1,293.5282484703222,0.8596453011486439,0.8584971452740748,327.32425731573557,False
647.2,293.5282484703222,0.8599185743786556,0.8584302365571934,325.7463508389177,False
647.3000000000001,293.5282484703222,0.862171203769513,0.8599534095791946,324.2897355482167,False
647.4000000000001,293.5282484703222,0.8630239988586241,0.8626051604776467,322.980653095981,False
647.5,293.5282484703222,0.8675443783641531,0.8660171120313451,321.8290509366058,False
647.6,293.5282484703222,0.8709270903761737,0.8699041484694244,320.8331286362212,False
647.7,293.5282484703222,0.8727818425480391,0.8740508036997259,319.98354704500184,False
647.8000000000001,293.5282484703222,0.8782484962103232,0.8782975257561512,319.2667785531051,False
647.9000000000001,293.5282484703222,0.8849065527516867,0.8825284994900571,318.6675152644481,False
648.0,293.5282484703222,0.8825327523501652,0.8866615548623094,318.1702602817394,False
648.1,293.5282484703222,0.8936587990564522,0.8906401149815114,317.76029164944,False
648.2,293.5282484703222,0.8941768097627207,0.8944269094549565,317.4241814497861,False
648.3000000000001,293.5282484703222,0.900014068744498,0.8979991252983364,317.1500186872957,False
648.4000000000001,293.5282484703222,0.9009981314394859,0.901344690855755,316.9274464286068,False
648.5,293.5282484703222,0.9015950931197302,0.9044594372294442,316.74759044049273,False
648.6,293.5282484703222,0.9042375111009923,0.9073449335108883,316.6029308232382,False
648.7,293.5282484703222,0.9087186455231704,0.9100068376942844,316.48714949594785,False
648.8000000000001,293.5282484703222,0.909636242426786,0.9124536421954529,316.3949735076447,False
648.9000000000001,293.5282484703222,0.916315722841223,0.9146957217941659,316.3220255649735,False
649.0,293.5282484703222,0.9137221901092236,0.9167446138823256,316.26468763631385,False
649.1,293.5282484703222,0.914914294091348,0.9186124775773936,316.21998005125295,False
649.2,293.5282484703222,0.9360304613335003,0.9203116908216813,316.18545646454857,True
649.3000000000001,293.5282484703222,0.9213806321724167,0.9218545540570126,316.1591139059512,False
649.4000000000001,293.5282484703222,0.9212153827253557,0.9232530762273287,316.1393165590013,False
649.5,293.5282484703222,0.9230926395167318,0.9245188243085221,316.1247316820775,False
649.6,293.5282484703222,0.9252246376160107,0.9256628217313554,316.11427605955276,False
649.7,293.5282484703222,0.9264698319936868,0.9266954842707418,316.1070714581094,False
649.8000000000001,293.5282484703222,0.9267575326161827,0.9276265844589853,316.1024077058857,False
649.9000000000001,293.5282484703222,0.9535441885296956,0.928465237515784,316.09971217562656,True
650.0,293.5282484703222,0.9273695569615088,0.9292199033030973,316.0985246174208,False
650.1,293.5282484703222,0.9270394136095881,0.9298984000045281,316.0984764410701,False
650.2,293.5282484703222,0.9299823162344795,0.9305079261691646,316.0992736874667,False
650.3000000000001,293.5282484703222,0.9316905343562071,0.9310550885037883,316.100683050753,False
650.4000000000001,293.5282484703222,0.9313402818186184,0.931545933386995,316.1025204186023,False
650.5,293.5282484703222,0.931370657872613,0.9319859805465013,316.1046414878437,False
650.6,293.5282484703222,0.9319088814937238,0.9323802577118921,316.1069340884704,False
650.7,293.5282484703222,0.9287888466191354,0.9327333353490297,316.1093119125771,False
650.8000000000001,293.5282484703222,0.9345198934132705,0.9330493608148046,316.11170939770676,False
650.9000000000001,293.5282484703222,0.9347009049800364,0.9333320914542034,316.11407755803833,False
651.0,293.5282484703222,0.9348542765403329,0.9335849263055593,316.1163805932423,False
651.1,293.5282484703222,0.93419910206076,0.9338109361922107,316.1185931349146,False
651.2,293.5282484703222,0.9321501061954729,0.9340128920658846,316.12069801532004,False
651.3000000000001,293.5282484703222,0.93343687177239,0.9341932915340121,316.1226844636474,False
651.4000000000001,293.5282484703222,0.9337434294771412,0.9343543835539414,316.1245466518405,False
651.5,293.5282484703222,0.9326967600270273,0.934498191314929,316.12628252596016,False
651.6,293.5282484703222,0.9376010928819817,0.9346265333565154,316.12789287046525,False
651.7,293.5282484703222,0.894270610885702,0.934741042991567,316.12938056221674,True
651.8000000000001,301.032133972341,0.9380718045530366,0.9348431861156167,316.1307499787561,False
651.9000000000001,301.032133972341,0.9364516487370024,0.9345178644178685,317.5637526646286,False
652.0,301.032133972341,0.9339535764093815,0.9334454084238792,318.76254778146586,False
652.1,301.032133972341,0.9311755033133478,0.9317610351777862,319.7773016235313,False
652.2,301.032133972341,0.929805038615021,0.9295860888174003,320.6450360748426,False
652.3000000000001,301.032133972341,0.9260346701907921,0.9270275164816666,321.3934693850998,False
652.4000000000001,301.032133972341,0.9223105358892933,0.9241783483180025,322.0436565767921,False
652.5,301.032133972341,0.9191629893847475,0.9211186917998709,322.6118227090756,False
652.6,301.032133972341,0.918529213651135,0.9179169453917225,323.11064980126946,False
652.7,301.032133972341,0.9120999599784346,0.9146310620859315,323.55019057366957,False
652.8000000000001,301.032133972341,0.9109522349300392,0.9113097708328999,323.93852459899466,False
652.9000000000001,301.032133972341,0.9051425506645268,0.9079937102935166,324.28223465673784,False
653.0,301.032133972341,0.9071576554945019,0.9047164563043906,324.58675615092085,False
653.1,301.032133972341,0.9012549688969858,0.9015054395700124,324.85663589142564,False
653.2,301.032133972341,0.8979413918885285,0.8983827581262263,325.0957254427967,False
653.3000000000001,301.032133972341,0.8958703961536114,0.895365892981422,325.30732673738345,False
653.4000000000001,301.032133972341,0.891648540713468,0.892468336808929,325.49430251920637,False
653.5,301.032133972341,0.8869838254534489,0.889700145700807,325.6591606420623,False
653.6,301.032133972341,0.8861286140948909,0.8870684234322683,325.80411877300133,False
653.7,301.032133972341,0.8875129320919467,0.8845777467984834,325.93115430858205,False
653.8000000000001,301.032133972341,0.8828291983692299,0.8822305395851213,326.04204306822936,False
653.9000000000001,301.032133972341,0.8822930512320877,0.8800274017397024,326.1383894331339,False
654.0,301.032133972341,0.8829822658407831,0.8779673993853601,326.2216499462541,False
654.1,301.032133972341,0.8765640794314979,0.8760483204911698,326.2931519077788,False
654.2,301.032133972341,0.8739122173073256,0.8742669002935661,326.3541081416516,False
654.3000000000001,301.032133972341,0.8751859595129006,0.8726190199501535,326.40562883823037,False
654.4000000000001,301.032133972341,0.8712493213483149,0.8710998813929712,326.4487311718938,False
654.5,301.032133972341,0.8676395351070736,0.8697041609225439,326.4843472335336,False
654.6,301.032133972341,0.8657726604262764,0.8684261437351962,326.5133306943845,False
654.7,302.80011155158974,0.8658612211109722,0.8672598412924615,326.53646252096866,False
654.8000000000001,302.80011155158974,0.8471246365512857,0.865991381007885,326.913218823524,True
654.9000000000001,302.80011155158974,0.8637649502089154,0.8644469250584986,327.2647093944614,False
655.0,302.80011155158974,0.8619080029619367,0.8626754320247475,327.59336731635557,False
655.1,302.80011155158974,0.8583756529711524,0.8607198693979006,327.9012299693866,False
655.2,302.80011155158974,0.857649981692443,0.8586179169536721,328.1900191406807,False
655.3000000000001,302.80011155158974,0.8565481980765486,0.8564025855247751,328.46120316121136,False
655.4000000000001,302.80011155158974,0.8504474766036406,0.854102761212302,328.71604547417417,False
655.5,302.80011155158974,0.8500680212462182,0.8517436840733572,328.9556428767791,False
655.6,302.80011155158974,0.8536666425309001,0.8493473693208333,329.18095584209783,False
655.7,302.80011155158974,0.8491375594275281,0.8469329781259427,329.3928327217271,False
655.8000000000001,302.80011155158974,0.8471037533481209,0.8445171442498379,329.59202918691454,False
655.9000000000001,302.80011155158974,0.8380051700414769,0.8421142619560488,329.7792239390937,False
656.0,302.80011155158974,0.839473738754805,0.8397367399699971,329.9550314780315,False
656.1,302.80011155158974,0.838355428278433,0.837395225650166,330.1200125341006,False
656.2,302.80011155158974,0.8349908983558426,0.8350988030100753,330.2746826342269,False
656.3000000000001,302.80011155158974,0.834587149601701,0.8328551677727783,330.4195191671353,False
656.4000000000001,302.80011155158974,0.8314632253642389,0.8306707822419925,330.55496723415155,False
656.5,302.80011155158974,0.8297061113260326,0.8285510124285559,330.68144451085675,False
656.6,302.80011155158974,0.8285656476067311,0.8265002495707275,330.7993452978096,False
656.7,302.80011155158974,0.8210557142841616,0.8245220179257624,330.9090439020077,False
656.8000000000001,302.80011155158974,0.8233086587495777,0.8226190704827762,331.01089746227274,False
656.9000000000001,302.80011155158974,0.8184531846720604,0.8207934740484749,331.1052483094517,False
657.0,302.80011155158974,0.8199244968324318,0.8190466849838015,331.192425934824,False
657.1,302.80011155158974,0.8200060816134203,0.8173796167174531,331.2727486263341,False
657.2,302.80011155158974,0.8156326692576289,0.8157927000285705,331.3465248214144,False
657.3000000000001,302.80011155158974,0.8110985759974292,0.814285936973137,331.4140542165919,False
657.4000000000001,302.80011155158974,0.8101176741311463,0.812858949224583,331.4756286673162,False
657.5,302.80011155158974,0.8114182590480546,0.8115110215069353,331.53153290610504,False
657.6,302.80011155158974,0.8089816403529273,0.810241140717006,331.58204510289886,False
657.7,302.80011155158974,0.8122574172069185,0.8090480312592847,331.62743728819447,False
657.8000000000001,302.80011155158974,0.8073458684474323,0.8079301870522493,331.66797565691337,False
657.9000000000001,302.80011155158974,0.8105752950479221,0.8068859006068336,331.70392076889044,False
658.0,302.80011155158974,0.8058908603891892,0.8059132895259813,331.7355276602279,False
658.1,302.80011155158974,0.8027937163781802,0.8050103207279324,331.7630458784413,False
658.2,302.80011155158974,0.8086354528894976,0.804174832654571,331.7867194532512,False
658.3000000000001,302.80011155158974,0.8028113216774396,0.8034045556893475,331.80678681397995,False
658.4000000000001,302.80011155158974,0.8056902235219309,0.8026971309765755,331.8234806637401,False
658.5,302.80011155158974,0.8050122612427205,0.8020501278049574,331.837027819913,False
658.6,302.80011155158974,0.8011648423035764,0.801461059692711,331.84764902977497,False
658.7,302.80011155158974,0.8342775754620498,0.8009273992893847,331.8555587695117,True
658.8000000000001,302.80011155158974,0.8024218170865605,0.8004465921901344,331.8609650342485,False
658.9000000000001,302.80011155158974,0.8027965695210634,0.8000160697416427,331.8640691261072,False
659.0,302.80011155158974,0.7991104738499608,0.7996332609047977,331.86506544666486,False
659.1,302.80011155158974,0.7971431785754022,0.7992956032275016,331.8641412995432,False
659.2,296.6651713398841,0.8013362040314815,0.7990005529713473,331.8614767081891,False
659.3000000000001,296.6651713398841,0.8009075666495584,0.7997176424605982,330.5632547729856,False
659.4000000000001,296.6651713398841,0.7984305377691995,0.802150041004222,329.2737659096005,False
659.5,296.6651713398841,0.8080526704106821,0.8059094732998289,328.0332837275051,False
659.6,296.6651713398841,0.8078934327707217,0.8106426209106408,326.87168213486484,False
659.7,296.6651713398841,0.8153385547074841,0.8160435426622556,325.8082493949185,False
659.8000000000001,296.6651713398841,0.8206836601784037,0.821857713715064,324.8529082840692,False
659.9000000000001,296.6651713398841,0.8273290876329832,0.8278802965434943,324.0081230893878,False
660.0,296.6651713398841,0.8338939019999444,0.8339511563639532,323.2709401427948,False
660.1,296.6651713398841,0.8380896403166291,0.8399485095635076,322.63482948363617,False
660.2,296.6651713398841,0.8478446722707714,0.8457824048817111,322.09117988714195,False
660.3000000000001,296.6651713398841,0.8525154043674275,0.85138868837568,321.63042057511694,False
660.4000000000001,302.77657579360624,0.8580160402936147,0.8567237357550583,321.2428073648823,False
660.5,302.77657579360624,0.8638548232904804,0.8612965374030995,322.10929138634424,False
660.6,302.77657579360624,0.8672795256578586,0.8647460207875298,322.87530093209733,False
660.7,302.77657579360624,0.867641887866679,0.867222306223987,323.5593950782898,False
660.8000000000001,302.77657579360624,0.8692593187217732,0.8688583414837016,324.1757429536586,False
660.9000000000001,302.77657579360624,0.8686497832246134,0.8697715403110408,324.7352898843178,False
661.0,302.77657579360624,0.8708941839099315,0.8700654045070264,325.2465873179192,False
661.1,302.77657579360624,0.8692483116759869,0.8698310563730461,325.71638995872314,False
661.2,302.77657579360624,0.8656817485711238,0.8691486470756444,326.15009007333765,False
661.3000000000001,302.77657579360624,0.8690039339807727,0.8680886290495947,326.5520367062725,False
661.4000000000001,302.77657579360624,0.8646642993310373,0.8667128931682132,326.9257726961133,False
661.5,302.77657579360624,0.8680522778068351,0.8650757780416712,327.2742123800652,False
661.6,302.77657579360624,0.8669418082299802,0.863224961910537,327.59977607455136,False
661.7,302.77657579360624,0.8627248209848645,0.8612022486802106,327.9044927527477,False
661.8000000000001,302.77657579360624,0.8569772707960547,0.8590442595948949,328.1900791059879,False
661.9000000000001,302.77657579360624,0.8569755418096033,0.8567830414135179,328.4580009133225,False
662.0,302.77657579360624,0.8524231675435731,0.85444660104035,328.70952104519216,False
662.1,302.77657579360624,0.8505646579088616,0.8520593755596494,328.945737287658,False
662.2,302.77657579360624,0.847850150521238,0.8496426456261476,329.1676123539059,False
662.3000000000001,302.77657579360624,0.8469783618398419,0.8472148992239027,329.3759978548556,False
662.4000000000001,302.77657579360624,0.8450020232254888,0.8447921519486538,329.5716535653857,False
662.5,302.77657579360624,0.842243533688412,0.8423882292012285,329.75526300155786,False
662.6,302.77657579360624,0.8406384234127671,0.8400150150008255,329.92744608549987,False
662.7,302.77657579360624,0.8356508509344002,0.8376826715315426,330.0887694958414,False
662.8000000000001,302.77657579360624,0.8376556594916313,0.8353998330157277,330.23975516678337,False
662.9000000000001,302.77657579360624,0.8352888175622103,0.8331737770552897,330.3808872965506,False
663.0,302.77657579360624,0.8297855526832204,0.831010576188875,330.5126181478134,False
663.1,302.77657579360624,0.8297755167665479,0.8289152320711608,330.63537286261703,False
663.2,302.77657579360624,0.8256042869021769,0.826891794383569,330.74955346798794,False
663.3000000000001,302.77657579360624,0.7930347329665681,0.8249434663273066,330.8555422124,True
663.4000000000001,302.77657579360624,0.8229654748812538,0.8230726983244783,330.95370434524773,False
663.5,302.77657579360624,0.8231741214221725,0.8212812713564013,331.04439042954687,False
663.6,302.77657579360624,0.8190866290732892,0.8195703711962014,331.1279382608875,False
663.7,302.77657579360624,0.8185063379387193,0.8179406546418312,331.20467445214916,False
663.8000000000001,302.77657579360624,0.8169742713461293,0.8163923087228973,331.2749157328472,False
663.9000000000001,302.77657579360624,0.8122550503536392,0.8149251037376047,331.33897000359553,False
664.0,302.77657579360624,0.824916603881612,0.8135384408726123,331.3971371795627,True
664.1,302.77657579360624,0.8093725826953793,0.812231395066837,331.44970985158466,False
664.2,302.77657579360624,0.8097873466287046,0.8110027536987392,331.4969737894883,False
664.3000000000001,302.77657579360624,0.7921867597028024,0.8098510516040907,331.53920830893236,True
664.4000000000001,302.77657579360624,0.806868122645444,0.8087746028665881,331.5766865205002,False
664.5,302.77657579360624,0.8041408357280736,0.8077715297660514,331.60967547773197,False
664.6,302.77657579360624,0.8072831156931175,0.8068397892175543,331.6384362391361,False
664.7,302.77657579360624,0.808066352573131,0.8059771969890701,331.66322385787385,False
664.8000000000001,302.77657579360624,0.8079106394637218,0.8051814499445129,331.68428731168626,False
664.9000000000001,302.77657579360624,0.8055729408072878,0.8044501465229869,331.7018693846681,False
665.0,302.77657579360624,0.8022518757828039,0.8037808056332036,331.71620651163,False
665.1,302.77657579360624,0.8042168965468875,0.803170884114068,331.7275285950003,False
665.2,302.77657579360624,0.7989143356592833,0.8026177928880458,331.7360588034605,False
665.3000000000001,302.77657579360624,0.8038822101037367,0.8021189119128376,331.7420133607697,False
665.4000000000001,302.77657579360624,0.8034166649270877,0.8016716040188419,331.74560133249463,False
665.5,302.77657579360624,0.7995414537242073,0.8012732277046246,331.74702441761656,False
665.6,302.77657579360624,0.8014990505951686,0.8009211489499166,331.7464767512307,False
665.7,297.54044677120635,0.801234181449591,0.8006127520952842,331.74414472378925,False
665.8000000000001,297.54044677120635,0.8014517273745375,0.8011731489452967,330.63616216255946,False
665.9000000000001,297.54044677120635,0.8068194753459793,0.8032154500861526,329.53309215347286,False
666.0,297.54044677120635,0.806713037538369,0.8064280961399842,328.46592057041687,False
666.1,297.54044677120635,0.8081124639477325,0.8105233251581471,327.4584515494767,False
666.2,297.54044677120635,0.8128701532284799,0.8152467927179908,326.5269858044232,False
666.3000000000001,297.54044677120635,0.8226270143040855,0.8203817456160809,325.68093956407864,False
666.4000000000001,297.54044677120635,0.8225564441727439,0.8257490934341494,324.9239960680431,False
666.5,297.54044677120635,0.8315955015983145,0.8312048528508892,324.25544277297337,False
666.6,297.54044677120635,0.8335162167350871,0.8366362043663004,323.6714583825145,False
666.7,297.54044677120635,0.8430992502295075,0.8419570472227654,323.16622136018543,False
666.8000000000001,297.54044677120635,0.8468463720003941,0.847103607894989,322.7327921645777,False
666.9000000000001,297.54044677120635,0.8540402166260617,0.8520304052895915,322.3637716601817,False
667.0,297.54044677120635,0.8537382808938571,0.8567067063113066,322.05176391258817,False
667.1,297.54044677120635,0.8947969488340674,0.8611135026924934,321.78968095630506,True
667.2,297.54044677120635,0.8646464516539034,0.8652409839554309,321.57092706551185,False
667.3000000000001,297.54044677120635,0.8679617648893022,0.8690864550933067,321.3894954357709,False
667.4000000000001,297.54044677120635,0.87505993657491,0.8726526387465996,321.2400039860754,False
667.5,297.54044677120635,0.8757155256783883,0.8759463022798506,321.11769083111983,False
667.6,297.54044677120635,0.8790610506936634,0.8789771553282086,321.0183845934296,False
667.7,297.54044677120635,0.8811413661931768,0.8817569702771851,320.9384603615137,False
667.8000000000001,297.54044677120635,0.8869731707811056,0.8842988852628775,320.87478873293867,False
667.9000000000001,297.54044677120635,0.8821900987645552,0.8866168559054017,320.8246828771876,False
668.0,297.54044677120635,0.8883394942060145,0.8887252278205001,320.78584674663495,False
668.1,297.54044677120635,0.8878806082819457,0.8906384069276786,320.75632629561505,False
668.2,297.54044677120635,0.8890760553381777,0.8923706087339343,320.7344647007483,False
668.3000000000001,297.54044677120635,0.8977028457800151,0.8939356712130111,320.7188620005689,False
668.4000000000001,297.54044677120635,0.8979051478942445,0.8953469187264439,320.7083392044723,False
668.5,297.54044677120635,0.898591745313948,0.896617066746137,320.7019066969126,False
668.6,297.54044677120635,0.8960824305614354,0.8977581590282643,320.69873663649065,False
668.7,297.54044677120635,0.8997798315711925,0.89878153043263,320.6981389882107,False
668.8000000000001,297.54044677120635,0.9006575177977766,0.8996977898437589,320.699540807589,False
668.9000000000001,297.54044677120635,0.9005847731722353,0.9005168186826257,320.7024684015267,False
669.0,297.54044677120635,0.9025863521946996,0.9012477813437623,320.7065320121145,False
669.1,297.54044677120635,0.8778099165937464,0.9018991445861055,320.71141269865194,True
669.2,297.54044677120635,0.9039688187134646,0.9024787034753152,320.71685112550665,False
669.3000000000001,297.54044677120635,0.9055728527717775,0.9029936119430303,320.7226379961254,False
669.4000000000001,297.54044677120635,0.9056548046768437,0.9034504164129279,320.728605904815,False
669.5,297.54044677120635,0.9033387392487212,0.9038550912593625,320.7346224069049,False
669.6,297.54044677120635,0.9054144433209531,0.9042130751238732,320.7405841341505,False
669.7,297.54044677120635,0.9022076957493789,0.9045293073278046,320.74641180562116,False
669.8000000000001,297.54044677120635,0.9015949524950527,0.9048082637937738,320.75204600491554,False
669.9000000000001,297.54044677120635,0.9072147660201981,0.9050539920313387,320.757443612541,False
670.0,300.28791192442293,0.9034835088977111,0.9052701448584581,320.7625747979225,False
670.1,300.28791192442293,0.9058677555217314,0.9052485849791523,321.30315740347226,False
670.2,300.28791192442293,0.8749092010608411,0.9048371787916678,321.773927807684,True
670.3000000000001,300.28791192442293,0.9041882297045521,0.9041141250296599,322.1856944490662,False
670.4000000000001,300.28791192442293,0.9057846759376552,0.9031464993914295,322.5470863970066,False
670.5,300.28791192442293,0.9044968136684479,0.9019915730042944,322.8650837668834,False
670.6,300.28791192442293,0.9004222812890749,0.9006980144184977,323.14540543567034,False
670.7,300.28791192442293,0.9003431666189963,0.8993069692034213,323.39279519050643,False
670.8000000000001,300.28791192442293,0.8973937095433453,0.8978530207010713,323.6112348326992,False
670.9000000000001,300.28791192442293,0.8973759551853553,0.8963650402062313,323.80410422736327,False
671.0,300.28791192442293,0.8928949487838748,0.8948669367991925,323.9743024591525,False
671.1,300.28791192442293,0.8952249150209531,0.8933783174663208,324.12434023059006,False
671.2,300.28791192442293,0.8927255838854146,0.8919150677236006,324.25641083313235,False
671.3000000000001,300.28791192442293,0.8889899196130043,0.8904898621413166,324.3724450433137,False
671.4000000000001,300.28791192442293,0.89146932186153,0.8891126131965824,324.47415388785635,False
671.5,300.28791192442293,0.8870265977089878,0.8877908658920378,324.563062208161,False
671.6,300.28791192442293,0.8839257717043968,0.886530144645799,324.6405352178618,False
671.7,300.28791192442293,0.8852907946209212,0.8853342581135307,324.7077997062133,False
671.8000000000001,300.28791192442293,0.8847235609694235,0.8842055668600256,324.7659611391291,False
671.9000000000001,300.28791192442293,0.8847064016827851,0.88314521815428,324.8160176098186,False
672.0,300.28791192442293,0.8818722521467417,0.8821533516115794,324.85887136485854,False
672.1,300.28791192442293,0.8834529241245381,0.8812292789383955,324.89533845983095,False
672.2,300.28791192442293,0.881204239981081,0.8803716406398443,324.9261569674951,False
672.3000000000001,300.28791192442293,0.8781354969295513,0.8795785422141644,324.9519940608405,False
672.4000000000001,300.28791192442293,0.8784896515904032,0.8788476720741445,324.9734522159523,False
672.5,300.28791192442293,0.8810933236056687,0.8781764031927511,324.9910747200175,False
672.6,300.28791192442293,0.8739548251829047,0.87756188026179,325.00535062394704,False
672.7,300.28791192442293,0.8795295368699646,0.877001093971849,325.0167192439304,False
672.8000000000001,300.28791192442293,0.8751428448603072,0.8764909438637795,325.0255742894139,False
672.9000000000001,300.28791192442293,0.8777495564834524,0.876028291062321,325.0322676746883,False
673.0,300.28791192442293,0.8746936162994026,0.8756100020777858,325.03711305604924,False
673.1,300.28791192442293,0.8769877734689081,0.8752329847493843,325.04038912523936,False
673.2,300.28791192442293,0.8762929443808061,0.8748942173017207,325.0423426816891,False
673.3000000000001,300.28791192442293,0.870913710226556,0.8745907713927182,325.04319150024554,False
673.4000000000001,300.28791192442293,0.8708003063971157,0.8743198299455734,325.04312700703815,False
673.5,300.28791192442293,0.8732205728611669,0.8740787004783938,325.0423167734356,False
673.6,300.28791192442293,0.8715797678418079,0.8738648245723267,325.0409068363377,False
673.7,300.28791192442293,0.8715722193034362,0.8736757840517249,325.0390238520465,False
673.8000000000001,300.28791192442293,0.8751014984785036,0.8735093043878387,325.0367770904504,False
673.9000000000001,300.28791192442293,0.8722586234436813,0.8733632557803748,325.03426027607026,False
674.0,300.28791192442293,0.8718541379131808,0.8732356523187379,325.0315532825332,False
674.1,300.28791192442293,0.8720548247549016,0.8731246495766632,325.02872368716146,False
674.2,300.28791192442293,0.87079970076099,0.8730285409500164,325.0258281925283,False
674.3000000000001,300.28791192442293,0.8498846043659618,0.8729457530075766,325.02291392199356,True
674.4000000000001,300.28791192442293,0.8710886266107384,0.8728748400884229,325.02001959635464,False
674.5,300.28791192442293,0.8761705200125777,0.872814478346877,325.0171765988242,False
674.6,300.28791192442293,0.8754619041241855,0.8727634594166274,325.01440993555656,False
674.7,300.28791192442293,0.872872511129414,0.8727206838394308,325.0117390988936,False
674.8000000000001,300.28791192442293,0.8750837784136232,0.872685154380448,325.0091788403907,False
674.9000000000001,300.28791192442293,0.874012124436442,0.8726559693316034,325.0067398605142,False
675.0,300.28791192442293,0.8722804340792762,0.8726323158861511,325.0044294216865,False
675.1,300.28791192442293,0.8725568940041726,0.8726134636516698,325.0022518910983,False
675.2,300.28791192442293,0.8723008387454744,0.8725987583548047,325.00020921941814,False
675.3000000000001,300.28791192442293,0.8759806693235103,0.8725876157790228,324.9983013612167,False
675.4000000000001,300.28791192442293,0.8745926782582767,0.8725795159662801,324.9965266425924,False
675.5,300.28791192442293,0.8717960688404636,0.8725739977046306,324.99488208114445,False
675.6,300.28791192442293,0.8705707467586723,0.8725706533162829,324.9933636630962,False
675.7,300.28791192442293,0.8707377856588893,0.8725691237542866,324.99196658202715,False
675.8000000000001,300.28791192442293,0.8728283151619578,0.8725690940107567,324.99068544333454,False
675.9000000000001,297.2376177916563,0.8736410248609814,0.872570288835205,324.9895144382168,False
676.0,297.2376177916563,0.873550717414723,0.8728820780630213,324.37904156321116,False
676.1,297.2376177916563,0.8719714902541038,0.8737137991975438,323.82729377721574,False
676.2,297.2376177916563,0.875384799734771,0.874933707740664,323.3341746256849,False
676.3000000000001,297.2376177916563,0.8780494167060989,0.8764327690775423,322.8976908261998,False
676.4000000000001,297.2376177916563,0.825801810901843,0.8781219306816148,322.514565174482,True
676.5,297.2376177916563,0.8777962831591868,0.8799293804759654,322.18073747623913,False
676.6,297.2376177916563,0.8796312625656771,0.8817979570728781,321.8917524361942,False
676.7,297.2376177916563,0.8826432381920455,0.8836827992707346,321.64304548741717,False
676.8000000000001,297.2376177916563,0.885112889293388,0.8855492699133304,321.4301428800596,False
676.9000000000001,297.2376177916563,0.8858351683920009,0.8873711569099257,321.2487934417823,False
677.0,297.2376177916563,0.8891423610508697,0.8891291359507585,321.0950481653456,False
677.1,297.2376177916563,0.8852157981709251,0.8908094704035419,320.9653014514879,False
677.2,297.2376177916563,0.8926336683078893,0.8924029205405808,320.85630521681776,False
677.3000000000001,297.2376177916563,0.892184027349889,0.893903834231417,320.76516459140623,False
677.4000000000001,297.2376177916563,0.8986443495584002,0.8953093929965952,320.6893217744321,False
677.5,297.2376177916563,0.8933926886749811,0.8966189899001386,320.62653284843446,False
677.6,297.2376177916563,0.8951704159367198,0.8978337186003197,320.5748409606935,False
677.7,297.2376177916563,0.8971061827159703,0.8989559556692068,320.5325482176896,False
677.8000000000001,297.2376177916563,0.9023855936382564,0.8999890208736887,320.49818784825925,False
677.9000000000001,297.2376177916563,0.8980644956608667,0.9009369024175051,320.4704976167393,False
678.0,297.2376177916563,0.9020418545639323,0.90180403615979,320.44839505939734,False
678.1,297.2376177916563,0.904742496163284,0.9025951295625595,320.43095483447604,False
678.2,297.2376177916563,0.9037734960978742,0.9033150226021632,320.41738828530356,False
678.3000000000001,297.2376177916563,0.9011636529616892,0.9039685791374624,320.4070251916273,False
678.4000000000001,297.2376177916563,0.9044112588174132,0.9045606032902325,320.3992976073038,False
678.5,297.2376177916563,0.9048366283321972,0.905095776288937,320.39372563838197,False
678.6,297.2376177916563,0.9048421069645886,0.9055786099805909,320.3899049939631,False
678.7,297.2376177916563,0.9044140869324646,0.9060134138488858,320.3874961354712,False
678.8000000000001,297.2376177916563,0.9077166955059117,0.9064042729087507,320.3862148527519,False
678.9000000000001,297.2376177916563,0.907172763891113,0.9067550342942174,320.38582410401847,False
679.0,297.2376177916563,0.909013198002691,0.9070693007313091,320.3861269685019,False
679.1,297.2376177916563,0.9090893309216019,0.9073504294020949,320.3869605740176,False
679.2,297.2376177916563,0.9059985748890739,0.9076015349696365,320.3881908754119,False
679.3000000000001,297.2376177916563,0.9066196252686355,0.9078254957543583,320.38970817327913,False
679.4000000000001,301.50164865206796,0.9115693408403669,0.908024962237152,320.39142327502793,False
679.5,301.50164865206796,0.9034849433322765,0.907880557949652,321.2234922527867,False
679.6,301.50164865206796,0.9097311448653445,0.907150471339955,321.9474305663232,False
679.7,301.50164865206796,0.9091361122099667,0.9059423265025748,322.5821974331524,False
679.8000000000001,301.50164865206796,0.8856606381574308,0.9043498284748138,323.1424050369965,True
679.9000000000001,301.50164865206796,0.9036319031015897,0.9024541335633575,323.6394654653005,False
680.0,301.50164865206796,0.9064606278349053,0.9003252182638273,324.0824085106983,False
680.1,301.50164865206796,0.896352794933851,0.8980231746401962,324.4784714110631,False
680.2,301.50164865206796,0.8978867560083486,0.8955993983894114,324.8335288165689,False
680.3000000000001,301.50164865206796,0.8943294370997728,0.893097657936939,325.1524095660737,False
680.4000000000001,301.50164865206796,0.8895592324056715,0.890555045166615,325.4391323773299,False
680.5,301.50164865206796,0.8901011245776412,0.8880028147585232,325.69708281338467,False
680.6,301.50164865206796,0.8870105653501094,0.8854671220270096,325.9291472692688,False
680.7,301.50164865206796,0.8819364201253332,0.8829696701015936,326.1378151821559,False
680.8000000000001,301.50164865206796,0.883087926986277,0.8805282771582545,326.32525752138304,False
680.9000000000001,301.50164865206796,0.8772539746459345,0.8781573737122903,326.4933874123485,False
681.0,301.50164865206796,0.8758441986277543,0.8758684390327132,326.64390719179727,False
681.1,301.50164865206796,0.8743039096615849,0.873670384706927,326.77834508135106,False
681.2,301.50164865206796,0.8751934388538143,0.8715698923698615,326.89808386607484,False
681.3000000000001,301.50164865206796,0.8723446360628687,0.8695717116641821,327.0043833830559,False
681.4000000000001,301.50164865206796,0.8696307322058783,0.8676789236409257,327.0983981978086,False
681.5,301.50164865206796,0.8654057426113752,0.8658931740506632,327.18119152962197,False
681.6,301.50164865206796,0.8664733223137547,0.864214880313151,327.2537462497792,False
681.7,301.50164865206796,0.8591824594835237,0.8626434153828543,327.3169735970759,False
681.8000000000001,301.50164865206796,0.8595166642638967,0.8611772712409371,327.37172011771963,False
681.9000000000001,301.50164865206796,0.8619515563243796,0.8598142043326323,327.4187732304476,False
682.0,301.50164865206796,0.8601815089606885,0.8585513649235481,327.4588657345764,False
682.1,301.50164865206796,0.8604824093280188,0.8573854120609253,327.49267951298054,False
682.2,301.50164865206796,0.859456847278948,0.8563126155881495,327.52084862951097,False
682.3000000000001,301.50164865206796,0.8550322747043213,0.8553289464655763,327.5439619781013,False
682.4000000000001,301.50164865206796,0.8522272231982465,0.8544301564912627,327.56256560653736,False
682.5,301.50164865206796,0.8506661601329518,0.8536118483854968,327.57716480996226,False
682.6,301.50164865206796,0.8539086034128783,0.8528695370977616,327.5882260664254,False
682.7,301.50164865206796,0.8532384410986782,0.8521987031092884,327.5961788682363,False
682.8000000000001,301.50164865206796,0.8562351335287777,0.8515948384346259,327.6014174878369,False
682.9000000000001,301.50164865206796,0.8506541746376003,0.8510534859682107,327.6043027047967,False
683.0,301.50164865206796,0.8524930584923462,0.8505702727739309,327.6051635108982,False
683.1,301.50164865206796,0.8547740334397355,0.850140937874757,327.60429880274114,False
683.2,301.50164865206796,0.8515336191988834,0.8497613550637314,327.6019790655231,False
683.3000000000001,301.50164865206796,0.8541581542648657,0.8494275512255053,327.59844804737287,False
683.4000000000001,301.50164865206796,0.8517031192035491,0.8491357206280268,327.5939244205722,False
683.5,301.50164865206796,0.847541394064517,0.8488822356160866,327.58860342398617,False
683.6,301.50164865206796,0.8462220905127258,0.848663654111623,327.5826584798388,False
683.7,301.50164865206796,0.8488563288274692,0.8484767242996096,327.5762427774464,False
683.8000000000001,301.50164865206796,0.8502741972531795,0.8483183868527594,327.5694908165164,False
683.9000000000001,301.50164865206796,0.8475644890672017,0.8481857750231009,327.5625199029956,False
684.0,301.50164865206796,0.8506267696911746,0.8480762129036967,327.5554315911069,False
684.1,301.50164865206796,0.8487936606642716,0.8479872121394475,327.5483130660578,False
684.2,301.50164865206796,0.8476989190871974,0.8479164673421432,327.54123846284904,False
684.3000000000001,301.50164865206796,0.8476793712575242,0.8478618504418138,327.5342701176159,False
684.4000000000001,301.50164865206796,0.8473541124461439,0.8478214041841023,327.5274597489311,False
684.5,301.50164865206796,0.8476103661032534,0.8477933349619626,327.520849567464,False
684.6,301.50164865206796,0.8475106625102233,0.8477760051495697,327.5144733132922,False
684.7,301.50164865206796,0.8488199209406506,0.847767925087011,327.5083572209836,False
684.8000000000001,301.50164865206796,0.845171595722896,0.8477677448461718,327.50252091329656,False
684.9000000000001,301.50164865206796,0.8467204261873315,0.8477742458912831,327.49697822498086,False
685.0,295.23316681572015,0.8456744277812268,0.8477863327318916,327.4917379586954,False
685.1,295.23316681572015,0.8449582063770638,0.8485463896254711,326.21353762664455,False
685.2,295.23316681572015,0.8503546796571739,0.8505365887430067,325.0297933782459,False
685.3000000000001,295.23316681572015,0.8479998495071487,0.853413044595743,323.95818291340424,False
685.4000000000001,295.23316681572015,0.8540070297810828,0.8568944942655322,323.00601813434866,False
685.5,295.23316681572015,0.8594488595790669,0.8607572093108585,322.1728513596076,False
685.6,295.23316681572015,0.8614688028200859,0.8648272833121223,321.45296907463563,False
685.7,295.23316681572015,0.8688620274404407,0.8689723058435112,320.83747271687713,False
685.8000000000001,295.23316681572015,0.87501292278957,0.8730935282078934,320.315860397861,False
685.9000000000001,295.23316681572015,0.8767161638028822,0.8771190101883762,319.8771422602023,False
686.0,295.23316681572015,0.8785690670968642,0.8809978767092572,319.51057224278446,False
686.1,295.23316681572015,0.8865590767450675,0.8846956300502016,319.20608897186355,False
686.2,295.23316681572015,0.8893398093400792,0.8881903864574635,318.954549117514,False
686.3000000000001,295.23316681572015,0.8889185289287462,0.891469886443474,318.74782033021745,False
686.4000000000001,295.23316681572015,0.8485244192220668,0.894529135830738,318.5787842097955,True
686.5,295.23316681572015,0.8973504971466579,0.8973685531432667,318.44128538225766,False
686.6,295.23316681572015,0.9000835496665952,0.8999925199193437,318.33005143182163,False
686.7,300.4441749698182,0.9016815662269686,0.9024082501334746,318.2406000067416,False
686.8000000000001,300.4441749698182,0.9031305738806481,0.9042973113238797,319.1709084053453,False
686.9000000000001,300.4441749698182,0.8565381730827263,0.9054285515643369,319.96290584958626,True
687.0,300.4441749698182,0.9059065600443533,0.9059292098784264,320.6429666200779,False
687.1,300.4441749698182,0.904607969958201,0.9059106755565874,321.2311591585589,False
687.2,300.4441749698182,0.9045307941690608,0.905469756271552,321.742967459192,False
687.3000000000001,300.4441749698182,0.9056622157650258,0.904690098315509,322.1905035820829,False
687.4000000000001,300.4441749698182,0.9030349173087321,0.9036436142036844,322.58337104965875,False
687.5,300.4441749698182,0.8996474604527405,0.9023918404012592,322.9292863171816,False
687.6,300.4441749698182,0.8990545451828976,0.900987188318742,323.2345308056016,False
687.7,300.4441749698182,0.9012638469548142,0.8994740751170393,323.5042829779971,False
687.8000000000001,300.4441749698182,0.9011132186064021,0.8978899338793077,323.74286458223344,False
687.9000000000001,300.4441749698182,0.8961247521928568,0.8962661095021827,323.9539248420469,False
688.0,300.4441749698182,0.8938415027455524,0.8946286498094347,324.1405793508354,False
688.1,300.4441749698182,0.8921933644551436,0.8929990024608665,324.3055155978874,False
688.2,300.4441749698182,0.8919775059977035,0.8913946281498794,324.4510737107556,False
688.3000000000001,300.4441749698182,0.8898674467829882,0.8898295399199938,324.5793086525846,False
688.4000000000001,300.4441749698182,0.8932023750777933,0.888314777505474,324.6920384526636,False
688.5,300.4441749698182,0.8865688998625318,0.8868588245998933,324.7908818602498,False
688.6,300.4441749698182,0.8852221109046782,0.8854679759800997,324.8772879525821,False
688.7,300.4441749698182,0.8852637860679918,0.8841466605127076,324.9525596004492,False
688.8000000000001,300.4441749698182,0.8851259231722383,0.882897725267759,325.0178722316542,False
688.9000000000001,300.4441749698182,0.8809045008739684,0.8817226852646343,325.07428898780194,False
689.0,300.4441749698182,0.8791398004437367,0.8806219427744639,325.12277311056107,False
689.1,300.4441749698182,0.8796841016544701,0.8795949795923901,325.16419819705123,False
689.2,300.4441749698182,0.8790389783957586,0.8786405252612445,325.19935681400835,False
689.3000000000001,300.4441749698182,0.877651278280447,0.8777567038643806,325.2289678452134,False
689.4000000000001,300.4441749698182,0.8806550536170251,0.8769411616988355,325.2536828578643,False
689.5,300.4441749698182,0.8774495569670614,0.8761911778809988,325.2740917049215,False
689.6,300.4441749698182,0.8781510549421463,0.8755037597170104,325.2907275273568,False
689.7,300.4441749698182,0.8772135444567007,0.8748757244818883,325.30407127922655,False
689.8000000000001,300.4441749698182,0.8712629074214459,0.8743037690888102,325.3145558669341,False
689.9000000000001,300.4441749698182,0.8724565836794803,0.8737845289880277,325.32256996991725,False
690.0,300.4441749698182,0.8729545896946991,0.8733146275095409,325.32846159170515,False
690.1,300.4441749698182,0.8730531307537007,0.8728907167517251,325.332541376588,False
690.2,300.4441749698182,0.8729965479063098,0.8725095110170933,325.33508571703703,False
690.3000000000001,300.4441749698182,0.8704106215129652,0.8721678137043708,325.3363396697081,False
690.4000000000001,300.4441749698182,0.8728516246728986,0.8718625384817128,325.3365196927166,False
690.5,300.4441749698182,0.869638720907433,0.8715907254880387,325.3358162133799,False
690.6,300.4441749698182,0.8725996288985375,0.8713495532374026,325.3343960333666,False
690.7,300.4441749698182,0.8738690239722344,0.8711363468344648,325.3324045768483,False
690.8000000000001,300.4441749698182,0.8714951715673138,0.8709485830470804,325.3299679865585,False
690.9000000000001,300.4441749698182,0.871399149059757,0.8707838927244638,325.32719507241916,False
691.0,300.4441749698182,0.8751823889345929,0.870640060996095,325.32417911745046,False
691.1,300.4441749698182,0.8707888005077982,0.8705150256373159,325.3209995459012,False
691.2,293.03229668776635,0.9013192090121454,0.8704068739422379,325.31772345885406,True
691.3000000000001,293.03229668776635,0.8692653982180364,0.8710666342208163,323.8335798442588,False
691.4000000000001,293.03229668776635,0.8719327762330311,0.8729423360412183,322.5033342471229,False
691.5,293.03229668776635,0.8764542362324853,0.8756509833913685,321.3364222029551,False
691.6,293.03229668776635,0.8775895464251805,0.8788971191646845,320.3301251858447,False
691.7,293.03229668776635,0.8843425804651679,0.8824578360215456,319.47407067967396,False
691.8000000000001,293.03229668776635,0.884985074912865,0.8861680217098776,318.75375280996485,False
691.9000000000001,293.03229668776635,0.8876360548796314,0.8899074922153852,318.1530217117274,False
692.0,293.03229668776635,0.8924448208683662,0.8935904595968782,317.6556999020047,False
692.1,293.03229668776635,0.8979597461554502,0.8971572097831599,317.24654054908723,False
692.2,293.03229668776635,0.9000853747333333,0.9005676550870669,316.9117267018109,False
692.3000000000001,293.03229668776635,0.9048344995745521,0.9037963918213938,316.6390697970265,False
692.4000000000001,293.03229668776635,0.9078578562100433,0.9068289313774963,316.4180229888733,False
692.5,293.03229668776635,0.9136600075755348,0.9096588324052525,316.23958883202806,False
692.6,293.03229668776635,0.9160448640591348,0.9122855201658674,316.0961735515839,False
692.7,293.03229668776635,0.9155381088268695,0.9147126288673858,315.98142070026336,False
692.8000000000001,293.03229668776635,0.9188616872141351,0.91694674236563,315.89004376969075,False
692.9000000000001,293.03229668776635,0.9194844836906322,0.9189964390267089,315.81766862620964,False
693.0,293.03229668776635,0.919582475294306,0.9208715695119205,315.76069111646365,False
693.1,293.03229668776635,0.9244650918081655,0.9225827134508121,315.71615180503323,False
693.2,293.03229668776635,0.9211033023347285,0.9241407738354013,315.6816278312988,False
693.3000000000001,293.03229668776635,0.931820090406987,0.9255566776120264,315.65514079895325,False
693.4000000000001,293.03229668776635,0.9258282578093352,0.92684115820743,315.6350790990648,False
693.5,293.03229668776635,0.9269470101882261,0.9280046012240015,315.6201328927915,False
693.6,293.03229668776635,0.9285995773373996,0.9290569387307656,315.6092399988899,False
693.7,293.03229668776635,0.929056470236535,0.9300075807938081,315.6015410534011,False
693.8000000000001,293.03229668776635,0.9266351492088312,0.9308653753751777,315.59634247873413,False
693.9000000000001,293.03229668776635,0.9348487193307092,0.9316385896606313,315.5930859837154,False
694.0,293.03229668776635,0.93055881883357,0.9323349073855093,315.5913234964321,False
694.1,293.03229668776635,0.9307748513046341,0.9329614379120654,315.5906965981231,False
694.2,293.03229668776635,0.932147473913779,0.9335247337440252,315.5909196746794,False
694.3000000000001,293.03229668776635,0.9348236586836904,0.9340308139004169,315.5917661314096,False
694.4000000000001,293.03229668776635,0.936983028405919,0.9344851911531064,315.5930571272658,False
694.5,293.03229668776635,0.9354594059786672,0.9348929015935272,315.59465237827874,False
694.6,293.03229668776635,0.9389444626091089,0.9352585353590733,315.59644265845253,False
694.7,293.03229668776635,0.9381430647313674,0.9355862676382732,315.59834369182835,False
694.8000000000001,293.03229668776635,0.9357166115320442,0.9358798893016956,315.60029118375627,False
694.9000000000001,293.03229668776635,0.9341357914669758,0.9361428366848499,315.60223678435364,False
695.0,293.03229668776635,0.9382867248278911,0.9363782201898784,315.6041448142004,False
695.1,293.03229668776635,0.9367767229191096,0.936588851482404,315.6059896128562,False
695.2,296.3051846893513,0.9375330091986323,0.9367772691447088,315.6077533958899,False
695.3000000000001,296.3051846893513,0.938027365605801,0.9367755674404503,316.231646211267,False
695.4000000000001,296.3051846893513,0.9369069701620856,0.9364693517489573,316.7470641163519,False
695.5,296.3051846893513,0.9353126056509943,0.935931322385768,317.17460766775775,False
695.6,296.3051846893513,0.9333815113006467,0.9352220886478572,317.530375702951,False
695.7,296.3051846893513,0.9373206370934715,0.9343916292452075,317.82710358060825,False
695.8000000000001,296.3051846893513,0.9347200606927086,0.9334807174456666,318.07497935963937,False
695.9000000000001,296.3051846893513,0.9338590796201668,0.9325222472663138,318.2822361304945,False
696.0,296.3051846893513,0.9302882676769877,0.9315424318672271,318.4555871974978,False
696.1,296.3051846893513,0.9319411724763573,0.9305618655190151,318.6005497970575,False
696.2,296.3051846893513,0.9277056534937961,0.9295964517876835,318.72168892631817,False
696.3000000000001,296.3051846893513,0.9272093605846542,0.9286582064882312,318.8228033056125,False
696.4000000000001,296.3051846893513,0.9308132713197282,0.9277559466947807,318.907068976201,False
696.5,296.3051846893513,0.9309226186422594,0.926895877994293,318.97715154204747,False
696.6,296.3051846893513,0.9277998786269052,0.9260820920452962,319.0352949433778,False
696.7,296.3051846893513,0.9215612747461257,0.9253169858292281,319.0833924636284,False
696.8000000000001,296.3051846893513,0.9257670751789925,0.9246016130441302,319.12304412817406,False
696.9000000000001,296.3051846893513,0.9218452543910158,0.9239359770533397,319.1556035557433,False
697.0,296.3051846893513,0.9247323838626277,0.9233192737591386,319.18221653735367,False
697.1,296.3051846893513,0.9256501854840469,0.9227500917743179,319.2038530505941,False
697.2,296.3051846893513,0.922003354065548,0.9222265763393247,319.221334005186,False
697.3000000000001,296.3051846893513,0.9181935939875614,0.921746562590412,319.235353714313,False
697.4000000000001,296.3051846893513,0.920723318393858,0.9213076830277015,319.2464988638601,False
697.5,296.3051846893513,0.9187593993833838,0.9209074533591686,319.25526458628053,False
697.6,296.3051846893513,0.9203666963684599,0.9205433403025012,319.2620681215759,False
697.7,296.3051846893513,0.9193075113728417,0.9202128144055072,319.26726045360937,False
697.8000000000001,296.3051846893513,0.9229326831677352,0.9199133904906577,319.27113623764205,False
697.9000000000001,296.3051846893513,0.9150813063628306,0.9196426579338414,319.27394227881626,False
698.0,296.3051846893513,0.9180354625405348,0.9193983026450563,319.2758847771499,False
698.1,296.3051846893513,0.9183383271507184,0.9191781223235287,319.2771355194418,False
698.2,296.3051846893513,0.9175804688188249,0.9189800363060807,319.2778371701399,False
698.3000000000001,296.3051846893513,0.9185477757526986,0.9188020911103271,319.2781077900901,False
698.4000000000001,296.3051846893513,0.9193989407410974,0.9186424625888675,319.278044693,False
698.5,296.3051846893513,0.9221935324048786,0.9184994554529192,319.27772773354604,False
698.6,296.3051846893513,0.9183310936069937,0.9183715007900977,319.277222107683,False
698.7,296.3051846893513,0.9144138848853296,0.9182571520880444,319.27658073439375,False
698.8000000000001,296.3051846893513,0.9178324464375794,0.9181550801804198,319.27584627846977,False
698.9000000000001,296.3051846893513,0.9172144637268692,0.9180640674519049,319.2750528656519,False
699.0,296.3051846893513,0.9198858875935921,0.9179830015720676,319.274227534367,False
699.1,297.23783659538697,0.9173973624432188,0.917910868972319,319.27339146217525,False
699.2,297.23783659538697,0.9202992778724467,0.9177830498678313,319.4528407216811,False
699.3000000000001,297.23783659538697,0.9146980943274977,0.9175554950494329,319.6056640632728,False
699.4000000000001,297.23783659538697,0.9126503668295631,0.9172541365386865,319.73584190379677,False
699.5,297.23783659538697,0.9179965941723016,0.916900239726831,319.84671086632795,False
699.6,297.23783659538697,0.9189322860932755,0.9165111154294002,319.94108443402916,False
699.7,297.23783659538697,0.9148148560013557,0.9161007356727219,320.0213468985351,False
699.8000000000001,297.23783659538697,0.9166881247223471,0.9156802643897192,320.08952732311843,False
699.9000000000001,297.23783659538697,0.914732008783195,0.9152585133834731,320.14735840834066,False
700.0,297.23783659538697,0.9189438031147367,0.9148423329596814,320.19632384248916,False
700.1,297.23783659538697,0.9164370085840418,0.914436945654296,320.23769678244724,False
700.2,297.23783659538697,0.9146298632801867,0.9140462305396876,320.27257143336385,False
700.3000000000001,297.23783659538697,0.9140443011307068,0.9136729647181975,320.301889202801,False
700.4000000000001,297.23783659538697,0.9165137572290639,0.9133190278149295,320.3264605443355,False
700.5,297.23783659538697,0.9133527408405373,0.912985574564761,320.34698333999205,False
700.6,297.23783659538697,0.9131170055858724,0.912673179948938,320.3640584742095,False
700.7,297.23783659538697,0.9126013149317589,0.912381960768949,320.37820310557305,False
700.8000000000001,297.23783659538697,0.913115761620649,0.9121116770433805,320.3898620328341,False
700.9000000000001,297.23783659538697,0.9166811109317661,0.9118618161707036,320.3994174690363,False
701.0,297.23783659538697,0.9110950626070611,0.911631662411233,320.40719747479875,False
701.1,297.23783659538697,0.9129886201516804,0.9114203538991004,320.4134832538084,False
701.2,297.23783659538697,0.9093735720570363,0.9112269290947298,320.41851547654505,False
701.3000000000001,297.23783659538697,0.9117092360123249,0.9110503643252686,320.422499769443,False
701.4000000000001,297.23783659538697,0.9075596093116615,0.910889603830458,320.42561148401285,False
701.5,297.23783659538697,0.9138923426429254,0.9107435835307085,320.42799984241424,False
701.6,297.23783659538697,0.9125864020913089,0.9106112495592853,320.42979154145434,False
701.7,297.23783659538697,0.9106985462500155,0.910491572448457,320.43109388516876,False
701.8000000000001,297.23783659538697,0.9079595703967838,0.9103835577275119,320.43199750640343,False
701.9000000000001,297.23783659538697,0.9146644096931541,0.9102862535762742,320.43257872969883,False
702.0,297.23783659538697,0.9139452645203759,0.9101987560790142,320.43290162094394,False
702.1,297.23783659538697,0.9079025650855188,0.9101202125385068,320.43301976345373,False
702.2,297.23783659538697,0.9086565080332649,0.9100498232367669,320.4329777951408,False
702.3000000000001,297.23783659538697,0.9086778268635314,0.909986841966149,320.4328127371461,False
702.4000000000001,297.23783659538697,0.908778398782069,0.9099305756007157,320.4325551405538,False
702.5,297.23783659538697,0.9091533556910442,0.9098803829318677,320.4322300745502,False
702.6,297.23783659538697,0.9103088064938574,0.9098356729531434,320.43185797652666,False
702.7,297.23783659538697,0.9073981342176212,0.9097959027459209,320.4314553821122,False
702.8000000000001,297.23783659538697,0.9117389910556587,0.9097605750896852,320.43103555091017,False
702.9000000000001,297.23783659538697,0.9095671201039597,0.9097292358968482,320.4306090017644,False
703.0,297.23783659538697,0.9096432503107573,0.9097014715522164,320.43018396965965,False
703.1,297.23783659538697,0.9124857757019024,0.9096769062205461,320.42976679484667,False
703.2,297.23783659538697,0.9121061644524432,0.909655199171743,320.42936225344516,False
703.3000000000001,297.23783659538697,0.9097932808455914,0.9096360421617486,320.42897383759953,False
703.4000000000001,297.23783659538697,0.9087999005088466,0.9096191568976443,320.4286039922246,False
703.5,297.23783659538697,0.9104390750503915,0.9096042926077073,320.4282543144673,False
703.6,297.23783659538697,0.9090176665313936,0.9095912237307949,320.4279257212063,False
703.7,297.23783659538697,0.9117563990505629,0.9095797477342884,320.4276185892092,False
703.8000000000001,297.23783659538697,0.9069929909082589,0.9095696830657112,320.42733287194875,False
703.9000000000001,297.23783659538697,0.9086497859365007,0.9095608672398712,320.427068196539,False
704.0,297.23783659538697,0.908672738223859,0.9095531550608212,320.42682394378124,False
704.1,297.23783659538697,0.9090580465098322,0.9095464169759729,320.4265993138958,False
704.2,297.23783659538697,0.90961393302757,0.9095405375582234,320.42639338015675,False
704.3000000000001,297.23783659538697,0.9086544635314661,0.9095354141108801,320.4262051323339,False
704.4000000000001,297.23783659538697,0.906984327877356,0.9095309553894246,320.42603351157425,False
704.5,297.23783659538697,0.9094916199029457,0.9095270804336661,320.42587743811964,False
704.6,297.23783659538697,0.9113488708188358,0.9095237175035693,320.4257358330519,False
704.7,296.71393568957217,0.9051290670154775,0.9095208031119332,320.42560763508124,False
704.8000000000001,296.71393568957217,0.9098151752448204,0.9095569740308005,320.32365443202946,False
704.9000000000001,296.71393568957217,0.9100210244668552,0.9096579014602482,320.2359591062276,False
705.0,296.71393568957217,0.911809220706362,0.9098067913173501,320.16073446422325,False
705.1,296.71393568957217,0.9088360286310022,0.9099899975577106,320.09637632327536,False
705.2,296.71393568957217,0.9102286269091678,0.9101965088390033,320.04145516247877,False
705.3000000000001,296.71393568957217,0.9116433056562182,0.910417511582674,319.9947047954194,False
705.4000000000001,296.71393568957217,0.9097839650912398,0.9106460190994288,319.95500943558216,False
705.5,296.71393568957217,0.9103176128335178,0.9108765576003189,319.92139012794127,False
705.6,296.71393568957217,0.9104746377016486,0.9111049010247244,319.8929912167734,False
705.7,296.71393568957217,0.9086562445777193,0.9113278476416171,319.8690672925708,False
705.8000000000001,296.71393568957217,0.9127106713847843,0.911543032310572,319.84897089414545,False
705.9000000000001,296.71393568957217,0.8764539775420617,0.9117487691181575,319.8321411218577,True
706.0,298.44930388949865,0.9120885909912492,0.9119439198369933,319.81809323322506,False
706.1,298.44930388949865,0.9102645960351231,0.9120041360270718,320.14285627349204,False
706.2,298.44930388949865,0.91257472087891,0.9118427136315349,320.4219728057208,False
706.3000000000001,298.44930388949865,0.9119291896410839,0.9115087083015132,320.6623065436967,False
706.4000000000001,298.44930388949865,0.9099479619686018,0.9110432962972882,320.86950180393,False
706.5,298.44930388949865,0.9075688709160811,0.910480843889784,321.04824745974906,False
706.6,298.44930388949865,0.9107526675505786,0.9098498532985695,321.20247480807905,False
706.7,298.44930388949865,0.909169333785537,0.9091737944146396,321.3355073889711,False
706.8000000000001,298.44930388949865,0.9098824332571024,0.9084718329667352,321.4501755713524,False
706.9000000000001,298.44930388949865,0.9053760948927021,0.907759465963917,321.54890508883665,False
707.0,298.44930388949865,0.9020319595107037,0.9070490747653048,321.6337861635926,False
707.1,298.44930388949865,0.9070224061628799,0.9063504053485031,321.70662805381113,False
707.2,298.44930388949865,0.9052710864501798,0.9056709844471417,321.76900257216147,False
707.3000000000001,298.44930388949865,0.9025856095339665,0.9050164793233891,321.8222791944996,False
707.4000000000001,298.44930388949865,0.9033429747886679,0.9043910080826787,321.86765370413207,False
707.5,298.44930388949865,0.9029934780734838,0.9037974066501767,321.9061718242139,False
707.6,298.44930388949865,0.9016173884876518,0.9032374578193149,321.9387489284779,False
707.7,298.44930388949865,0.9040599290498793,0.9027120871508058,321.9661866526303,False
707.8000000000001,298.44930388949865,0.8987506829404946,0.9022215299405199,321.9891870299081,False
707.9000000000001,298.44930388949865,0.8978653344228651,0.9017654729793048,322.0083646261738,False
708.0,298.44930388949865,0.8968662733225188,0.9013431743898684,322.02425703928,False
708.1,298.44930388949865,0.9016364226776128,0.900953564438265,322.037334044576,False
708.2,298.44930388949865,0.8942262802832718,0.9005953298740488,322.04800560624716,False
708.3000000000001,298.44930388949865,0.9006705024236613,0.9002669840483613,322.0566289274041,False
708.4000000000001,298.44930388949865,0.9006085483731471,0.899966924788412,322.063514676569,False
708.5,298.44930388949865,0.8994295630743357,0.8996934817660065,322.0689325015138,False
708.6,298.44930388949865,0.8996205913501067,0.8994449548835697,322.07311592112194,False
708.7,298.44930388949865,0.9007811710898915,0.8992196450105834,322.0762666704328,False
708.8000000000001,298.44930388949865,0.8980051028816121,0.8990158782339767,322.07855856207163,False
708.9000000000001,298.44930388949865,0.8988158825113965,0.8988320246355828,322.08014091795616,False
709.0,298.44930388949865,0.9024935852659053,0.8986665124763564,322.0811416178278,False
709.1,298.44930388949865,0.8977988009780413,0.8985178385489125,322.0816698052736,False
709.2,298.44930388949865,0.8978187986859257,0.8983845753555637,322.08181828711815,False
709.3000000000001,298.44930388949865,0.8997596461389928,0.898265375676982,322.0816656580929,False
709.4000000000001,298.44930388949865,0.8987563333801063,0.8981589750156519,322.08127817933706,False
709.5,298.44930388949865,0.8979763529380027,0.8980641923272522,322.0807114364013,False
709.6,298.44930388949865,0.8983937898060932,0.8979799293909597,322.0800117999078,False
709.7,298.44930388949865,0.8966176843149276,0.8979051691154631,322.0792177097895,False
709.8000000000001,298.44930388949865,0.8979437723798035,0.8978389730303269,322.07836080203595,False
709.9000000000001,298.44930388949865,0.8997836289896333,0.8977804781714777,322.07746689506837,False
710.0,298.44930388949865,0.8981899913767771,0.8977288935342788,322.0765568512269,False
710.1,298.44930388949865,0.8953602693642897,0.8976834962372581,322.0756473273578,False
710.2,298.44930388949865,0.8957491550671143,0.8976436275134816,322.07475142711866,False
710.3000000000001,293.3495972619368,0.8944897500249513,0.8976086886242952,322.0738792663661,False
710.4000000000001,293.3495972619368,0.8985331151253292,0.8979934392738971,321.07421425570135,False
710.5,293.3495972619368,0.9011454998479789,0.89904642310859,320.20766816540254,False
710.6,293.3495972619368,0.8993121572943095,0.9005605747902039,319.4658632967753,False
710.7,293.3495972619368,0.9053108693228574,0.9023771130488233,318.83726392509385,False
710.8000000000001,293.3495972619368,0.9033508016202891,0.9043756747795949,318.3090113133419,False
710.9000000000001,293.3495972619368,0.9032925812337711,0.906466051163381,317.86814442328597,False
711.0,293.3495972619368,0.9073183563034531,0.9085814951136574,317.50234748323976,False
711.1,293.3495972619368,0.9112298234593885,0.9106734063986293,317.2003589294414,False
711.2,293.3495972619368,0.9128989511274876,0.9127071574777601,316.95215190139663,False
711.3000000000001,293.3495972619368,0.9145863353247186,0.9146588346558071,316.7489691340654,False
711.4000000000001,293.3495972619368,0.913651554584449,0.9165127011411159,316.5832710236625,False
711.5,293.3495972619368,0.9190884661591396,0.9182592244274561,316.44863670808024,False
711.6,293.3495972619368,0.9187186585137391,0.9198935431330866,316.339644060313,False
711.7,293.3495972619368,0.9187149334638157,0.9214142757971031,316.25174468621196,False
711.8000000000001,293.3495972619368,0.9232423938759681,0.9228225960240384,316.18114336250625,False
711.9000000000001,293.3495972619368,0.9244426042258899,0.9241215154657956,316.1246869769768,False
712.0,293.3495972619368,0.9270922874367019,0.9253153293226981,316.0797652512494,False
712.1,293.3495972619368,0.9257508113692464,0.926409189172721,316.04422382580844,False
712.2,293.3495972619368,0.9322655554235596,0.9274087757068505,316.01628930083916,False
712.3000000000001,293.3495972619368,0.930449305237996,0.9283200499209556,315.9945053016746,False
712.4000000000001,293.3495972619368,0.9307485189756161,0.9291490659236227,315.9776784019764,False
712.5,293.3495972619368,0.9267914686308724,0.9299018320933345,315.96483267703866,False
712.6,293.3495972619368,0.9262629002669455,0.9305842101039565,315.9551716993736,False
712.7,293.3495972619368,0.9311899612458412,0.9312018435197761,315.9480468815656,False
712.8000000000001,293.3495972619368,0.9334497736075416,0.9317601093792797,315.94293118783406,False
712.9000000000001,293.3495972619368,0.9347624686914393,0.9322640875451491,315.9393973581419,False
713.0,293.3495972619368,0.9308166638392311,0.9327185436759811,315.9370999069708,False
713.1,293.3495972619368,0.9365908042741385,0.9331279225334173,315.93576026776384,False
713.2,293.3495972619368,0.9309228963788925,0.9334963490233027,315.9351545512228,False
713.3000000000001,293.3495972619368,0.9323100819852947,0.9338276349170292,315.9351034705747,False
713.4000000000001,299.52455492882535,0.9326310918251391,0.934125289637433,315.9354640600417,False
713.5,299.52455492882535,0.935454723179771,0.9340581393744252,317.11268307934625,False
713.6,299.52455492882535,0.9325600934425893,0.9333808462948544,318.093172556592,False
713.7,299.52455492882535,0.9346838559927517,0.932214606910708,318.91732617823664,False
713.8000000000001,299.52455492882535,0.9291991834889122,0.9306658141680735,319.615417215835,False
713.9000000000001,299.52455492882535,0.931974087625963,0.9288264700172232,320.21047599584324,False
714.0,299.52455492882535,0.9270177061115593,0.9267751806237408,320.7202855457456,False
714.1,299.52455492882535,0.9234420996427178,0.924578412324023,321.1587799227429,False
714.2,299.52455492882535,0.9222151649263819,0.9222918207403547,321.5370346019262,False
714.3000000000001,299.52455492882535,0.921553330425387,0.9199615493983556,321.86397554103814,False
714.4000000000001,299.52455492882535,0.9164735760681411,0.9176254448407672,322.1468922114339,False
714.5,299.52455492882535,0.9136980980456963,0.9153141649393135,322.3918125832102,False
714.6,299.52455492882535,0.9150043744386169,0.913052173902313,322.60377989526836,False
714.7,299.52455492882535,0.9133103174271905,0.91085862655393,322.7870588637449,False
714.8000000000001,299.52455492882535,0.9114319676314415,0.9087481489856734,322.9452907345098,False
714.9000000000001,299.52455492882535,0.9041854335645745,0.9067315245917714,323.0816109403599,False
715.0,299.52455492882535,0.9055499663141482,0.9048162949601688,323.19873921755544,False
715.1,299.52455492882535,0.9042748157523095,0.9030072847882734,323.2990493038128,False
715.2,299.52455492882535,0.8981896523103392,0.9013070593271567,323.38462340734264,False
715.3000000000001,299.52455492882535,0.9006230492310311,0.8997163220558907,323.4572952553257,False
715.4000000000001,299.52455492882535,0.8995200174570656,0.8982342594716494,323.5186845331994,False
715.5,299.52455492882535,0.900607534014541,0.896858839112646,323.5702247998497,False
715.6,299.52455492882535,0.8933568097630605,0.8955870662362968,323.61318643048236,False
715.7,299.52455492882535,0.8942811885302363,0.8944152039610482,323.6486957446871,False
715.8000000000001,301.0615949423205,0.8985107942867707,0.8933389611437271,323.6777511842174,False
715.9000000000001,301.0615949423205,0.8904473521898583,0.8922062844225073,324.0066371666441,False
716.0,301.0615949423205,0.9372648528328534,0.8909010913278117,324.30096047719724,True
716.1,301.0615949423205,0.8884787690863425,0.8894673592663641,324.56470986817664,False
716.2,301.0615949423205,0.884946518994839,0.8879426137395923,324.8012412363053,False
716.3000000000001,301.0615949423205,0.8880809422353912,0.886358726520094,325.0134111779282,False
716.4000000000001,301.0615949423205,0.8896016238097265,0.8847426184916066,325.2036786818364,False
716.5,301.0615949423205,0.8844096048800084,0.8831168781202079,325.37418307436576,False
716.6,301.0615949423205,0.8833476891034331,0.881500305782675,325.52680411697844,False
716.7,301.0615949423205,0.8771308221175055,0.8799083931989832,325.6632085891953,False
716.8000000000001,301.0615949423205,0.8778458392945773,0.8783537461670754,325.7848865696351,False
716.9000000000001,301.0615949423205,0.8752714151344401,0.8768464577745178,325.8931798195831,False
717.0,301.0615949423205,0.8729423120070446,0.8753944383120326,325.98930408449337,False
717.1,301.0615949423205,0.8706724794676304,0.8740037072598855,326.07436669541266,False
717.2,301.0615949423205,0.8740058778100069,0.8726786519659178,326.14938053024855,False
717.3000000000001,301.0615949423205,0.8693485978433237,0.8714222569812899,326.2152751531144,False
717.4000000000001,301.0615949423205,0.8715896273684335,0.8702363074598504,326.2729057668109,False
717.5,301.0615949423205,0.8702503446734406,0.8691215695504444,326.32306047333503,False
717.6,301.0615949423205,0.8687148087013343,0.8680779503087152,326.36646622904095,False
717.7,301.0615949423205,0.8649257249502822,0.86710463931637,326.4037937967246,False
717.8000000000001,301.0615949423205,0.86905748202596,0.866200233912371,326.4356619306794,False
717.9000000000001,301.0615949423205,0.8669351701906132,0.8653628497036814,326.4626409784413,False
718.0,301.0615949423205,0.8678288583821383,0.8645902178255365,326.4852560413975,False
718.1,301.0615949423205,0.866550164084038,0.8638797702560554,326.5039898033553,False
718.2,301.0615949423205,0.8640971265503082,0.8632287143515878,326.51928510981566,False
718.3000000000001,301.0615949423205,0.8655152589650438,0.8626340976525207,326.53154735973567,False
718.4000000000001,301.0615949423205,0.8627203793822439,0.8620928639101593,326.54114675496527,False
718.5,301.0615949423205,0.8610631094435566,0.8616019012002015,326.54842043949816,False
718.6,301.0615949423205,0.859823571067919,0.8611580829143897,326.55367455052686,False
718.7,301.0615949423205,0.8609690788185247,0.8607583023567722,326.5571861955155,False
718.8000000000001,301.0615949423205,0.8606230749692039,0.860399501612776,326.5592053636601,False
718.9000000000001,301.0615949423205,0.8566336555516035,0.860078695306533,326.55995677583456,False
719.0,301.0615949423205,0.8603104436224398,0.8597929898134993,326.55964167411094,False
719.1,301.0615949423205,0.8621132754194136,0.8595395984505004,326.5584395499471,False
719.2,301.0615949423205,0.8582576205721537,0.8593158531233334,326.55650980892455,False
719.3000000000001,301.0615949423205,0.8638030277807405,0.8591192128725342,326.55399336932294,False
719.4000000000001,301.0615949423205,0.8573819500322123,0.8589472697205804,326.5510141916764,False
719.5,301.0615949423205,0.8597039093472418,0.8587977521884478,326.54768073664866,False
719.6,301.0615949423205,0.8611355951805905,0.8586685268159856,326.5440873489821,False
719.7,301.0615949423205,0.8609989854931341,0.858557597988933,326.540315565843,False
719.8000000000001,301.0615949423205,0.8214283273778044,0.8584631063455522,326.5364353485288,True
719.9000000000001,301.0615949423205,0.858803603413769,0.8583833260077796,326.53250623717884,False
720.0,301.0615949423205,0.8594920226224736,0.8583166608554931,326.52857842879394,False
720.1,301.0615949423205,0.8556875344948033,0.8582616400379506,326.5246937795008,False
720.2,301.0615949423205,0.8575377987831051,0.8582169128936497,326.52088673256713,False
720.3000000000001,301.0615949423205,0.8562721236742965,0.8581812434287824,326.51718517418027,False
720.4000000000001,301.0615949423205,0.8592737914546137,0.8581535044850639,326.5136112194327,False
720.5,301.0615949423205,0.86138639741945,0.8581326717099544,326.5101819313118,False
720.6,301.0615949423205,0.8571513765140243,0.8581178174261308,326.506909975772,False
720.7,301.0615949423205,0.8582653552302195,0.8581081044824065,326.5038042161753,False
720.8000000000001,301.0615949423205,0.8618786606020555,0.8581027801551019,326.5008702505314,False
720.9000000000001,301.0615949423205,0.857930613651497,0.8581011701570272,326.4981108950485,False
721.0,301.0615949423205,0.8587331925055662,0.8581026728007007,326.49552661754,False
721.1,301.0615949423205,0.8585807880040828,0.8581067533530734,326.4931159242153,False
721.2,301.0615949423205,0.8587823974330313,0.8581129386108067,326.49087570332944,False
721.3000000000001,301.0615949423205,0.8548147189987146,0.8581208117179466,326.48880152908043,False
721.4000000000001,301.0615949423205,0.8598978371369248,0.8581300072415825,326.4868879290312,False
721.5,298.41652051615824,0.8593649558984131,0.8581402065156806,326.48512861819955,False
721.6,298.41652051615824,0.8547180834176334,0.8584497539310886,325.9491695281964,False
721.7,298.41652051615824,0.8631686607689503,0.8592697835627705,325.45389306257675,False
721.8000000000001,298.41652051615824,0.8602783217524967,0.8604826804512994,325.00151483892074,False
721.9000000000001,298.41652051615824,0.8592753639121234,0.8619880505835248,324.5925193518957,False
722.0,298.41652051615824,0.8634764467000392,0.8637014066372821,324.2260605434784,False
722.1,298.41652051615824,0.8670848366525751,0.865552599291122,323.9003270848683,False
722.2,298.41652051615824,0.8661496835836496,0.8674841560346365,323.6128558312572,False
722.3000000000001,298.41652051615824,0.8706835598933501,0.8694496389372224,323.3607879312869,False
722.4000000000001,298.41652051615824,0.8710841894510625,0.8714120918378643,323.14106926788156,False
722.5,298.41652051615824,0.8750836579520369,0.8733426166669489,322.9506009862708,False
722.6,298.41652051615824,0.8750975091834218,0.8752190969854363,322.7863476903327,False
722.7,298.41652051615824,0.8780089576747893,0.8770250724896878,322.6454112423118,False
722.8000000000001,298.41652051615824,0.8803847742556486,0.8787487593268418,322.52507759515476,False
722.9000000000001,298.41652051615824,0.8809518359818627,0.8803822059973233,322.4228431536925,False
723.0,298.41652051615824,0.8832871621354287,0.8819205721377383,322.33642608097733,False
723.1,298.41652051615824,0.8834316655395282,0.8833615166593862,322.2637669050601,False
723.2,298.41652051615824,0.885409094803984,0.884704681918496,322.20302182605366,False
723.3000000000001,298.41652051615824,0.8888756443188838,0.8859512613763634,322.15255130941125,False
723.4000000000001,298.41652051615824,0.8861608761453074,0.8871036392844255,322.1109058847019,False
723.5,298.41652051615824,0.889126762983853,0.8881650921200975,322.0768105393094,False
723.6,298.41652051615824,0.8846309869956797,0.8891395426944283,322.0491486855349,False
723.7,298.41652051615824,0.8898810991151583,0.8900313589898655,322.0269463675537,False
723.8000000000001,298.41652051615824,0.8924389602355687,0.8908451908333367,322.0093571423492,False
723.9000000000001,298.41652051615824,0.8925004328385017,0.8915858384529257,321.9956478990577,False
724.0,298.41652051615824,0.8905995624895433,0.8922581478034162,321.9851857597228,False
724.1,298.41652051615824,0.8930697969068362,0.8928669282810691,321.97742611953447,False
724.2,298.41652051615824,0.8930508613323522,0.8934168890887803,321.9719018269081,False
724.3000000000001,298.41652051615824,0.8953029291064619,0.8939125910682125,321.9682134659802,False
724.4000000000001,298.41652051615824,0.895520363323359,0.8943584112951425,321.9660206807247,False
724.5,298.41652051615824,0.8932056140996747,0.8947585181469633,321.9650344667263,False
724.6,298.41652051615824,0.8995776243086907,0.89511685490573,321.96501035059106,False
724.7,298.41652051615824,0.8934035286968921,0.8954371302638376,321.96574237572605,False
724.8000000000001,298.41652051615824,0.8976613566017869,0.8957228143592451,321.9670578151337,False
724.9000000000001,298.41652051615824,0.8953276712238105,0.8959771391891237,321.96881253574793,False
725.0,298.41652051615824,0.8980702005805276,0.8962031024401534,321.970886943858,False
725.1,298.41652051615824,0.8997260246875239,0.8964034739349805,321.9731824467417,False
725.2,298.41652051615824,0.8986781246044283,0.8965808040315485,321.97561837137454,False
725.3000000000001,298.41652051615824,0.8971995776076024,0.8967374334285175,321.978129286736,False
725.4000000000001,292.4424004299506,0.89756751451303,0.8968755039287448,321.9806626816449,False
725.5,292.4424004299506,0.8968325087239973,0.8974772469578635,320.81431624600424,False
725.6,292.4424004299506,0.8981684982754283,0.8988247583819066,319.8069681591276,False
725.7,292.4424004299506,0.9028376507113326,0.9006739538859878,318.9489308793527,False
725.8000000000001,292.4424004299506,0.9024394488902434,0.9028409864598442,318.2261208570991,False
725.9000000000001,292.4424004299506,0.9060785574680448,0.9051890506324496,317.6226360781202,False
726.0,292.4424004299506,0.9105590804669932,0.9076175503330182,317.12243750005274,False
726.1,292.4424004299506,0.9110806303131008,0.9100535225386969,316.7103517802245,False
726.2,292.4424004299506,0.9104443622264955,0.9124449807363985,316.372599186646,False
726.3000000000001,292.4424004299506,0.912796235098574,0.9147558017834025,316.09700969212327,False
726.4000000000001,292.4424004299506,0.9143429428850429,0.9169618167922767,315.8730465203756,False
726.5,292.4424004299506,0.9170657494413786,0.9190478268931466,315.6917193667268,False
726.6,292.4424004299506,0.9193814476576202,0.9210053245599351,315.5454413587695,False
726.7,292.4424004299506,0.9237820319016214,0.9228307522207074,315.42786375483837,False
726.8000000000001,292.4424004299506,0.9227053550367219,0.9245241704892664,315.33370870240867,False
726.9000000000001,292.4424004299506,0.9250614580168236,0.9260882395574024,315.2586113875162,False
727.0,292.4424004299506,0.923861177154172,0.9275274408301789,315.198977190169,False
727.1,292.4424004299506,0.9268806743937629,0.9288474835101731,315.1518559573894,False
727.2,292.4424004299506,0.9296154390319102,0.9300548540060313,315.1148334564217,False
727.3000000000001,292.4424004299506,0.9313433746553794,0.9311564759030736,315.0859389528316,False
727.4000000000001,292.4424004299506,0.9345406250624554,0.9321594556535092,315.0635673205801,False
727.5,292.4424004299506,0.9328466748450122,0.9330708947597096,315.04641390297036,False
727.6,292.4424004299506,0.9369988836225139,0.9338977535030696,315.03342035614816,False
727.7,292.4424004299506,0.9308294433287465,0.9346467545538331,315.02372982700484,False
727.8000000000001,292.4424004299506,0.9374190642820934,0.9353243173324702,315.01664998742126,False
727.9000000000001,292.4424004299506,0.9353176331107904,0.9359365159629377,315.0116226326286,False
728.0,292.4424004299506,0.9385850655362632,0.9364890551968817,315.00819873372916,False
728.1,292.4424004299506,0.9394752768073095,0.9369872598953115,315.00601800296954,False
728.2,292.4424004299506,0.9385800006913015,0.9374360746054428,315.00479218070984,False
728.3000000000001,292.4424004299506,0.9361486610881222,0.9378400705218325,315.00429138395776,False
728.4000000000001,292.4424004299506,0.9387623966901764,0.9382034577157756,315.0043329684535,False
728.5,292.4424004299506,0.9403434466400535,0.9385301009884307,315.0047724511608,False
728.6,292.4424004299506,0.9374702975404565,0.9388235380770289,315.00549611958604,False
728.7,292.4424004299506,0.9403819499252752,0.9390869992399075,315.00641502065133,False
728.8000000000001,292.4424004299506,0.9412601088108831,0.9393234274807872,315.0074600768247,False
728.9000000000001,292.4424004299506,0.9398623335666212,0.9395354988581754,315.00857812263143,False
729.0,292.4424004299506,0.937625491385912,0.9397256424719247,315.00972869209164,False
729.1,292.4424004299506,0.9385539548247318,0.9398960598337104,315.01088141839693,False
729.2,292.4424004299506,0.9396692931065247,0.9400487434178227,315.0120139323947,False
729.3000000000001,292.4424004299506,0.9420030409301265,0.94018549425825,315.0131101671572,False
729.4000000000001,292.4424004299506,0.9400071234849763,0.9403079385116326,315.01415899287844,False
729.5,292.4424004299506,0.916504765773434,0.940417542946536,315.0151531202321,True
729.6,292.4424004299506,0.9429679784503197,0.9405156293502661,315.01608822168896,False
729.7,292.4424004299506,0.9420040909680623,0.9406033878672249,315.0169622295896,False
729.8000000000001,292.4424004299506,0.942914013309552,0.9406818892992838,315.01777477737323,False
729.9000000000001,292.4424004299506,0.9380582440855685,0.9407520964101928,315.0185267565773,False
730.0,292.4424004299506,0.9383278907310659,0.9408148742837389,315.0192199673031,False
730.1,292.4424004299506,0.9420329442803522,0.9408709997900886,315.0198568439966,False
730.2,292.4424004299506,0.9413171376809505,0.9409211702171967,315.0204402417798,False
730.3000000000001,292.4424004299506,0.9361191814584721,0.9409660111248916,315.0209732713434,False
730.4000000000001,292.4424004299506,0.9414397701689476,0.9410060834786981,315.0214591726664,False
730.5,292.4424004299506,0.9394309708287119,0.9410418901189747,315.0219012196769,False
730.6,292.4424004299506,0.9429981398646625,0.9410738816188092,315.0223026494699,False
730.7,292.4424004299506,0.9426457850187263,0.9411024615815328,315.0226666109258,False
730.8000000000001,292.4424004299506,0.9420619739181895,0.9411279914258535,315.0229961285705,False
730.9000000000001,298.25928439689693,0.9388377848471084,0.9411507947036069,315.0232940783301,False
731.0,298.25928439689693,0.9426948107862119,0.9408778333945831,316.12765584456855,False
731.1,298.25928439689693,0.9359451315734149,0.9400964034399304,317.0391463408918,False
731.2,298.25928439689693,0.956259259291085,0.9389165159279349,317.7974215636304,True
731.3000000000001,298.25928439689693,0.9338888294085924,0.9374336515037102,318.4323622124405,False
731.4000000000001,298.25928439689693,0.9302135239126612,0.9357293342050886,318.9668241574976,False
731.5,298.25928439689693,0.9319615792634637,0.9338722246607422,319.4185498488406,False
731.6,298.25928439689693,0.9322962735305166,0.9319194354350079,319.8015103009089,False
731.7,298.25928439689693,0.9290582617572556,0.9299178957622932,320.12685752137986,False
731.8000000000001,298.25928439689693,0.9300848216589958,0.9279056705465528,320.4036079381385,False
731.9000000000001,298.25928439689693,0.9219576933190752,0.9259131853389048,320.639138226235,False
732.0,298.25928439689693,0.922487711537762,0.923964336503007,320.8395489990412,False
732.1,298.25928439689693,0.9202171614612912,0.9220774813700635,321.00993452218955,False
732.2,298.25928439689693,0.9208228521237978,0.9202663116676068,321.154584964304,False
732.3000000000001,298.25928439689693,0.9171348541973703,0.9185406177909748,321.27713978573354,False
732.4000000000001,298.25928439689693,0.9179136809622633,0.9169069533539063,321.38070543478244,False
732.5,301.0855294438744,0.9155195431937357,0.9153692099679579,321.4679467542708,False
732.6,301.0855294438744,0.9149250996475534,0.913695131239229,322.0954854689179,False
732.7,301.0855294438744,0.9067347843685675,0.9117074901523139,322.64538064423715,False
732.8000000000001,301.0855294438744,0.9094964643713073,0.9094820300556844,323.1296152634098,False
732.9000000000001,301.0855294438744,0.9053070735968991,0.9070835605916026,323.5576890497572,False
733.0,301.0855294438744,0.9044992192420871,0.9045672309837377,323.93723478826087,False
733.1,301.0855294438744,0.9002425404205334,0.9019797033022985,324.27446683028177,False
733.2,301.0855294438744,0.900961269196153,0.8993602115653773,324.57451083895984,False
733.3000000000001,301.0855294438744,0.895345395053959,0.8967415058061522,324.84164855170843,False
733.4000000000001,301.0855294438744,0.8960429845671628,0.8941506871763838,325.0795010680053,False
733.5,301.0855294438744,0.8922162905026344,0.891609943395044,325.29116720440925,False
733.6,301.0855294438744,0.888699989765696,0.8891371949668372,325.4793286850563,False
733.7,301.0855294438744,0.8869958492905694,0.8867466625410507,325.64633063118725,False
733.8000000000001,301.0855294438744,0.8828130130006326,0.8844493651209921,325.79424350190965,False
733.9000000000001,301.0855294438744,0.879431360380563,0.8822535578984189,325.92491100512615,False
734.0,301.0855294438744,0.8773760630571337,0.8801651174649764,326.0399873314867,False
734.1,301.0855294438744,0.8800007657571915,0.8781878811483911,326.1409662230212,False
734.2,301.0855294438744,0.8745799334862117,0.876323946289435,326.22920377485974,False
734.3000000000001,301.0855294438744,0.8750330830526339,0.8745739344413013,326.3059364165861,False
734.4000000000001,301.0855294438744,0.8719256042987673,0.8729372247436624,326.3722951832092,False
734.5,301.0855294438744,0.8718865340963283,0.8714121600973186,326.4293171323211,False
734.6,301.0855294438744,0.8709293842530933,0.8699962292347556,326.47795457115706,False
734.7,301.0855294438744,0.8692838512264683,0.8686862273373865,326.5190826089909,False
734.8000000000001,301.0855294438744,0.8817502879498268,0.8674783974810663,326.5535054352196,True
734.9000000000001,301.0855294438744,0.8637409394909767,0.8663685548869775,326.5819616334383,False
735.0,301.0855294438744,0.8622167566473818,0.8653521957050555,326.6051287708833,False
735.1,301.0855294438744,0.905873977242847,0.8644245918524629,326.62362744650795,True
735.2,301.0855294438744,0.8616529003632036,0.8635808732619517,326.6380249364726,False
735.3000000000001,301.0855294438744,0.8617912839503126,0.8628160987570114,326.6488385405811,False
735.4000000000001,301.0855294438744,0.8670154171889157,0.8621253166563001,326.65653870536545,False
735.5,301.0855294438744,0.8633186161245058,0.8615036161138026,326.66155197769353,False
735.6,301.0855294438744,0.8554241265408093,0.8609461701191108,326.6642638258302,False
735.7,301.0855294438744,0.8620040005935153,0.8604482710108469,326.6650213519215,False
735.8000000000001,301.0855294438744,0.8605910896644058,0.8600053592927402,326.66413591015385,False
735.9000000000001,301.0855294438744,0.8554055198208789,0.8596130464842069,326.66188563774654,False
736.0,301.0855294438744,0.8613259500727024,0.859267132683919,326.6585179009596,False
736.1,301.0855294438744,0.8610807160917513,0.8589636194747133,326.6542516549964,False
736.2,301.0855294438744,0.8566650963994642,0.858698718750523,326.64927971469285,False
736.3000000000001,301.0855294438744,0.8591973599236655,0.8584688580003712,326.6437709319024,False
736.4000000000001,301.0855294438744,0.8596019563694742,0.8582706825405914,326.63787227525086,False
736.5,301.0855294438744,0.8562010711165625,0.8581010551442124,326.63171080823946,False
736.6,301.0855294438744,0.8572134187251219,0.8579570534758922,326.6253955623432,False
736.7,301.0855294438744,0.8593803236602143,0.8578359657019238,326.6190193026477,False
736.8000000000001,301.0855294438744,0.8590785003099927,0.8577352846077961,326.6126601845829,False
736.9000000000001,301.0855294438744,0.8572312306394004,0.85765270052064,326.6063833013649,False
737.0,301.0855294438744,0.8549853375530377,0.8575860933007332,326.6002421227818,False
737.1,300.9456850490061,0.8556677937348115,0.8575335236351531,326.594279826921,False
737.2,300.9456850490061,0.858266475293597,0.8575093544279189,326.56021202665835,False
737.3000000000001,300.9456850490061,0.8559141193977744,0.8575242620824897,326.5282608095314,False
737.4000000000001,300.9456850490061,0.860353861076373,0.8575715226697979,326.4984311226932,False
737.5,300.9456850490061,0.8573740229850609,0.8576451818756344,326.47070201695664,False
737.6,300.9456850490061,0.8549087561879583,0.8577399933465556,326.44503135751984,False
737.7,300.9456850490061,0.8513279087575488,0.8578513590585823,326.4213600066742,False
737.8000000000001,300.9456850490061,0.8580361114516154,0.8579752721153118,326.3996155058519,False
737.9000000000001,300.9456850490061,0.8593719446279463,0.8581082622796828,326.3797152891298,False
738.0,300.9456850490061,0.8577361747820651,0.8582473444536795,326.3615694632856,False
738.1,300.9456850490061,0.857793610845857,0.8583899702426511,326.34508319098273,False
738.2,300.9456850490061,0.8569582904762993,0.8585339826746853,326.3301587139766,False
738.3000000000001,300.9456850490061,0.8573076874478608,0.858677574090145,326.31669705260435,False
738.4000000000001,300.9456850490061,0.8567218842643045,0.8588192471709144,326.30459941650685,False
738.5,300.9456850490061,0.8609470888634727,0.8589577790421427,326.29376835971897,False
738.6,300.9456850490061,0.8581984730212016,0.8590921883503153,326.28410871112317,False
738.7,300.9456850490061,0.8597807153108825,0.8592217051993258,326.2755283089262,False
738.8000000000001,300.9456850490061,0.8601086925375931,0.859345743809932,326.26793856539217,False
738.9000000000001,300.9456850490061,0.8640977978790156,0.8594638777566962,326.2612548856354,False
739.0,300.9456850490061,0.8590810703940764,0.8595758176294254,326.2553969618987,False
739.1,300.9456850490061,0.8595883109411219,0.8596813909625494,326.25028896246687,False
739.2,300.9456850490061,0.8621458677729008,0.8597805242751576,326.2458596322151,False
739.3000000000001,300.9456850490061,0.8621114205271534,0.8598732270660162,326.2420423197938,False
739.4000000000001,300.9456850490061,0.8624741631376982,0.8599595776113182,326.23877494460453,False
739.5,300.9456850490061,0.859857636247091,0.8600397104177748,326.23599991504244,False
739.6,300.9456850490061,0.8570776370359035,0.8601138051895773,326.2336640079545,False
739.7,300.9456850490061,0.8588741470244096,0.8601820771744566,326.2317182178921,False
739.8000000000001,300.9456850490061,0.8550223721571745,0.8602447687612876,326.2301175835123,False
739.9000000000001,300.9456850490061,0.857000880728019,0.8603021422092231,326.2288209973909,False
740.0,300.9456850490061,0.8645754082431271,0.8603544733960393,326.2277910045486,False
740.1,300.9456850490061,0.8621532332523401,0.8604020464810764,326.2269935941422,False
740.2,300.9456850490061,0.8593710401589969,0.8604451493857761,326.2263979880303,False
740.3000000000001,300.9456850490061,0.8591414301278734,0.8604840700022507,326.22597642927263,False
740.4000000000001,300.9456850490061,0.8585752811161185,0.860519093047518,326.22570397305964,False
740.5,300.9456850490061,0.8586662425614472,0.8605504974879297,326.2255582820809,False
740.6,300.9456850490061,0.8612390340707419,0.8605785544649056,326.22551942791944,False
740.7,300.9456850490061,0.8622395004280761,0.8606035256593059,326.2255696996989,False
740.8000000000001,300.9456850490061,0.8602924760447234,0.8606256620376378,326.2256934209028,False
740.9000000000001,300.9456850490061,0.8631047818393451,0.8606452029287909,326.22587677502304,False
741.0,300.9456850490061,0.8556265893001925,0.8606623753851115,326.22610764047386,False
741.1,300.9456850490061,0.862588546567851,0.8606773937863915,326.2263754350234,False
741.2,300.9456850490061,0.8644203954153888,0.8606904596497469,326.2266709698384,False
741.3000000000001,300.9456850490061,0.8619984103664253,0.8607017616124198,326.2269863131139,False
741.4000000000001,300.9456850490061,0.8592141264416632,0.8607114755582641,326.22731466315287,False
741.5,300.9456850490061,0.8598067823588205,0.8607197648620877,326.22765023067876,False
741.6,300.9456850490061,0.8580914438693895,0.8607267807291337,326.2279881300986,False
741.7,300.9456850490061,0.8588126732713719,0.8607326626098142,326.228324279382,False
741.8000000000001,300.9456850490061,0.8571164865093746,0.8607375386723731,326.2286553081839,False
741.9000000000001,300.9456850490061,0.8612118501982085,0.8607415263184701,326.228978473812,False
742.0,300.9456850490061,0.8598550338739229,0.8607447327287645,326.2292915846214,False
742.1,302.9671132237974,0.8615131357468373,0.8607472554274462,326.22959293040896,False
742.2,302.9671132237974,0.8617390283620154,0.8605191606991921,326.63861427290647,False
742.3000000000001,302.9671132237974,0.8603026747072506,0.859875735164757,327.0214159080551,False
742.4000000000001,302.9671132237974,0.8570961214639434,0.858878901464984,327.3807406422405,False
742.5,302.9671132237974,0.8556936625530585,0.8575833234782808,327.7188595933919,False
742.6,302.9671132237974,0.8563587224733056,0.8560372407149546,328.037670547253,False
742.7,302.9671132237974,0.8521958577510352,0.8542832051884093,328.33877357501933,False
742.8000000000001,302.9671132237974,0.8532216082001213,0.8523587318076286,328.62352962579644,False
742.9000000000001,302.9671132237974,0.851516293145014,0.8502968723990905,328.8931062667793,False
743.0,302.9671132237974,0.8480073567411925,0.8481267224482284,329.1485136452007,False
743.1,302.9671132237974,0.8461082455791502,0.8458738686446361,329.3906329553181,False
743.2,302.9671132237974,0.8430609918463409,0.8435607843699355,329.6202391197474,False
743.3000000000001,302.9671132237974,0.842429120100462,0.8412071794046687,329.83801897447586,False
743.4000000000001,302.9671132237974,0.8379385896366482,0.8388303093579134,330.04458593708443,False
743.5,302.9671132237974,0.8361840366032287,0.8364452496392031,330.2404919074547,False
743.6,302.9671132237974,0.8386234686771104,0.8340651381911852,330.42623697783915,False
743.7,302.9671132237974,0.8297959416356391,0.8317013906757255,330.60227739918366,False
743.8000000000001,302.9671132237974,0.8288538788019281,0.8293638913477612,330.7690321519127,False
743.9000000000001,302.9671132237974,0.8282391588440544,0.8270611624521255,330.9268883939876,False
744.0,302.9671132237974,0.8238391444313397,0.8248005146313907,331.0762060010785,False
744.1,302.9671132237974,0.8231379160859285,0.8225881805307625,331.2173213688483,False
744.2,302.9671132237974,0.8207623626344959,0.8204294335232127,331.35055061246874,False
744.3000000000001,302.9671132237974,0.8191865410926391,0.8183286932491154,331.4761922712034,False
744.4000000000001,302.9671132237974,0.8176139195989501,0.816289619465054,331.59452960444435,False
744.5,302.9671132237974,0.8182298965978586,0.8143151955222366,331.7058325486447,False
744.6,302.9671132237974,0.8140746004923501,0.8124078026426547,331.810359391141,False
744.7,302.9671132237974,0.8121253358658246,0.8105692860277808,331.90835820614734,False
744.8000000000001,302.9671132237974,0.8108881717897997,0.8088010137176849,332.00006808963735,False
744.9000000000001,302.9671132237974,0.8076272078891708,0.8071039290157317,332.085720222959,False
745.0,302.9671132237974,0.8091461383054089,0.8054785972036351,332.16553878950765,False
745.1,302.9671132237974,0.8026411892325881,0.8039252471919243,332.2397417643375,False
745.2,302.9671132237974,0.8021847357894435,0.8024438086804285,332.30854159301435,False
745.3000000000001,302.9671132237974,0.8023825554237091,0.8010339453409843,332.3721457731319,False
745.4000000000001,302.9671132237974,0.7997469733200887,0.7996950844791526,332.4307573496032,False
745.5,302.9671132237974,0.7972684257938348,0.7984264435824094,332.4845753329884,False
745.6,302.9671132237974,0.7962752293247221,0.797227054118239,332.5337950486497,False
745.7,302.9671132237974,0.7959656048374525,0.7960957829061496,332.5786084233628,False
745.8000000000001,293.8812358402274,0.7927508196186691,0.7950313513522649,332.61920421510774,False
745.9000000000001,293.8812358402274,0.7941626913464007,0.7955323190995649,330.72761662190015,False
746.0,293.8812358402274,0.7979917875618444,0.7986226129980969,328.84188664518064,False
746.1,293.8812358402274,0.8021196936827636,0.8036198690218727,327.04291836291594,False
746.2,293.8812358402274,0.8115943061549048,0.809925009986102,325.3864751827908,False
746.3000000000001,293.8812358402274,0.815877671663693,0.8170470061308382,323.9037718251856,False
746.4000000000001,293.8812358402274,0.825867096051672,0.8246033317473709,322.6060299858442,False
746.5,293.8812358402274,0.8292240064293577,0.832307448092494,321.4902393166091,False
746.6,293.8812358402274,0.840146762503236,0.8399517227958418,320.5444555824121,False
746.7,293.8812358402274,0.850600871889641,0.8473905307311346,319.75195277443703,False
746.8000000000001,293.8812358402274,0.8532266782300312,0.854525598231374,319.0941466100958,False
746.9000000000001,293.8812358402274,0.8646836122277586,0.8612941281024596,318.55247727548027,False
747.0,293.8812358402274,0.8710749395191755,0.8676595345740086,318.1095118622777,False
747.1,293.8812358402274,0.874398650186261,0.8736043669465418,317.7495071962755,False
747.2,293.8812358402274,0.8787951687285614,0.8791249683249203,317.4586230243524,False
747.3000000000001,293.8812358402274,0.8856930647046385,0.8842274695589336,317.2249228459183,False
747.4000000000001,293.8812358402274,0.8846539845998121,0.8889247950710204,317.0382558399991,False
747.5,293.8812358402274,0.8936000265976822,0.8932344302650962,316.8900805036345,False
747.6,293.8812358402274,0.8991894229459378,0.8971767610110982,316.77326752567456,False
747.7,293.8812358402274,0.9015063747815192,0.9007738432262072,316.68190388751106,False
747.8000000000001,293.8812358402274,0.9035195919281489,0.9040484965399433,316.611110108169,False
747.9000000000001,293.8812358402274,0.9078092226854766,0.9070236428097216,316.5568762419429,False
748.0,293.8812358402274,0.9088792257966769,0.9097218300576956,316.51591843854067,False
748.1,293.8812358402274,0.9112861187458442,0.9121648970325916,316.4855557058714,False
748.2,296.3084227939929,0.9153292216550227,0.9143737444434147,316.4636053736855,False
748.3000000000001,296.3084227939929,0.9159373172112794,0.9162364696851367,316.9108109481444,False
748.4000000000001,296.3084227939929,0.9170448184422371,0.9176826516880144,317.2842043393535,False
748.5,296.3084227939929,0.91574836925523,0.9187853383232338,317.5971141706802,False
748.6,296.3084227939929,0.9221799412316928,0.9196064441598939,317.8601135942006,False
748.7,296.3084227939929,0.9180190104253125,0.9201982071715287,318.081677960525,False
748.8000000000001,296.3084227939929,0.9190540425522091,0.9206045153783633,318.2686660552357,False
748.9000000000001,296.3084227939929,0.9211990383463428,0.920862091829095,318.4266763115706,False
749.0,296.3084227939929,0.9207884498886666,0.9210015392502949,318.56031352048194,False
749.1,296.3084227939929,0.9182996178185446,0.9210482525132885,318.6733908101282,False
749.2,296.3084227939929,0.9199503273521491,0.9210232102756308,318.76908433256364,False
749.3000000000001,296.3084227939929,0.9204535322852451,0.920943658271354,318.85005304633876,False
749.4000000000001,296.3084227939929,0.9232094747654863,0.9208236966725538,318.9185324766288,False
749.5,296.3084227939929,0.9190805673481615,0.9206747832747734,318.97640887697395,False
749.6,296.3084227939929,0.9185961080462753,0.9205061632937497,319.02527847994634,False
749.7,296.3084227939929,0.9207322922515803,0.9203252354881747,319.0664952866109,False
749.8000000000001,296.3084227939929,0.9190511300700968,0.9201378632467767,319.10120995603467,False
749.9000000000001,296.3084227939929,0.9180657947039593,0.9199486382542683,319.130401713176,False
750.0,296.3084227939929,0.9207307948155966,0.9197611034059726,319.1549047248578,False
750.1,296.3084227939929,0.9192561957672126,0.9195779407862846,319.17543004948976,False
750.2,296.3084227939929,0.9193269794980826,0.9194011297632095,319.19258401183646,False
750.3000000000001,296.3084227939929,0.9214150931458642,0.91923207957472,319.206883664564,False
750.4000000000001,296.3084227939929,0.9191765916480293,0.9190717401877372,319.2187698560301,False
750.5,296.3084227939929,0.9180239771009591,0.9189206946891908,319.2286183161148,False
750.6,296.3084227939929,0.9156604945485065,0.9187792360134535,319.23674908972464,False
750.7,296.3084227939929,0.916163509768547,0.9186474304141967,319.2434345843515,False
750.8000000000001,296.3084227939929,0.9175828477144278,0.9185251697445909,319.2489064489093,False
750.9000000000001,296.8315182504414,0.9174275816222004,0.9184122143115473,319.25336146251146,False
751.0,296.8315182504414,0.915661658388885,0.9182726115371866,319.3580581084739,False
751.1,296.8315182504414,0.9172507704155967,0.9180820485290406,319.44702234809824,False
751.2,296.8315182504414,0.9171279429727028,0.9178552609685299,319.52257397684303,False
751.3000000000001,296.8315182504414,0.9143101337644037,0.9176041840748312,319.5866795462212,False
751.4000000000001,296.8315182504414,0.9160861403836569,0.9173384028866082,319.641011640033,False
751.5,296.8315182504414,0.9139207109104447,0.9170655374186935,319.68699658907605,False
751.6,296.8315182504414,0.9135078668355139,0.9167915712603227,319.7258532519953,False
751.7,296.8315182504414,0.9186692806800962,0.9165211311989956,319.75862482235425,False
751.8000000000001,296.8315182504414,0.9173907990761715,0.9162577245470745,319.7862051362354,False
751.9000000000001,296.8315182504414,0.9118322579522317,0.9160039400211936,319.80936059853946,False
752.0,296.8315182504414,0.913408683868692,0.9157616172838656,319.82874858355,False
752.1,296.8315182504414,0.915258008710912,0.915531989597712,319.84493297040643,False
752.2,296.8315182504414,0.9143087914258696,0.9153158034599432,319.85839732848854,False
752.3000000000001,296.8315182504414,0.9150098044512369,0.9151134185714113,319.86955615816544,False
752.4000000000001,296.8315182504414,0.9148175638816447,0.9149248910438228,319.87876450934846,False
752.5,296.8315182504414,0.9155064859735986,0.9147500423538794,319.8863262368984,False
752.6,296.8315182504414,0.9113959370879258,0.9145885162079602,319.8925011031217,False
752.7,296.8315182504414,0.914238192702624,0.9144398251798006,319.89751089965347,False
752.8000000000001,296.8315182504414,0.914881413322781,0.9143033887212789,319.901544731262,False
752.9000000000001,296.8315182504414,0.911545942071216,0.9141785639183065,319.9047635805112,False
753.0,296.8315182504414,0.914416252269865,0.9140646701657724,319.90730425332066,False
753.1,296.8315182504414,0.9162647188124301,0.9139610087638691,319.9092827901583,False
753.2,296.8315182504414,0.9127720611119928,0.9138668782896547,319.9107974150832,False
753.3000000000001,296.8315182504414,0.9143371812539146,0.9137815864694859,319.91193108450926,False
753.4000000000001,296.8315182504414,0.9135469518772839,0.9137044591674447,319.9127536889277,False
753.5,296.8315182504414,0.91905330354796,0.9136348470098006,319.91332395356255,False
753.6,296.8315182504414,0.9155377474091375,0.9135721300839147,319.91369107776967,False
753.7,296.8315182504414,0.9129238115352447,0.9135157210800399,319.9138961477291,False
753.8000000000001,296.8315182504414,0.9097430399442684,0.9134650671846556,319.91397335246086,False
753.9000000000001,296.8315182504414,0.9143657042238957,0.9134196509829432,319.9139510292941,False
754.0,296.8315182504414,0.9128254761040909,0.9133789905845628,319.9138525615403,False
754.1,296.8315182504414,0.9168669597360389,0.9133426391499996,319.91369714818677,False
754.2,296.8315182504414,0.9169008627778247,0.9133101839634956,319.9135004628678,False
754.3000000000001,296.8315182504414,0.9162123690890347,0.913281245172182,319.91327521714095,False
754.4000000000001,296.8315182504414,0.9140537298655939,0.9132554742887801,319.9130316411485,False
754.5,296.8315182504414,0.9107291714214033,0.9132325525365637,319.9127778930389,False
754.6,296.8315182504414,0.9153209308606631,0.9132121890996342,319.9125204070371,False
754.7,296.8315182504414,0.9131650895903243,0.9131941193285166,319.9122641887501,False
754.8000000000001,296.8315182504414,0.9159139095578024,0.9131781029402479,319.912013065156,False
754.9000000000001,296.8315182504414,0.9125582931812206,0.9131639222431644,319.9117698957336,False
755.0,296.8315182504414,0.9099082911176125,0.9131513804092135,319.9115367503201,False
755.1,296.8315182504414,0.9095368661028753,0.9131402998105737,319.91131505852906,False
755.2,296.8315182504414,0.9109069886131249,0.913130520432453,319.911105734901,False
755.3000000000001,296.8315182504414,0.9150367111183629,0.9131218983699614,319.9109092833864,False
755.4000000000001,296.8315182504414,0.9101575576417474,0.9131143044137762,319.9107258842586,False
755.5,296.8315182504414,0.9130391534676124,0.9131076227268015,319.91055546612375,False
755.6,298.4721812037214,0.911675496838092,0.9131017496120452,319.9103977653156,False
755.7,298.4721812037214,0.9156856229443154,0.9129786367862268,320.2285446653972,False
755.8000000000001,298.4721812037214,0.9127709218936074,0.9126556639493472,320.5019866485782,False
755.9000000000001,298.4721812037214,0.9102380320261982,0.9121794693306321,320.7374021343574,False
756.0,298.4721812037214,0.9118530105477904,0.9115890669009373,320.9402946862595,False
756.1,298.4721812037214,0.9134693877502491,0.9109168903853704,321.1152453319452,False
756.2,298.4721812037214,0.9108939863523866,0.9101897156797397,321.2661019922488,False
756.3000000000001,298.4721812037214,0.9099534713385072,0.9094294711514178,321.396123132346,False
756.4000000000001,298.4721812037214,0.9055581340766937,0.9086539464926668,321.5080878063679,False
756.5,298.4721812037214,0.909849055193282,0.907877410844322,321.60438082955335,False
756.6,298.4721812037214,0.9074408522400388,0.9071111503821429,321.6870593980751,False
756.7,298.4721812037214,0.9082785539092206,0.9063639347533258,321.75790576473366,False
756.8000000000001,298.4721812037214,0.9050910752705579,0.905642420855177,321.8184693539165,False
756.9000000000001,298.4721812037214,0.9038001757085194,0.9049515015549201,321.87010081559106,False
757.0,298.4721812037214,0.9071178457020787,0.9042946061074141,321.9139798758116,False
757.1,298.4721812037214,0.9013801618345929,0.9036739582572931,321.95113837125484,False
757.2,298.4721812037214,0.9014885044881145,0.9030907973196007,321.9824795094454,False
757.3000000000001,298.4721812037214,0.9029534791623266,0.9025455669163434,322.00879414058653,False
757.4000000000001,298.4721812037214,0.8974756982824691,0.9020380754997662,322.03077463703863,False
757.5,298.4721812037214,0.9013573846458388,0.9015676323094185,322.04902683506515,False
757.6,298.4721812037214,0.9037922009570125,0.9011331619819434,322.06408038785,False
757.7,298.4721812037214,0.8834192060235808,0.9007333006532297,322.0763977997438,True
757.8000000000001,298.4721812037214,0.8972675422990479,0.9003664760560599,322.0863823524057,False
757.9000000000001,298.4721812037214,0.8991789533634409,0.9000309738174443,322.0943850889489,False
758.0,298.4721812037214,0.9021765477779868,0.899724991893967,322.10071098861164,False
758.1,298.4721812037214,0.898340587235717,0.8994466848468615,322.10562443907946,False
758.2,298.4721812037214,0.895846988969364,0.8991941994479158,322.10935409428765,False
758.3000000000001,298.4721812037214,0.9008051753419951,0.8989657029198787,322.1120971907706,False
758.4000000000001,298.4721812037214,0.8984048471853164,0.8987594049483678,322.11402338424205,False
758.5,298.4721812037214,0.8989384403199479,0.8985735744542458,322.1152781592062,False
758.6,298.4721812037214,0.9038826625589572,0.8984065519841298,322.1159858573803,False
758.7,298.4721812037214,0.8977024280784927,0.8982567584604988,322.1162523650651,False
758.8000000000001,298.4721812037214,0.8945558528312075,0.8981227009301985,322.1161674949877,False
758.9000000000001,298.4721812037214,0.8997553773410041,0.898002975859682,322.1158070942945,False
759.0,298.4721812037214,0.9006284584797182,0.8978962704458135,322.11523490710914,False
759.1,298.4721812037214,0.8980337840555092,0.8978013623413696,322.1145042172453,False
759.2,298.4721812037214,0.8989156813417273,0.8977171181334579,322.1136592941905,False
759.3000000000001,298.4721812037214,0.8984617356633815,0.8976424908599994,322.11273666326906,False
759.4000000000001,298.4721812037214,0.8987787682679435,0.8975765168033285,322.11176621891406,False
759.5,298.4721812037214,0.901184916729443,0.8975183117600609,322.1107721981768,False
759.6,298.4721812037214,0.8941723733080162,0.8974670669519655,322.1097740299691,False
759.7,298.4721812037214,0.8970387101333168,0.8974220447130025,322.108787074034,False
759.8000000000001,298.4721812037214,0.8983540643081386,0.8973825740623727,322.1078232622681,False
759.9000000000001,298.4721812037214,0.8996250932608845,0.8973480462518486,322.1068916537614,False
760.0,298.4721812037214,0.8940584486068438,0.8973179103573455,322.10599891376756,False
760.1,298.4721812037214,0.8975013942448673,0.8972916689692316,322.1051497257618,False
760.2,298.4721812037214,0.8966797783114514,0.8972688740228932,322.1043471447799,False
760.3000000000001,298.4721812037214,0.8953000898420871,0.8972491228002271,322.1035928993535,False
760.4000000000001,299.98735862027377,0.9000065535711343,0.8972320541237426,322.102887648555,False
760.5,299.98735862027377,0.8985436568437544,0.8970892346306898,322.39992951471766,False
760.6,299.98735862027377,0.8992241414876926,0.8967273585247104,322.6618718903871,False
760.7,299.98735862027377,0.8983378733167384,0.8961930242685747,322.8931888941459,False
760.8000000000001,299.98735862027377,0.8961307679535342,0.8955259248977824,323.0976311784191,False
760.9000000000001,299.98735862027377,0.9314220404822524,0.8947597237076667,323.2783770873647,True
761.0,299.98735862027377,0.8907624127306348,0.8939228270454622,323.4381473080174,False
761.1,299.98735862027377,0.8934506043149691,0.8930390652097628,323.5792924928659,False
761.2,299.98735862027377,0.8921344441523309,0.8921282919077493,323.7038607195068,False
761.3000000000001,299.98735862027377,0.8892416013370212,0.8912069118330835,323.8136498069285,False
761.4000000000001,299.98735862027377,0.8903436021318882,0.8902883449332293,323.91024819006293,False
761.5,299.98735862027377,0.8883377122122339,0.8893834349360541,323.99506710416864,False
761.6,299.98735862027377,0.889262266674487,0.8885008087735828,324.06936613892015,False
761.7,299.98735862027377,0.8921903095605189,0.8876471926994732,324.1342737138126,False
761.8000000000001,299.98735862027377,0.8871194815594782,0.8868276901551092,324.1908036496669,False
761.9000000000001,299.98735862027377,0.8872354638530182,0.8860460257949325,324.23986872934006,False
762.0,299.98735862027377,0.8864572215501196,0.885304759527099,324.2822919286043,False
762.1,299.98735862027377,0.8881718132793079,0.8846054739507244,324.31881583735907,False
762.2,299.98735862027377,0.8832330159329789,0.8839489381652584,324.35011066879224,False
762.3000000000001,299.98735862027377,0.8812564145167324,0.883335250580664,324.37678116034107,False
762.4000000000001,299.98735862027377,0.8819525408364111,0.8827639630597499,324.39937259835926,False
762.5,299.98735862027377,0.8801495244129398,0.8822341884680022,324.41837614313806,False
762.6,299.98735862027377,0.8834250370987824,0.8817446934845374,324.4342335884963,False
762.7,299.98735862027377,0.8814802920974087,0.8812939783344634,324.44734165764515,False
762.8000000000001,299.98735862027377,0.877890576873093,0.8808803449330699,324.45805591220864,False
762.9000000000001,299.98735862027377,0.8816238875960754,0.8805019547819287,324.4666943324371,False
763.0,299.98735862027377,0.8769704096275285,0.8801568778229343,324.47354061244147,False
763.1,299.98735862027377,0.8781348682990552,0.8798431333360058,324.4788472036658,False
763.2,299.98735862027377,0.8806347981061949,0.879558723857588,324.4828381319764,False
763.3000000000001,299.98735862027377,0.876021464747837,0.8793016629986093,324.48571160803493,False
763.4000000000001,299.98735862027377,0.8806132304188117,0.8790699979509538,324.48764244652824,False
763.5,299.98735862027377,0.8767462416377674,0.8788618273897428,324.4887843069457,False
763.6,299.98735862027377,0.8744534520927814,0.8786753154040617,324.4892717666166,False
763.7,299.98735862027377,0.8795582963836435,0.8785087020205189,324.48922223539086,False
763.8000000000001,299.98735862027377,0.8797645393286254,0.87836031082169,324.4887377204862,False
763.9000000000001,299.98735862027377,0.8774399474473599,0.8782285541046113,324.4879064494805,False
764.0,299.98735862027377,0.8787632448906805,0.8781119359726717,324.4868043590954,False
764.1,299.98735862027377,0.8756067857154309,0.8780090537071435,324.48549645721346,False
764.2,299.98735862027377,0.8792588069300735,0.8779185977218922,324.4840380654358,False
764.3000000000001,299.98735862027377,0.8816981825001846,0.8778393503661863,324.4824759493842,False
764.4000000000001,299.98735862027377,0.8755763815757853,0.8777701838057395,324.48084934384656,False
764.5,299.98735862027377,0.8755842455842934,0.8777100571808535,324.479190879745,False
764.6,299.98735862027377,0.8765970135632825,0.8776580132125608,324.47752741976075,False
764.7,299.98735862027377,0.880380159553747,0.8776131744027149,324.4758808092722,False
764.8000000000001,299.98735862027377,0.8758778971349415,0.8775747389518177,324.47426854905564,False
764.9000000000001,299.98735862027377,0.8773979866183229,0.8775419764987641,324.472704395961,False
765.0,299.98735862027377,0.876449799002744,0.8775142237694115,324.47119889751286,False
765.1,299.98735862027377,0.8760932343920595,0.8774908802057295,324.46975986610494,False
765.2,299.98735862027377,0.8760831386321536,0.87747140363405,324.4683927981569,False
765.3000000000001,295.0809064205315,0.8787148503850909,0.8774553060194457,324.46710124329485,False
765.4000000000001,295.0809064205315,0.8770376900168572,0.8779174077667445,323.49011226145126,False
765.5,295.0809064205315,0.8831283933499575,0.8791583735550785,322.6179074233763,False
765.6,295.0809064205315,0.8797543825686366,0.8809547681337273,321.85076936658555,False
765.7,295.0809064205315,0.8863118491607642,0.8831287929318709,321.18430401069236,False
765.8000000000001,295.0809064205315,0.8874908306386956,0.8855412118841389,320.6112033274797,False
765.9000000000001,295.0809064205315,0.8861728040905258,0.888084568711707,320.1226093073979,False
766.0,295.0809064205315,0.8928504330916525,0.8906771466687822,319.7090957376391,False
766.1,295.0809064205315,0.8948445302619823,0.8932578196103483,319.3613285792426,False
766.2,295.0809064205315,0.8952044463002525,0.895781780430604,319.07047737631467,False
766.3000000000001,295.0809064205315,0.8977521041669521,0.8982170578203985,318.82844513129413,False
766.4000000000001,295.0809064205315,0.9022200356178602,0.9005417069437512,318.6279724408939,False
766.5,295.0809064205315,0.9028664284445286,0.9027415596938204,318.4626588417273,False
766.6,295.0809064205315,0.9061413608325752,0.9048084315633866,318.3269327739441,False
766.7,295.0809064205315,0.9078984232228894,0.9067386972829593,318.2159922026217,False
766.8000000000001,295.0809064205315,0.9111792399158559,0.9085321625277024,318.1257307896113,False
766.9000000000001,301.49244998441515,0.9093214774707,0.9101911725791116,318.05265928875065,False
767.0,301.49244998441515,0.9095104018922308,0.9113168187377745,319.22639615430654,False
767.1,301.49244998441515,0.9143164306367124,0.9116079725513966,320.225303181247,False
767.2,301.49244998441515,0.9098707146976486,0.9112032320715847,321.08469436135357,False
767.3000000000001,301.49244998441515,0.9129249687902862,0.9102253783939652,321.83099191223994,False
767.4000000000001,301.49244998441515,0.9085462837842263,0.9087820860744652,322.4842393104406,False
767.5,301.49244998441515,0.9055744221512292,0.9069670812768347,323.0598494291767,False
767.6,301.49244998441515,0.9063449398989838,0.9048614768269828,323.5698340087147,False
767.7,301.49244998441515,0.9038857457505127,0.9025351294775675,324.02367824422873,False
767.8000000000001,301.49244998441515,0.9030129451911031,0.9000479363302933,324.42897003918875,False
767.9000000000001,301.49244998441515,0.8954205129557313,0.8974510302181667,324.79185778435425,False
768.0,301.49244998441515,0.8990759552388604,0.8947878587130861,325.11738693391595,False
768.1,301.49244998441515,0.8916450602211783,0.8920951453393886,325.40974994744244,False
768.2,301.49244998441515,0.8889909647633342,0.8894037389130411,325.6724736223583,False
768.3000000000001,301.49244998441515,0.886827415452538,0.8867393604113697,325.9085606942446,False
768.4000000000001,301.49244998441515,0.885066407817363,0.8841232580466176,326.1205976890411,False
768.5,301.49244998441515,0.8807613247408334,0.8815727812530435,326.3108376276203,False
768.6,301.49244998441515,0.8785494428316643,0.8791018836866463,326.4812638200528,False
768.7,301.49244998441515,0.875942776622952,0.8767215644213989,326.63363932014227,False
768.8000000000001,301.49244998441515,0.877326281602942,0.8744402555028311,326.7695454238096,False
768.9000000000001,301.49244998441515,0.8692988921645742,0.872264162998587,326.8904117414321,False
769.0,301.49244998441515,0.8682095568321674,0.8701975677242214,326.997539754683,False
769.1,301.49244998441515,0.8677562665796522,0.8682430909487409,327.0921213142919,False
769.2,301.49244998441515,0.866090125520245,0.8664019296085229,327.17525319897794,False
769.3000000000001,301.49244998441515,0.862125849448623,0.864674064880702,327.24794860439215,False
769.4000000000001,301.49244998441515,0.8615159833861541,0.8630584473830397,327.31114624086985,False
769.5,301.49244998441515,0.8604763951282038,0.8615531617691669,327.3657175735594,False
769.6,301.49244998441515,0.8616192946671275,0.8601555730672326,327.4124726262398,False
769.7,301.49244998441515,0.8597059297305711,0.8588624567574868,327.45216468240125,False
769.8000000000001,301.49244998441515,0.8596326934338204,0.8576701142914411,327.4854941478337,False
769.9000000000001,301.49244998441515,0.8553823489307966,0.8565744755137472,327.51311178364296,False
770.0,301.49244998441515,0.8532402354697937,0.8555711892501833,327.5356214740856,False
770.1,301.49244998441515,0.8561627986239728,0.854655703164178,327.55358265753836,False
770.2,301.49244998441515,0.8526224349731578,0.8538233338538932,327.567512519566,False
770.3000000000001,301.49244998441515,0.8505341209726003,0.8530693280564637,327.577888023136,False
770.4000000000001,301.49244998441515,0.8510049604536909,0.8523889157407184,327.5851478315695,False
770.5,301.49244998441515,0.8518089065398136,0.8517773558003944,327.5896941640607,False
770.6,301.49244998441515,0.8473067369730913,0.8512299750028636,327.59189461094263,False
770.7,301.49244998441515,0.8498796416797804,0.8507422008009032,327.5920839258405,False
770.8000000000001,301.49244998441515,0.8524917976676605,0.85030958857445,327.59056580402694,False
770.9000000000001,301.49244998441515,0.8489019763302968,0.849927843833739,327.58761465033376,False
771.0,301.49244998441515,0.8509918639360474,0.8495928398831802,327.5834773355814,False
771.1,301.49244998441515,0.852101708145172,0.849300631415636,327.5783749373944,False
771.2,301.49244998441515,0.849698594842901,0.849047464478578,327.5725044592547,False
771.3000000000001,301.49244998441515,0.8488834385469638,0.8488297832263805,327.56604052048704,False
771.4000000000001,301.49244998441515,0.8486287808935891,0.848644233846358,327.5591370094086,False
771.5,301.49244998441515,0.8528968826560956,0.8484876660199105,327.5519286919319,False
771.6,301.49244998441515,0.8489712642216675,0.8483571322542137,327.5445327683717,False
771.7,301.49244998441515,0.8494550664993369,0.8482498853943159,327.53705037193834,False
771.8000000000001,301.49244998441515,0.8500893666520113,0.8481633746003565,327.52956800332146,False
771.9000000000001,301.49244998441515,0.847302241937238,0.8480952400500136,327.52215889679024,False
772.0,301.49244998441515,0.8498164324630622,0.8480433066023714,327.51488431430147,False
772.1,301.49244998441515,0.8440575937242032,0.8480055766362895,327.5077947651621,False
772.2,301.49244998441515,0.8488494665881092,0.8479802222542026,327.5009311498058,False
772.3000000000001,301.49244998441515,0.8491885997582879,0.8479655770211804,327.4943258271821,False
772.4000000000001,301.49244998441515,0.8482805588343746,0.8479601273891393,327.48800360610693,False
772.5,301.49244998441515,0.846657757922041,0.8479625039373799,327.48198266167566,False
772.6,301.49244998441515,0.8476197049142018,0.8479714725431862,327.4762753784834,False
772.7,301.49244998441515,0.8507324376487788,0.8479859255800823,327.4708891229414,False
772.8000000000001,298.20854103232654,0.8492160505904612,0.848004873226516,327.465826947417,False
772.9000000000001,298.20854103232654,0.8493194957047668,0.8484224612054998,326.79293945781296,False
773.0,298.20854103232654,0.8492645833284901,0.8495183670150923,326.16354614552847,False
773.1,298.20854103232654,0.8488354019090512,0.8511363908738144,325.5833898212743,False
773.2,298.20854103232654,0.8516012766413156,0.8531421360719145,325.0553685011289,False
773.3000000000001,298.20854103232654,0.854763967493796,0.8554220492487611,324.58008423178063,False
773.4000000000001,298.20854103232654,0.8587134510977842,0.8578817693964593,324.15639297851243,False
773.5,298.20854103232654,0.8627916520253395,0.8604441158811584,323.7819054541671,False
773.6,298.20854103232654,0.8585080019743984,0.8630469556207594,323.4534132219813,False
773.7,298.20854103232654,0.8637811949876896,0.8656411090827436,323.167232106627,False
773.8000000000001,298.20854103232654,0.8684815666858253,0.8681883912960942,322.91946615773156,False
773.9000000000001,298.20854103232654,0.874386156429077,0.8706598381685469,322.70620145933964,False
774.0,298.20854103232654,0.8702467558623637,0.8730341374661094,322.52364151981226,False
774.1,298.20854103232654,0.87441013809167,0.8752962643493833,322.36819616332554,False
774.2,298.20854103232654,0.8800173494553186,0.8774363100689939,322.23653479330477,False
774.3000000000001,298.20854103232654,0.8806454801298073,0.8794484866248518,322.12561329650043,False
774.4000000000001,298.20854103232654,0.8771634847827707,0.8813302879046209,322.03268212579763,False
774.5,298.20854103232654,0.8790211126296914,0.8830817876467709,321.95528147283073,False
774.6,298.20854103232654,0.8832282293985829,0.88470505559601,321.8912280266993,False
774.7,301.8870614177333,0.8830053581577881,0.8862036748397658,321.8385966462916,False
774.8000000000001,301.8870614177333,0.8870653976719197,0.8872788211177041,322.5169889232523,False
774.9000000000001,301.8870614177333,0.889936565479277,0.8877056979524515,323.1180426057754,False
775.0,301.8870614177333,0.8874123267898605,0.8875890499274229,323.6541967162686,False
775.1,301.8870614177333,0.8874367873651053,0.8870204717903205,324.1351830386052,False
775.2,301.8870614177333,0.8835170450569634,0.8860798615788158,324.56870783570093,False
775.3000000000001,301.8870614177333,0.883197526467907,0.8848367673581979,324.9609463477528,False
775.4000000000001,301.8870614177333,0.8846369383960073,0.8833516083446702,325.31690535683856,False
775.5,301.8870614177333,0.8827230923783832,0.8816767670711982,325.6406917658953,False
775.6,301.8870614177333,0.8818527173976598,0.8798575578062774,325.935713504478,False
775.7,301.8870614177333,0.8789911245694917,0.8779330806481549,326.2048311941091,False
775.8000000000001,301.8870614177333,0.8785042690088248,0.8759369724094779,326.45047361896496,False
775.9000000000001,301.8870614177333,0.8707041509829482,0.8738980656863204,326.6747263283237,False
776.0,301.8870614177333,0.8742339495350204,0.8718409670252604,326.87940010427644,False
776.1,301.8870614177333,0.8647330324166633,0.869786564248584,327.0660842032481,False
776.2,301.8870614177333,0.8689157198131853,0.8677524719958847,327.23618798332456,False
776.3000000000001,301.8870614177333,0.8700903072884248,0.8657534235143504,327.3909735999721,False
776.4000000000001,301.8870614177333,0.8630130013319168,0.8638016157470696,327.5315817806906,False
776.5,301.8870614177333,0.8627983091660262,0.8619070138614814,327.65905219911406,False
776.6,301.8870614177333,0.8597760746269,0.8600776205417805,327.7743396088451,False
776.7,301.8870614177333,0.8561389495374607,0.8583197146418078,327.8783266303821,False
776.8000000000001,301.8870614177333,0.8563328242888183,0.8566380631550496,327.97183388511615,False
776.9000000000001,301.8870614177333,0.8558279843756572,0.8550361098993683,328.0556280202384,False
777.0,301.8870614177333,0.8537823604300735,0.8535161438284329,328.1304280543842,False
777.1,301.8870614177333,0.8531934834952593,0.8520794494618205,328.1969103864779,False
777.2,301.8870614177333,0.8503100510083541,0.850726441564026,328.2557127426576,False
777.3000000000001,292.94613679667106,0.8461783004416283,0.8494567858923738,328.30743728332976,False
777.4000000000001,292.94613679667106,0.8522138117094764,0.8493906218492807,326.5246989570976,False
777.5,292.94613679667106,0.851084335177773,0.8512201043755864,324.8601746832192,False
777.6,292.94613679667106,0.8518824984698704,0.8543848729152129,323.35409607640827,False
777.7,292.94613679667106,0.8567299918851449,0.8584371583236395,322.02476155697036,False
777.8000000000001,292.94613679667106,0.8613997018400085,0.86303245411869,320.87414611523474,False
777.9000000000001,292.94613679667106,0.8672570240694815,0.8679131065669908,319.8935033679841,False
778.0,292.94613679667106,0.8730174281732235,0.8728908415898698,319.06796117291924,False
778.1,292.94613679667106,0.876396018616487,0.8778310892588032,318.37986364188447,False
778.2,292.94613679667106,0.8788206066304356,0.8826400469298978,317.81098662405816,False
778.3000000000001,292.94613679667106,0.8860133473641806,0.8872544738161875,317.34388020942885,False
778.4000000000001,292.94613679667106,0.8948955920722852,0.8916338386353568,316.9625935349916,False
778.5,292.94613679667106,0.9123566033280481,0.8957543581539762,316.6529913863064,True
778.6,292.94613679667106,0.9019079418328697,0.8996045012959692,316.4028174951378,False
778.7,292.94613679667106,0.9008634932506352,0.9031816081942143,316.20161169441303,False
778.8000000000001,292.94613679667106,0.9066743450712983,0.9064893501828789,316.0405514099378,False
778.9000000000001,292.94613679667106,0.9091696982690347,0.9095358223710756,315.9122617621142,False
779.0,292.94613679667106,0.9170184007972078,0.9123321124298565,315.8106207191337,False
779.1,292.94613679667106,0.9181572788701661,0.914891228813304,315.7305740610403,False
779.2,292.94613679667106,0.9138185882842699,0.9172273011845181,315.6679675203708,False
779.3000000000001,292.94613679667106,0.9183990717517041,0.919354987679357,315.61939895548727,False
779.4000000000001,292.94613679667106,0.9236931707708749,0.9212890397810888,315.58209078746034,False
779.5,292.94613679667106,0.9208032652233523,0.9230439875213444,315.55378150494766,False
779.6,292.94613679667106,0.9200255140039919,0.924633916602275,315.5326343566742,False
779.7,292.94613679667106,0.925761408143854,0.9260723156802909,315.51716110960774,False
779.8000000000001,292.94613679667106,0.9287414570247743,0.9273719770618335,315.50615876222736,False
779.9000000000001,292.94613679667106,0.9286406735991203,0.9285449378675332,315.49865724741306,False
780.0,292.94613679667106,0.9290318997794241,0.9296024516333594,315.4938763659278,False
780.1,292.94613679667106,0.9331403212325291,0.9305549825611054,315.4911904166426,False
780.2,292.94613679667106,0.9319793947678393,0.9314122163696439,315.4900992097228,False
780.3000000000001,292.94613679667106,0.9307498028212384,0.9321830830532138,315.49020435168916,False
780.4000000000001,292.94613679667106,0.9320349475926779,0.9328757879128535,315.49118987130265,False
780.5,292.94613679667106,0.9326471016240466,0.9334978480587659,315.49280641134703,False
780.6,292.94613679667106,0.9357707153147936,0.9340561322353709,315.49485834453276,False
780.7,295.60780518741063,0.9352628855412701,0.9345569023355516,315.4971932839834,False
780.8000000000001,295.60780518741063,0.931608690842809,0.9348694858859613,316.0053134122818,False
780.9000000000001,295.60780518741063,0.9359414917024929,0.934907351444617,316.4244834524721,False
781.0,295.60780518741063,0.9321714709552114,0.9347335387514789,316.771400669609,False
781.1,295.60780518741063,0.9335307465705616,0.9344002816170017,317.05922906218063,False
781.2,295.60780518741063,0.9367395157001626,0.9339504640362146,317.2984579962163,False
781.3000000000001,295.60780518741063,0.930074130718701,0.933418973776665,317.4975258263193,False
781.4000000000001,295.60780518741063,0.9313595882544772,0.9328339231429633,317.6632785070561,False
781.5,295.60780518741063,0.931292987689039,0.9322177279938123,317.80131111343695,False
781.6,295.60780518741063,0.9291395264126852,0.9315880480217215,317.9162253669759,False
781.7,295.60780518741063,0.9333155736154486,0.9309585975428522,318.01182623925826,False
781.8000000000001,295.60780518741063,0.9292166894851078,0.9303398389040715,318.0912738683686,False
781.9000000000001,295.60780518741063,0.8957559717353605,0.9297395715147652,318.1572023209158,True
782.0,295.60780518741063,0.9287861774290134,0.929163429319619,318.211813470698,False
782.1,295.60780518741063,0.9303381374809381,0.9286152987489795,318.25695198279,False
782.2,295.60780518741063,0.9289086746661007,0.9280976681308265,318.2941657824741,False
782.3000000000001,295.60780518741063,0.9298723413794543,0.9276119183972862,318.32475524412945,False
782.4000000000001,295.60780518741063,0.9250250761739197,0.9271585637711615,318.349813515028,False
782.5,295.60780518741063,0.9260726870338207,0.9267374500293665,318.37025979634024,False
782.6,293.92950724983586,0.9281486682077182,0.9263479169380032,318.38686697179094,False
782.7,293.92950724983586,0.9272347387282064,0.9260949790462446,318.07755448027444,False
782.8000000000001,293.92950724983586,0.9273337987630188,0.9260433951805026,317.8171035060032,False
782.9000000000001,293.92950724983586,0.9265046324109389,0.9261414501097633,317.5986528418529,False
783.0,293.92950724983586,0.9248032144125069,0.9263482600624376,317.4160524740129,False
783.1,293.92950724983586,0.9270790274653204,0.9266316619757249,317.26387793731215,False
783.2,293.92950724983586,0.9265554427252595,0.9269665023283014,317.137403399114,False
783.3000000000001,293.92950724983586,0.9281518567105808,0.9273332521129654,317.0325511301114,False
783.4000000000001,293.92950724983586,0.9262629088120702,0.9277168866823713,316.94582934152214,False
783.5,293.92950724983586,0.9262313778465473,0.9281059801835451,316.87426620895184,False
783.6,293.92950724983586,0.9279588043302904,0.9284919736900029,316.8153449541251,False
783.7,293.92950724983586,0.9307874582384311,0.9288685839372729,316.76694282351195,False
783.8000000000001,293.92950724983586,0.9317296329303512,0.9292313259357103,316.7272754421589,False
783.9000000000001,293.92950724983586,0.927955032883283,0.9295771278778107,316.694847137027,False
784.0,293.92950724983586,0.9310212026400981,0.9299040209017849,316.66840727284347,False
784.1,293.92950724983586,0.9309872356572338,0.9302108896011763,316.64691231761395,False
784.2,293.92950724983586,0.926806816774043,0.9304972718455705,316.62949317918174,False
784.3000000000001,293.92950724983586,0.9295963325839046,0.9307631986307497,316.6154272755627,False
784.4000000000001,293.92950724983586,0.9326899243207011,0.9310090664133954,316.6041147839059,False
784.5,293.92950724983586,0.9330476484658033,0.9312355357895558,316.5950585313262,False
784.6,293.92950724983586,0.9294726933251376,0.9314434515140008,316.5878470293281,False
784.7,293.92950724983586,0.9313613345890897,0.9316337797818898,316.582140201621,False
784.8000000000001,293.92950724983586,0.9297840687030414,0.9318075594465288,316.57765740623466,False
784.9000000000001,293.92950724983586,0.929299211774193,0.9319658644604897,316.5741674030331,False
785.0,293.92950724983586,0.9309802874740265,0.9321097753283883,316.57147996475413,False
785.1,293.92950724983586,0.9335461722056132,0.9322403577692552,316.569438872458,False
785.2,293.92950724983586,0.9305494762632949,0.9323586471216493,316.5679160743287,False
785.3000000000001,293.92950724983586,0.9319680407266873,0.9324656372991241,316.5668068201489,False
785.4000000000001,293.92950724983586,0.9294054638972464,0.9325622733284155,316.5660256127104,False
785.5,293.92950724983586,0.932079830375775,0.9326494466867732,316.5655028423089,False
785.6,293.92950724983586,0.9284725868159635,0.9327279928055204,316.5651819917282,False
785.7,293.92950724983586,0.9327647227317135,0.9327986902301695,316.5650173171904,False
785.8000000000001,293.92950724983586,0.9369605099704922,0.9328622610281495,316.56497192604394,False
785.9000000000001,293.92950724983586,0.9123406995721507,0.9329193721174258,316.5650161848726,True
786.0,293.92950724983586,0.93193393240333,0.932970637256295,316.56512640257495,False
786.1,293.92950724983586,0.9352431430019883,0.9330166194891637,316.56528374209677,False
786.2,293.92950724983586,0.9316265998458599,0.9330578338873602,316.56547332215723,False
786.3000000000001,293.92950724983586,0.9356213151257123,0.9330947504598606,316.5656834767256,False
786.4000000000001,293.92950724983586,0.9332613466125967,0.9331277971377253,316.56590514537527,False
786.5,293.92950724983586,0.9325478669742711,0.9331573627593015,316.5661313721314,False
786.6,293.92950724983586,0.9357092681576713,0.933183800001873,316.56635689417834,False
786.7,293.92950724983586,0.9316401315130977,0.9332074282202938,316.56657780492475,False
786.8000000000001,293.92950724983586,0.9340794627008931,0.9332285361649048,316.56679127853755,False
786.9000000000001,293.92950724983586,0.9318779332542839,0.933247384560295,316.56699534523483,False
787.0,293.92950724983586,0.9314965288493499,0.9332642085337041,316.56718870844395,False
787.1,295.9910414594923,0.9364757393565867,0.9332792198874406,316.56737059644615,False
787.2,295.9910414594923,0.9328808584483399,0.9331776271558401,316.9609856197999,False
787.3000000000001,295.9910414594923,0.9321743661357861,0.932882486313467,317.28822964819204,False
787.4000000000001,295.9910414594923,0.9365798420123407,0.932443242135763,317.56090285607604,False
787.5,295.9910414594923,0.9332530708602678,0.9319004326074938,317.7884599460992,False
787.6,295.9910414594923,0.9353800190966902,0.931286990229114,317.9785481771786,False
787.7,295.9910414594923,0.933089335653659,0.9306294071405715,318.13740470127675,False
787.8000000000001,295.9910414594923,0.9317394411953922,0.9299487608117543,318.27015365705756,False
787.9000000000001,295.9910414594923,0.9276364192068919,0.929261606088397,318.38103107469783,False
788.0,295.9910414594923,0.9312519602997189,0.9285807439276053,318.47355723088236,False
788.1,295.9910414594923,0.9266778910269536,0.9279158790541917,318.5506703286371,False
788.2,295.9910414594923,0.9291208221136403,0.9272741791709691,318.6148313957013,False
788.3000000000001,295.9910414594923,0.9270387633915648,0.9266607479156979,318.66810752050344,False
788.4000000000001,295.9910414594923,0.9286661741733109,0.9260790228962752,318.7122385961779,False
788.5,295.9910414594923,0.9274917187009976,0.9255311090852757,318.74869136327186,False
788.6,295.9910414594923,0.9229249254680973,0.9250180567531037,318.7787035573021,False
788.7,295.9910414594923,0.926462794560882,0.9245400920424945,318.8033202595323,False
788.8000000000001,295.9910414594923,0.9232576001416474,0.9240968072765242,318.82342403659936,False
788.9000000000001,295.9910414594923,0.9249544443031913,0.9236873171669222,318.83976008025445,False
789.0,295.9910414594923,0.9238701643292032,0.9233103862561017,318.8529572829153,False
789.1,295.9910414594923,0.922551351303132,0.9229645321845347,318.863545980106,False
789.2,295.9910414594923,0.9224234165224102,0.9226481087205681,318.87197293749927,False
789.3000000000001,295.9910414594923,0.9235339797487303,0.9223593719161541,318.87861404418624,False
789.4000000000001,295.9910414594923,0.9238517486286068,0.9220965322519887,318.8837850849724,False
789.5,295.9910414594923,0.9239504380415738,0.921857795201813,318.88775089578064,False
789.6,295.9910414594923,0.9195203471419072,0.9216413922708556,318.89073315245315,False
789.7,295.9910414594923,0.9218443877489053,0.9214456042407587,318.892917000653,False
789.8000000000001,295.9910414594923,0.923133019736654,0.9212687780765115,318.89445670045,False
789.9000000000001,295.9910414594923,0.9264744534511316,0.9211093387141522,318.8954804315436,False
790.0,295.9910414594923,0.920385025783385,0.9209657967461135,318.89609438246015,False
790.1,295.9910414594923,0.9206367587988874,0.9208367528494462,318.8963862283868,False
790.2,295.9910414594923,0.9237771933065291,0.9207208996566517,318.8964280867377,False
790.3000000000001,295.9910414594923,0.9195892654438798,0.9206170216458555,318.89627902649335,False
790.4000000000001,295.9910414594923,0.9197080347456245,0.9205239935234003,318.8959871963279,False
790.5,295.9910414594923,0.9235325684797822,0.9204407774848345,318.89559162718564,False
790.6,295.9910414594923,0.922048306941866,0.9203664196673009,318.89512375699724,False
790.7,295.9910414594923,0.9217931766691447,0.9203000460454122,318.8946087184144,False
790.8000000000001,295.9910414594923,0.9203853240680312,0.9202408579720002,318.8940664246071,False
790.9000000000001,295.9910414594923,0.9178918867927597,0.92018812752309,318.8935124831585,False
791.0,295.9910414594923,0.9202529708309443,0.9201411927717451,318.89295896379093,False
791.1,295.9910414594923,0.9199128472011758,0.9200994530868837,318.89241504195684,False
791.2,295.9910414594923,0.9165653182861434,0.920062364529816,318.89188753714785,False
791.3000000000001,295.9910414594923,0.9196842438428938,0.9200294354022439,318.89138136203945,False
791.4000000000001,295.9910414594923,0.9197270783377232,0.9200002219840859,318.8908998962371,False
791.5,295.9910414594923,0.921078892865347,0.919974324487146,318.89044529636783,False
791.6,295.9910414594923,0.9193976082471564,0.9199513832408035,318.8900187525263,False
791.7,295.9910414594923,0.9214299408396257,0.9199310751181451,318.889620699595,False
791.8000000000001,295.9910414594923,0.9190267037255577,0.9199131102049137,318.8892509906799,False
791.9000000000001,295.9910414594923,0.9228359581153335,0.9198972287090097,318.88890903881014,False
792.0,295.9910414594923,0.9246626720024016,0.9198831981047846,318.888593932114,False
792.1,295.9910414594923,0.9182517352921052,0.9198708105038138,318.88830452688205,False
792.2,295.9910414594923,0.9223228197548854,0.9198598802420186,318.88803952224595,False
792.3000000000001,295.9910414594923,0.9215431346900342,0.9198502416718088,318.88779751961937,False
792.4000000000001,295.9910414594923,0.9218434964863795,0.9198417471471872,318.88757706954874,False
792.5,295.9910414594923,0.9194742179357993,0.9198342651894086,318.88737670820166,False
792.6,295.9910414594923,0.9201298337162391,0.9198276788207258,318.88719498536074,False
792.7,295.9910414594923,0.920638728399831,0.9198218840539243,318.8870304854868,False
792.8000000000001,295.9910414594923,0.9202695281651648,0.919816788525673,318.88688184315646,False
792.9000000000001,295.9910414594923,0.9228107368676277,0.9198123102621776,318.88674775396316,False
793.0,295.9910414594923,0.924425464973322,0.9198083765661588,318.8866269817836,False
793.1,295.6288541574333,0.9187676038905044,0.9198049230147699,318.8865183631593,False
793.2,295.6288541574333,0.9174127202300377,0.919825732119964,318.8165866823507,False
793.3000000000001,295.6288541574333,0.9180154349874995,0.9198862512247898,318.757395911174,False
793.4000000000001,295.6288541574333,0.9229344979047457,0.9199757652850327,318.70739699326947,False
793.5,295.6288541574333,0.9210784038313538,0.920085677844608,318.665245671737,False
793.6,295.6288541574333,0.9204527587588566,0.9202091403874882,318.62977989283957,False
793.7,295.6288541574333,0.9174518957956277,0.9203407424968765,318.59999840435694,False
793.8000000000001,295.6288541574333,0.9199411058771514,0.9204762532365446,318.57504094724345,False
793.9000000000001,295.6288541574333,0.920011339713215,0.920612405627347,318.554170230173,False
794.0,295.6288541574333,0.9241955973640015,0.9207467173423279,318.5367557361833,False
794.1,295.6288541574333,0.921000147346798,0.9208773418102173,318.5222593198645,False
794.2,295.6288541574333,0.9232628641094871,0.9210029448229604,318.510222497947,False
794.3000000000001,295.6288541574333,0.9202982835811248,0.9211226025114619,318.50025530513125,False
794.4000000000001,295.6288541574333,0.9227890208041855,0.9212357172039871,318.49202657266727,False
794.5,295.6288541574333,0.9209553535398723,0.9213419482316162,318.48525548393485,False
794.6,295.6288541574333,0.9229708985635394,0.9214411552098907,318.4797042650835,False
794.7,295.6288541574333,0.9235058673095391,0.9215333517183488,318.4751718768594,False
794.8000000000001,295.6288541574333,0.9188362120218204,0.9216186676311098,318.47148858414363,False
794.9000000000001,295.6288541574333,0.9243652464747647,0.9216973186314581,318.46851129115475,False
795.0,295.6288541574333,0.9255405015643209,0.9217695816794824,318.4661195418739,False
795.1,295.6288541574333,0.9251839091760042,0.9218357754009909,318.4642120964975,False
795.2,295.6288541574333,0.9223072413676487,0.9218962445338635,318.46270400529204,False
795.3000000000001,295.6288541574333,0.9239834479855135,0.9219513477095482,318.46152411095005,False
795.4000000000001,295.6288541574333,0.9226286492079683,0.9220014479666335,318.4606129193471,False
795.5,295.6288541574333,0.921498501288476,0.9220469054937944,318.4599207864847,False
795.6,295.6288541574333,0.9204767151709742,0.9220880721838264,318.45940637639035,False
795.7,295.6288541574333,0.9208274658845228,0.9221252876514281,318.45903535090616,False
795.8000000000001,295.6288541574333,0.9226487781412159,0.9221588764269552,318.45877925768815,False
795.9000000000001,295.6288541574333,0.9222443133156654,0.9221891460883134,318.45861458744133,False
796.0,295.6288541574333,0.9244349386492634,0.9222163861349991,318.458521975502,False
796.1,295.6288541574333,0.9210416080387175,0.9222408674432783,318.4584855264161,False
796.2,295.6288541574333,0.9239948347903044,0.9222628421707173,318.4584922432225,False
796.3000000000001,295.6288541574333,0.9190411167156557,0.9222825440026323,318.4585315457862,False
796.4000000000001,295.6288541574333,0.8971148033637224,0.9223001886532901,318.45859486479605,True
796.5,295.6288541574333,0.9218090905686728,0.9223159745515148,318.4586752999965,False
796.6,295.6288541574333,0.9239985843114994,0.9223300836542934,318.45876733289344,False
796.7,295.6288541574333,0.9258976970823359,0.9223426823434773,318.4588665856161,False
796.8000000000001,295.6288541574333,0.920047690553219,0.9223539223701631,318.4589696188443,False
796.9000000000001,295.6288541574333,0.9204904932421722,0.9223639418191125,318.4590737627674,False
797.0,295.6288541574333,0.9216020286439488,0.9223728660719371,318.4591769759387,False
797.1,295.6288541574333,0.9156781169298939,0.922380808752954,318.4592777276644,False
797.2,295.6288541574333,0.9244553327571516,0.9223878726458171,318.4593749002188,False
797.3000000000001,295.6288541574333,0.9222955470550946,0.9223941505724096,318.4594677077427,False
797.4000000000001,295.6288541574333,0.9261192441426711,0.9223997262281918,318.4595556291592,False
797.5,294.19228174747434,0.9204678316761113,0.9224046749703446,318.45963835284863,False
797.6,294.19228174747434,0.9221970213419346,0.922500059859238,318.1834250006965,False
797.7,294.19228174747434,0.9196041660572167,0.9227429023243474,317.9511795160013,False
797.8000000000001,294.19228174747434,0.918339256190987,0.923090432362119,317.7566232913075,False
797.9000000000001,294.19228174747434,0.9220472997080229,0.923509123123596,317.5941728012061,False
798.0,294.19228174747434,0.9264798066263137,0.9239728777029158,317.45893066306076,False
798.1,294.19228174747434,0.9219504278211027,0.9244615584362442,317.3466470433348,False
798.2,294.19228174747434,0.9294874631227101,0.9249597957333369,317.253665026872,False
798.3000000000001,294.19228174747434,0.9270493429292919,0.9254560241790689,317.17685905179513,False
798.4000000000001,294.19228174747434,0.9251416451067396,0.9259417030738101,317.1135722497057,False
798.5,294.19228174747434,0.9253843811680733,0.926410686562185,317.06155624248356,False
798.6,294.19228174747434,0.9292577164305567,0.926858715086445,317.0189153847391,False
798.7,294.19228174747434,0.9261435816018757,0.9272830052791124,316.98405640609326,False
798.8000000000001,294.19228174747434,0.9271107548442575,0.9276819197613299,316.9556437439486,False
798.9000000000001,294.19228174747434,0.9314836745706314,0.9280547018257329,316.93256045069813,False
799.0,294.19228174747434,0.9304836910419828,0.9284012628145084,316.913874326011,False
799.1,294.19228174747434,0.9289400336502763,0.9287220122878772,316.89880880590454,False
799.2,294.19228174747434,0.9289139607210815,0.9290177229241059,316.88671809469616,False
799.3000000000001,294.19228174747434,0.9325260287045574,0.9292894235865296,316.8770660255612,False
799.4000000000001,294.19228174747434,0.9315443235745478,0.9295383152055213,316.86940816146716,False
799.5,294.19228174747434,0.932112721616077,0.9297657051091854,316.8633766883257,False
799.6,294.19228174747434,0.9270641026198551,0.9299729562397355,316.85866769834826,False
799.7,294.19228174747434,0.9315012048162744,0.9301614483480538,316.85503050888235,False
799.8000000000001,294.19228174747434,0.9322241985566767,0.930332548794744,316.852258707517,False
799.9000000000001,294.19228174747434,0.9313666092075019,0.9304875910244707,316.850182656387,False
